Index,Time,Difference,Hz,AveHz,0x6165 Range,0x6165 Smoothed Range,0x6165 Velocity,
0,0.0009999275207519531,0.0009999275207519531,1000.072484501669,0.0,4433,4433.0,,
1,0.03399968147277832,0.03299975395202637,30.303256244084647,29.41204025104309,4429,4432.2,-4.848520999054646,
2,0.06499981880187988,0.031000137329101562,32.25792161447117,30.769316543727925,4448,4435.360000000001,16.508189661106996,
3,0.09399986267089844,0.029000043869018555,34.48270645784519,31.91494024308585,4415,4431.2880000000005,-14.876164410384332,
4,0.13699984550476074,0.042999982833862305,23.25582323750381,29.19711321762768,4424,4429.830400000001,-18.680469118503318,
5,0.1699998378753662,0.03299999237060547,30.303037308903853,29.4117927551537,4419,4427.664320000001,-28.072135905616538,
6,0.19999980926513672,0.029999971389770508,33.33336512250753,30.000028610256777,4433,4428.731456000001,-15.343461939814969,
7,0.23099970817565918,0.03099989891052246,32.2581697084362,30.303068585164567,4410,4424.985164800001,-36.44446901321676,
8,0.2609999179840088,0.03000020980834961,33.33310021457522,30.65135062797281,4424,4424.788131840001,-30.46911909082354,
9,0.28999972343444824,0.028999805450439453,34.482989953466955,31.034512355438046,4438,4427.430505472002,-6.151906591544559,
10,0.31999993324279785,0.03000020980834961,33.33310021457522,31.250006519259383,4443,4430.5444043776015,15.83765558244756,
11,0.3489997386932373,0.028999805450439453,34.482989953466955,31.518648240790647,4424,4429.235523502081,3.643299249789001,
12,0.37799978256225586,0.029000043869018555,34.48270645784519,31.746050007379626,4415,4426.3884188016655,-16.720535728007434,
13,0.40799999237060547,0.03000020980834961,33.33310021457522,31.862745693856514,4410,4423.110735041333,-35.22750083337485,
14,0.4369997978210449,0.028999805450439453,34.482989953466955,32.03662809412355,4410,4420.488588033067,-46.26589445521289,
15,0.4659998416900635,0.029000043869018555,34.48270645784519,32.18885213694236,4424,4421.190870426453,-32.16939603983723,
16,0.49499964714050293,0.028999805450439453,34.482989953466955,32.323255364783094,4419,4420.752696341163,-28.757427348058055,
17,0.5239996910095215,0.029000043869018555,34.48270645784519,32.44276722234002,4419,4420.40215707293,-25.42345041613001,
18,0.5519998073577881,0.0280001163482666,35.71413731150109,32.60870703227074,4429,4422.121725658344,-8.056178617700285,
19,0.5799996852874756,0.0279998779296875,35.714441416893735,32.758638464747946,4424,4422.497380526675,-3.7616821365619226,
20,0.6069996356964111,0.026999950408935547,37.0371050633135,32.94894893479464,4429,4423.797904421341,6.624182315563953,
21,0.6369998455047607,0.03000020980834961,33.33310021457522,32.96704096271724,4438,4426.638323537073,24.235340859671822,
22,0.6649997234344482,0.0279998779296875,35.714441416893735,33.08272052562535,4410,4423.310658829659,-4.380864561866126,
23,0.6929998397827148,0.0280001163482666,35.71413731150109,33.18904086213279,4401,4418.8485270637275,-35.37692896758838,
24,0.7229995727539062,0.029999732971191406,33.333630034650476,33.195040363003216,4419,4418.878821650982,-28.0995774613519,
25,0.7519998550415039,0.029000282287597656,34.482422966884805,33.244687259441314,,4418.878821650982,-28.0995774613519,
26,0.803999662399292,0.051999807357788086,19.23084047445473,32.338322036617434,4415,4418.103057320786,-25.46338198503455,
27,0.8379998207092285,0.03400015830993652,29.411627760208123,32.219577299132304,4401,4414.682445856629,-40.491855807247504,
28,0.8679995536804199,0.029999732971191406,33.333630034650476,32.25808110301061,4396,4410.945956685303,-57.30363417888944,
29,0.9189996719360352,0.051000118255615234,19.607797671918096,31.556050437870535,4405,4409.756765348242,-50.506391969169314,
30,0.9479997158050537,0.029000043869018555,34.48270645784519,31.645579107081915,4401,4408.005412278594,-52.48339233627803,
31,0.9789996147155762,0.03099989891052246,32.2581697084362,31.664976710952306,,4408.005412278594,-52.48339233627803,
32,0.9919998645782471,0.013000249862670898,76.92159847415041,32.25806891980266,,4408.005412278594,-52.48339233627803,
33,1.0079998970031738,0.016000032424926758,62.499873340386536,32.738098583254214,4415,4409.404329822875,-24.500280002778812,
34,1.053999662399292,0.045999765396118164,21.739241306747797,32.25807484852837,,4409.404329822875,-24.500280002778812,
35,1.0719997882843018,0.018000125885009766,55.55516702429203,32.64926017944115,4410,4409.523463858301,-18.27652175495691,
36,1.1019997596740723,0.029999971389770508,33.33336512250753,32.66788371228626,4405,4408.618771086641,-20.652508300252343,
37,1.1319997310638428,0.029999971389770508,33.33336512250753,32.68552013278991,4396,4406.0950168693125,-33.34705080133525,
38,1.1619997024536133,0.029999971389770508,33.33336512250753,32.70224589538305,4415,4407.87601349545,-14.804318476869177,
39,1.1909997463226318,0.029000043869018555,34.48270645784519,32.74559891420432,4401,4406.50081079636,-21.32759698004424,
40,1.2209997177124023,0.029999971389770508,33.33336512250753,32.76004033395011,4401,4405.400648637088,-24.39649897383309,
41,1.249999761581421,0.029000043869018555,34.48270645784519,32.80000625610471,4429,4410.120518909671,13.033581046649601,
42,1.2789998054504395,0.029000043869018555,34.48270645784519,32.83815980347894,4419,4411.896415127737,22.67440643475321,
43,1.307999610900879,0.028999805450439453,34.482989953466955,32.874627516428646,4433,4416.11713210219,47.24811335310306,
44,1.3369998931884766,0.029000282287597656,34.482422966884805,32.90950150719072,4433,4419.4937056817525,61.08497835233767,
45,1.365999698638916,0.028999805450439453,34.482989953466955,32.94290624283304,4452,4425.994964545402,93.70455149789032,
46,1.3949997425079346,0.029000043869018555,34.48270645784519,32.974916480845415,4410,4422.795971636322,52.90165450940819,
47,1.4239997863769531,0.029000043869018555,34.48270645784519,33.00562292890571,4438,4425.836777309058,63.2923654891849,
48,1.4539997577667236,0.029999971389770508,33.33336512250753,33.01238514215833,4429,4426.469421847246,54.851526668186,
49,1.4829998016357422,0.029000043869018555,34.48270645784519,33.04113725838211,4429,4426.975537477797,47.371668678952226,
50,1.5119998455047607,0.029000043869018555,34.48270645784519,33.06878644773153,4438,4429.180429982238,53.103467143510045,
51,1.5409998893737793,0.029000043869018555,34.48270645784519,33.095394978078176,4419,4427.14434398579,28.4408225671218,
52,1.5699996948242188,0.028999805450439453,34.482989953466955,33.12102554632793,4429,4427.515475188632,25.312200761499493,
53,1.5989997386932373,0.029000043869018555,34.48270645784519,33.145721489181476,4429,4427.8123801509055,22.29737794118986,
54,1.6289997100830078,0.029999971389770508,33.33336512250753,33.149177170355884,4452,4432.649904120724,50.08809290792301,
55,1.6599996089935303,0.03099989891052246,32.2581697084362,33.13253792472089,4448,4435.7199232965795,59.87711424291601,
56,1.6899998188018799,0.03000020980834961,33.33310021457522,33.13609822733651,4429,4434.375938637264,38.941856327169496,
57,1.7179996967315674,0.0279998779296875,35.714441416893735,33.178119942885004,4438,4435.100750909812,36.330738150966056,
58,1.746999740600586,0.029000043869018555,34.48270645784519,33.199775965656805,4448,4437.68060072785,46.85663131692142,
59,1.7759997844696045,0.029000043869018555,34.48270645784519,33.22072475229501,4424,4434.94448058228,18.61553949092211,
60,1.804999828338623,0.029000043869018555,34.48270645784519,33.24100039124426,4410,4429.955584465824,-19.51369647375015,
61,1.8329997062683105,0.0279998779296875,35.714441416893735,33.27878329243494,4424,4428.76446757266,-24.11897207932068,
62,1.861999750137329,0.029000043869018555,34.48270645784519,33.297534006343064,4405,4424.011574058128,-52.07370404085671,
63,1.8909997940063477,0.029000043869018555,34.48270645784519,33.315709604878215,4410,4421.209259246502,-60.98524304303522,
64,1.9209997653961182,0.029999971389770508,33.33336512250753,33.31598532850572,4419,4420.767407397202,-51.73387623898454,
65,1.9489998817443848,0.0280001163482666,35.71413731150109,33.35043814462626,4424,4421.413925917762,-36.76913074764763,
66,1.9789996147155762,0.029999732971191406,33.333630034650476,33.35018334982627,4424,4421.931140734209,-25.96717513013832,
67,2.008999824523926,0.03000020980834961,33.33310021457522,33.349928248937026,4419,4421.344912587368,-24.681900417566325,
68,2.0389997959136963,0.029999971389770508,33.33336512250753,33.349684554298115,4415,4420.075930069894,-28.205411851860237,
69,2.0679996013641357,0.028999805450439453,34.482989953466955,33.365577031293824,4405,4417.060744055915,-43.35885528705957,
70,2.0969998836517334,0.029000282287597656,34.482422966884805,33.381022357569904,4387,4411.0485952447325,-76.14977587905855,
71,2.125999689102173,0.028999805450439453,34.482989953466955,33.39605380186292,4415,4411.838876195787,-55.469570684122985,
72,2.1569998264312744,0.031000137329101562,32.25792161447117,33.37969670545731,4396,4408.67110095663,-64.81282561869611,
73,2.184999704360962,0.0279998779296875,35.714441416893735,33.40961550443322,4391,4405.136880765304,-77.0948004904557,
74,2.2129998207092285,0.0280001163482666,35.71413731150109,33.438773608343205,4401,4404.3095046122435,-67.58564550010004,
75,2.240999937057495,0.0280001163482666,35.71413731150109,33.46720308188737,4382,4399.8476036897955,-85.93910484300406,
76,2.2699997425079346,0.028999805450439453,34.482989953466955,33.48018000919855,4405,4400.878082951836,-61.64448266636079,
77,2.300999879837036,0.031000137329101562,32.25792161447117,33.46371317735722,4405,4401.702466361469,-43.99700705144691,
78,2.3299996852874756,0.028999805450439453,34.482989953466955,33.476399371434404,4419,4405.161973089175,-11.338778494070354,
79,2.360999822616577,0.031000137329101562,32.25792161447117,33.460400650283944,4424,4408.92957847134,15.236001023172207,
80,2.3899998664855957,0.029000043869018555,34.48270645784519,33.47280521719734,4424,4411.943662777073,32.975557689291925,
81,2.420999765396118,0.03099989891052246,32.2581697084362,33.45725231276384,4387,4406.954930221658,-5.805030129079231,
82,2.4509997367858887,0.029999971389770508,33.33336512250753,33.45573594696932,4429,4411.363944177327,24.74943029964144,
83,2.480999708175659,0.029999971389770508,33.33336512250753,33.45425625262647,4433,4415.691155341861,48.64764618163821,
84,2.5099997520446777,0.029000043869018555,34.48270645784519,33.46613876418614,4429,4418.352924273489,57.27511629089939,
85,2.5409998893737793,0.031000137329101562,32.25792161447117,33.4513985441172,4438,4422.282339418792,71.17104618229502,
86,2.568999767303467,0.0279998779296875,35.714441416893735,33.47606375623354,4424,4422.625871535033,59.390648473901564,
87,2.5979998111724854,0.029000043869018555,34.48270645784519,33.487300355397885,4448,4427.700697228027,82.51126371836796,
88,2.628999710083008,0.03099989891052246,32.2581697084362,33.47280703854528,4419,4425.960557782421,54.782268264156684,
89,2.6579997539520264,0.029000043869018555,34.48270645784519,33.48382552243319,4429,4426.568446225937,48.018142362697965,
90,2.688999891281128,0.031000137329101562,32.25792161447117,33.469692688280865,4448,4430.85475698075,66.06800915896162,
91,2.7169997692108154,0.0279998779296875,35.714441416893735,33.492825811476614,4448,4434.2838055846005,77.34771842275134,
92,2.745999813079834,0.029000043869018555,34.48270645784519,33.503279775105106,4476,4442.62704446768,119.41766620078471,
93,2.7759997844696045,0.029999971389770508,33.33336512250753,33.50144352326346,4429,4439.901635574144,77.36472300935455,
94,2.805999755859375,0.029999971389770508,33.33336512250753,33.49964653550415,4429,4437.721308459316,47.3562504464687,
95,2.8329997062683105,0.026999950408935547,37.0371050633135,33.53336034232636,4443,4438.777046767453,45.70529848474064,
96,2.859999656677246,0.026999950408935547,37.0371050633135,33.56643759584678,4443,4439.621637413962,42.82047728984506,
97,2.8889997005462646,0.029000043869018555,34.48270645784519,33.57563518669068,4452,4442.0973099311705,51.32995957120572,
98,2.918999671936035,0.029999971389770508,33.33336512250753,33.57314526006822,4424,4438.477847944937,16.934198070132755,
99,2.9499998092651367,0.031000137329101562,32.25792161447117,33.55932420370614,4433,4437.38227835595,6.479198871157875,
100,2.979999542236328,0.029999732971191406,33.333630034650476,33.55705213463067,4452,4440.305822684761,24.673828106221908,
101,3.007999897003174,0.028000354766845703,35.71383321128727,33.5771288092878,4433,4438.844658147809,9.3023051715915,
102,3.0369997024536133,0.028999805450439453,34.482989953466955,33.58577872681169,4433,4437.675726518248,-0.6198073904184849,
103,3.066999673843384,0.029999971389770508,33.33336512250753,33.583309733752415,4471,4444.340581214598,43.93656110404814,
104,3.0969998836517334,0.03000020980834961,33.33310021457522,33.580885988723885,4438,4443.072464971679,26.69519972144892,
105,3.125999689102173,0.028999805450439453,34.482989953466955,33.58925478017477,4433,4441.057971977344,7.463011440160102,
106,3.1569998264312744,0.031000137329101562,32.25792161447117,33.57618176362847,4429,4438.646377581876,-9.588195442855802,
107,3.185999870300293,0.029000043869018555,34.48270645784519,33.58443325671411,4419,4434.7171020655005,-34.76896719891697,
108,3.2149996757507324,0.028999805450439453,34.482989953466955,33.59253838020403,4438,4435.373681652401,-23.28700829938819,
109,3.243999719619751,0.029000043869018555,34.48270645784519,33.60049612235372,4429,4434.098945321921,-27.420878378527377,
110,3.2729997634887695,0.029000043869018555,34.48270645784519,33.60831284715656,4424,4432.079156257537,-35.866261385605654,
111,3.301999807357788,0.029000043869018555,34.48270645784519,33.61599227009664,4405,4426.6633250060295,-66.04351296267512,
112,3.3289997577667236,0.026999950408935547,37.0371050633135,33.643739305987744,4405,4422.330660004824,-84.92868414090091,
113,3.3569998741149902,0.0280001163482666,35.71413731150109,33.66100811361821,4433,4424.464528003859,-52.701096368284,
114,3.3859996795654297,0.028999805450439453,34.482989953466955,33.66804807690683,4429,4425.371622403088,-35.90501168354008,
115,3.4139997959136963,0.0280001163482666,35.71413731150109,33.68482919584425,4419,4424.097297922471,-37.82628924286462,
116,3.441999673843384,0.0279998779296875,35.714441416893735,33.70133962577423,4419,4423.077838337977,-37.54291731575307,
117,3.4699997901916504,0.0280001163482666,35.71413731150109,33.71758128940348,4419,4422.262270670381,-35.85979298606511,
118,3.497999668121338,0.0279998779296875,35.714441416893735,33.73356523597784,4391,4416.009816536305,-73.3484157655086,
119,3.5259997844696045,0.0280001163482666,35.71413731150109,33.749293044242336,4415,4415.807853229044,-60.121321669890555,
120,3.556999921798706,0.031000137329101562,32.25792161447117,33.736295372005046,4415,4415.646282583235,-49.13944398145208,
121,3.5849997997283936,0.0279998779296875,35.714441416893735,33.751745260673985,4429,4418.317026066588,-20.234732850006793,
122,3.61299991607666,0.0280001163482666,35.71413731150109,33.76695345525478,4443,4423.253620853271,19.073458532559773,
123,3.6409997940063477,0.0279998779296875,35.714441416893735,33.78192995299729,4415,4421.602896682617,3.4678284883930495,
124,3.672999858856201,0.032000064849853516,31.249936670193268,33.759870613938574,4415,4420.282317346094,-5.479341336148879,
125,3.7029995918273926,0.029999732971191406,33.333630034650476,33.75641743949363,4424,4421.025853876875,0.5734812579415491,
126,3.731999635696411,0.029000043869018555,34.48270645784519,33.76206117353699,4429,4422.6206831015,11.45759060697952,
127,3.760999917984009,0.029000282287597656,34.482422966884805,33.767615732380875,4443,4426.6965464812,37.27520148839693,
128,3.7899997234344482,0.028999805450439453,34.482989953466955,33.773089535744894,4443,4429.957237184961,52.30783414654623,
129,3.818999767303467,0.029000043869018555,34.48270645784519,33.77847809901407,4438,4431.565789747969,52.93971648767972,
130,3.8479998111724854,0.029000043869018555,34.48270645784519,33.783785441608174,4429,4431.052631798375,38.81275820167369,
131,3.875999689102173,0.0279998779296875,35.714441416893735,33.79773232911288,4443,4433.4421054387,48.11794983026145,
132,3.9049997329711914,0.029000043869018555,34.48270645784519,33.80281921288772,4448,4436.353684350961,58.574184056276515,
133,3.93399977684021,0.029000043869018555,34.48270645784519,33.80783109927516,4443,4437.682947480769,56.02666530710354,
134,3.9629995822906494,0.028999805450439453,34.482989953466955,33.81277166891519,4443,4438.746357984615,52.15524698979059,
135,3.991999864578247,0.029000282287597656,34.482422966884805,33.81763641774639,4433,4437.597086387693,33.7982637300506,
136,4.021999835968018,0.029999971389770508,33.33336512250753,33.81402425325247,4471,4444.277669110154,71.5758716078262,
137,4.05299973487854,0.03099989891052246,32.2581697084362,33.802124096143224,4494,4454.222135288123,121.41875281200612,
138,4.080999851226807,0.0280001163482666,35.71413731150109,33.815242595148646,4448,4452.977708230499,88.24627448757654,
139,4.109999656677246,0.028999805450439453,34.482989953466955,33.81995416329922,4448,4451.982166584399,63.7311690739177,
140,4.140999794006348,0.031000137329101562,32.25792161447117,33.80826055645667,4462,4453.98573326752,63.911114661830034,
141,4.168999910354614,0.0280001163482666,35.71413731150109,33.821060933533715,4457,4454.588586614016,55.43496916855508,
142,4.197999715805054,0.028999805450439453,34.482989953466955,33.82563354289521,4466,4456.870869291213,60.08796146059623,
143,4.228999853134155,0.031000137329101562,32.25792161447117,33.81414163304386,4429,4451.29669543297,12.108116491550675,
144,4.256999731063843,0.0279998779296875,35.714441416893735,33.82664061480074,4457,4452.437356346376,17.834106666913172,
145,4.287999868392944,0.031000137329101562,32.25792161447117,33.81529954531997,4471,4456.149885077101,38.21897749097266,
146,4.316999912261963,0.029000043869018555,34.48270645784519,33.819782943544446,4443,4453.519908061681,12.437436910056036,
147,4.34499979019165,0.0279998779296875,35.714441416893735,33.83199242767192,4429,4448.615926449345,-25.078643272613963,
148,4.373999834060669,0.029000043869018555,34.48270645784519,33.83630672491406,4433,4445.492741159476,-41.602090930894235,
149,4.404999732971191,0.03099989891052246,32.2581697084362,33.825200688377535,4424,4441.194192927581,-61.01433241759167,
150,4.432999849319458,0.0280001163482666,35.71413731150109,33.83713176147019,4401,4433.155354342065,-106.23150294769428,
151,4.4619996547698975,0.028999805450439453,34.482989953466955,33.84132937764357,4405,4427.524283473653,-123.82043439469966,
152,4.492999792098999,0.031000137329101562,32.25792161447117,33.830404414283315,4424,4426.819426778922,-103.60378991737042,
153,4.520999908447266,0.0280001163482666,35.71413731150109,33.84207102374124,4405,4422.455541423138,-114.05351209552062,
154,4.549999713897705,0.028999805450439453,34.482989953466955,33.84615597438745,4410,4419.964433138511,-108.42298206677779,
155,4.580999851226807,0.031000137329101562,32.25792161447117,33.83540821519357,4415,4418.971546510809,-93.14407745511198,
156,4.608999729156494,0.0279998779296875,35.714441416893735,33.84682342529666,4410,4417.177237208647,-87.3318128552616,
157,4.637999773025513,0.029000043869018555,34.48270645784519,33.8507994142449,4405,4414.741789766918,-86.66161412953734,
158,4.667999744415283,0.029999971389770508,33.33336512250753,33.847474004048216,4387,4409.193431813535,-106.31837960172635,
159,4.698999643325806,0.03099989891052246,32.2581697084362,33.83698916126428,4410,4409.354745450828,-84.01396714376745,
160,4.728999853134155,0.03000020980834961,33.33310021457522,33.833792550016604,4448,4417.083796360663,-15.684528006798729,
161,4.757999658584595,0.028999805450439453,34.482989953466955,33.837749380565135,4401,4413.86703708853,-34.73231793817266,
162,4.786999702453613,0.029000043869018555,34.48270645784519,33.84165658438743,4401,4411.293629670824,-45.53346486677914,
163,4.813999652862549,0.026999950408935547,37.0371050633135,33.85957867759199,4405,4410.0349037366595,-45.75068482733641,
164,4.84499979019165,0.031000137329101562,32.25792161447117,33.84933067118105,4405,4409.027922989328,-43.097169064811986,
165,4.872999906539917,0.0280001163482666,35.71413731150109,33.86004579613435,4401,4407.422338391462,-45.94614901052843,
166,4.9019997119903564,0.028999805450439453,34.482989953466955,33.86373107977991,4401,4406.13787071317,-45.615376417645116,
167,4.928999900817871,0.02700018882751465,37.03677801619469,33.88111246914199,4373,4399.510296570536,-85.58509959543326,
168,4.956999778747559,0.0279998779296875,35.714441416893735,33.89146812559412,4401,4399.8082372564295,-66.3399226419391,
169,4.984999895095825,0.0280001163482666,35.71413731150109,33.901705828772414,4401,4400.046589805143,-51.36942698288825,
170,5.013999700546265,0.028999805450439453,34.482989953466955,33.90506784064603,4419,4403.837271844115,-14.952731452980977,
171,5.040999889373779,0.02700018882751465,37.03677801619469,33.92184164900717,4419,4406.869817475293,10.500958710795834,
172,5.068999767303467,0.0279998779296875,35.714441416893735,33.93174351860309,4419,4409.295853980234,25.729674694830962,
173,5.096999883651733,0.0280001163482666,35.71413731150109,33.941535010602074,4419,4411.236683184187,34.44674789349738,
174,5.126999616622925,0.029999732971191406,33.333630034650476,33.9379779619744,4452,4419.38934654735,81.9089711837422,
175,5.156999826431274,0.03000020980834961,33.33310021457522,33.93445916035696,4419,4419.31147723788,65.00805184775403,
176,5.185999870300293,0.029000043869018555,34.48270645784519,33.93752495211859,4405,4416.4491817903045,32.26650273532603,
177,5.214999675750732,0.028999805450439453,34.482989953466955,33.94055819850453,4424,4417.959345432244,36.22819372687879,
178,5.244999885559082,0.03000020980834961,33.33310021457522,33.93708367660458,4410,4416.367476345795,18.370168624084265,
179,5.2729997634887695,0.0279998779296875,35.714441416893735,33.94652153019791,4419,4416.893981076636,18.45689937233668,
180,5.300999879837036,0.0280001163482666,35.71413731150109,33.95585815510971,4396,4412.715184861309,-15.082900868322119,
181,5.329999685287476,0.028999805450439453,34.482989953466955,33.95872620773667,4424,4414.972147889048,3.4990459875128703,
182,5.357999801635742,0.0280001163482666,35.71413731150109,33.96789972714021,4401,4412.177718311238,-17.1608915398332,
183,5.384999752044678,0.026999950408935547,37.0371050633135,33.983288472857424,4443,4418.342174648991,31.934010176047565,
184,5.413999795913696,0.029000043869018555,34.48270645784519,33.985963601047224,4429,4420.473739719193,40.24763466315074,
185,5.442999601364136,0.028999805450439453,34.482989953466955,33.988611712121916,4433,4422.978991775355,49.47582402722887,
186,5.471999883651733,0.029000282287597656,34.482422966884805,33.99122879291311,4424,4423.183193420285,40.988932719981804,
187,5.500999927520752,0.029000043869018555,34.48270645784519,33.993819753471456,4419,4422.3465547362275,27.021232945261627,
188,5.5289998054504395,0.0279998779296875,35.714441416893735,34.00253329990557,4396,4417.077243788982,-16.02111307035127,
189,5.556999921798706,0.0280001163482666,35.71413731150109,34.011157577778754,4410,4415.661795031186,-22.927196714946334,
190,5.589999675750732,0.03299975395202637,30.303256244084647,33.989268518961616,4401,4412.729436024949,-36.113762645085494,
191,5.618999719619751,0.029000043869018555,34.48270645784519,33.991815186088914,4410,4412.1835488199595,-32.65574376581709,
192,5.6459996700286865,0.026999950408935547,37.0371050633135,34.006378182984285,4377,4405.146839055968,-78.248466778456,
193,5.676999807357788,0.031000137329101562,32.25792161447117,33.99683046489777,4377,4399.517471244774,-98.91711454126515,
194,5.704999923706055,0.0280001163482666,35.71413731150109,34.00525899989402,4349,4389.413976995819,-151.30120781964044,
195,5.733999729156494,0.028999805450439453,34.482989953466955,34.00767513267491,4391,4389.731181596656,-118.85333364294326,
196,5.762999773025513,0.029000043869018555,34.48270645784519,34.01006554215117,4368,4385.384945277325,-125.05666515353914,
197,5.793999671936035,0.03099989891052246,32.2581697084362,34.00069229451189,4363,4380.90795622186,-128.92922666962775,
198,5.826999664306641,0.03299999237060547,30.303037308903853,33.97975139982442,4410,4386.726364977489,-67.88028981565077,
199,5.85699987411499,0.03000020980834961,33.33310021457522,33.97643917997684,4415,4392.381091981992,-16.606315467087953,
200,5.886999607086182,0.029999732971191406,33.333630034650476,33.97316347010793,4396,4393.104873585594,-8.459798733597877,
201,5.916999816894531,0.03000020980834961,33.33310021457522,33.9699182389856,4443,4403.083898868475,59.7585309727361,
202,5.944999933242798,0.0280001163482666,35.71413731150109,33.97813326632214,4405,4403.467119094781,50.544100734753705,
203,5.971999645233154,0.026999711990356445,37.03743211620822,33.991964510921306,4448,4412.373695275825,106.41062272645624,
204,6.000999927520752,0.029000282287597656,34.482422966884805,33.99433468819927,4433,4416.498956220661,113.57829673088372,
205,6.0289998054504395,0.0279998779296875,35.714441416893735,34.00232320702223,4438,4420.799164976529,121.57854812307902,
206,6.060999870300293,0.032000064849853516,31.249936670193268,33.98779152090523,4443,4425.239331981224,125.01382603882055,
207,6.0889997482299805,0.0279998779296875,35.714441416893735,33.99573141059385,4457,4431.591465584979,145.3836415237791,
208,6.116999864578247,0.0280001163482666,35.71413731150109,34.0035972870405,4462,4437.673172467983,159.74749616060302,
209,6.148999929428101,0.032000064849853516,31.249936670193268,33.98926693749994,4462,4442.538537974387,158.20646971897332,
210,6.176999807357788,0.0279998779296875,35.714441416893735,33.997087024327996,4448,4443.6308303795095,134.36729839775435,
211,6.239999771118164,0.06299996376037598,15.873025003689813,33.8141038043965,4462,4447.304664303608,119.1568102655267,
212,6.271999835968018,0.032000064849853516,31.249936670193268,33.80102129216335,4480,4453.843731442887,136.19453500934233,
213,6.300999879837036,0.029000043869018555,34.48270645784519,33.80415871480843,4457,4454.474985154309,113.30909529375664,
214,6.328999757766724,0.0279998779296875,35.714441416893735,33.812609921083784,4448,4453.179988123447,81.39725711625195,
215,6.35699987411499,0.0280001163482666,35.71413731150109,33.82098541097296,4499,4462.343990498758,130.57469352395526,
216,6.384999752044678,0.0279998779296875,35.714441416893735,33.82928870605359,4462,4462.275192399007,103.96833767853484,
217,6.412999868392944,0.0280001163482666,35.71413731150109,33.83751823690257,4490,4467.820153919206,122.7813735667014,
218,6.441999673843384,0.028999805450439453,34.482989953466955,33.84042394245237,4471,4468.456123135365,102.61112287166358,
219,6.473999738693237,0.032000064849853516,31.249936670193268,33.82761953033453,4494,4473.564898508292,114.01867967057375,
220,6.504999876022339,0.031000137329101562,32.25792161447117,33.820138999683586,4462,4471.2519188066335,76.2925601540687,
221,6.532999753952026,0.0279998779296875,35.714441416893735,33.828257817752075,4462,4469.401535045306,47.81696363471757,
222,6.56499981880188,0.032000064849853516,31.249936670193268,33.815690194568084,4504,4476.321228036245,81.50156445657592,
223,6.595999717712402,0.03099989891052246,32.2581697084362,33.808370155197636,4485,4478.056982428996,76.39970351996584,
224,6.624999761581421,0.029000043869018555,34.48270645784519,33.81132197150903,4490,4480.445585943196,77.59286558084293,
225,6.6539998054504395,0.029000043869018555,34.48270645784519,33.81424805809244,4462,4476.756468754557,36.63214344378768,
226,6.682999610900879,0.028999805450439453,34.482989953466955,33.817149956340465,4471,4475.605175003646,21.36570458579629,
227,6.7129998207092285,0.03000020980834961,33.33310021457522,33.81498675148444,4448,4470.084140002917,-19.714078924859535,
228,6.742999792098999,0.029999971389770508,33.33336512250753,33.812843990764364,4405,4457.067312002333,-102.55019923595486,
229,6.7719995975494385,0.028999805450439453,34.482989953466955,33.815713763903275,4382,4442.053849601867,-185.5819740131676,
230,6.800999879837036,0.029000282287597656,34.482422966884805,33.81855669221262,4326,4418.843079681494,-308.5382963668068,
231,6.828999757766724,0.0279998779296875,35.714441416893735,33.826330091354926,4307,4396.474463745195,-406.6071617802328,
232,6.85699987411499,0.0280001163482666,35.71413731150109,33.83403883027538,4321,4381.379570996156,-433.1059438924984,
233,6.88599967956543,0.028999805450439453,34.482989953466955,33.83677183306295,4288,4362.703656796925,-475.285027454775,
234,6.916999816894531,0.031000137329101562,32.25792161447117,33.82969584999311,4283,4346.762925437541,-483.0709944974949,
235,6.946999788284302,0.029999971389770508,33.33336512250753,33.82755249198559,4279,4333.210340350032,-476.8074490131489,
236,6.973999738693237,0.026999950408935547,37.0371050633135,33.839978325582905,4288,4324.168272280026,-448.42436423021013,
237,7.003999710083008,0.029999971389770508,33.33336512250753,33.837808368097605,4326,4324.534617824021,-356.29718542837287,
238,7.032999753952026,0.029000043869018555,34.48270645784519,33.84046755671527,4321,4323.8276942592165,-289.91307589735317,
239,7.060999870300293,0.0280001163482666,35.71413731150109,33.847897520190116,4373,4333.662155407374,-161.68460155190172,
240,7.091999530792236,0.03099966049194336,32.25841780621741,33.84094978545352,4368,4340.529724325899,-85.04029974416277,
241,7.118999719619751,0.02700018882751465,37.03677801619469,33.85307058459508,4410,4354.42377946072,34.88596735929332,
242,7.14799952507019,0.028999805450439453,34.482989953466955,33.85562620020231,4433,4370.139023568576,136.29049482493085,
243,7.175999879837036,0.028000354766845703,35.71383321128727,33.86287682121846,4471,4390.311218854861,253.11767945192702,
244,7.204999923706055,0.029000043869018555,34.48270645784519,33.865371628552786,4513,4414.848975083889,371.71979259748696,
245,7.235999584197998,0.03099966049194336,32.25841780621741,33.85848729663167,4471,4426.079180067111,369.8295629576401,
246,7.264999866485596,0.029000282287597656,34.482422966884805,33.86097791065772,4499,4440.663344053689,396.4431126068273,
247,7.293999671936035,0.028999805450439453,34.482989953466955,33.86345093355881,4485,4449.5306752429515,378.30890854814305,
248,7.322999715805054,0.029000043869018555,34.48270645784519,33.8659032670379,4485,4456.6245401943615,351.5702593927284,
249,7.349999666213989,0.026999950408935547,37.0371050633135,33.87755255889158,4466,4458.499632155489,295.14580310771356,
250,7.380999803543091,0.031000137329101562,32.25792161447117,33.870750122495984,4476,4461.999705724392,258.6976622522802,
251,7.408999919891357,0.0280001163482666,35.71413731150109,33.8777166572949,4466,4462.799764579514,212.67281216364742,
252,7.436999797821045,0.0279998779296875,35.714441416893735,33.884631820728714,4429,4456.0398116636115,121.85266125172647,
253,7.467999696731567,0.03099989891052246,32.2581697084362,33.87788032593622,4443,4453.431849330889,80.6565106969481,
254,7.495999813079834,0.0280001163482666,35.71413731150109,33.88473937216397,4438,4450.345479464711,42.47980111860751,
255,7.5249998569488525,0.029000043869018555,34.48270645784519,33.887043833565514,4452,4450.676383571769,36.26593473276063,
256,7.551999807357788,0.026999950408935547,37.0371050633135,33.898305949449764,4462,4452.941106857415,45.78850664017024,
257,7.580999851226807,0.029000043869018555,34.48270645784519,33.90054149102913,4462,4454.752885485932,49.125811434882905,
258,7.607999801635742,0.026999950408935547,37.0371050633135,33.91167280847316,4443,4452.402308388746,21.888934966326815,
259,7.636999845504761,0.029000043869018555,34.48270645784519,33.913841199361926,4494,4460.721846710997,74.88718753925643,
260,7.664999723434448,0.0279998779296875,35.714441416893735,33.920418705964686,4494,4467.377477368797,107.45017627550422,
261,7.693999767303467,0.029000043869018555,34.48270645784519,33.922538067800495,4513,4476.501981895039,148.88766325073476,
262,7.721999645233154,0.0279998779296875,35.714441416893735,33.929035487813636,4494,4480.001585516031,144.10740830144337,
263,7.750999689102173,0.029000043869018555,34.48270645784519,33.93110702478486,4513,4486.601268412825,160.80091225016025,
264,7.7789998054504395,0.0280001163482666,35.71413731150109,33.93752495211859,4513,4491.881014730261,166.35304679028593,
265,7.812999725341797,0.03399991989135742,29.411834004179347,33.917830451274845,4541,4501.704811784209,190.86961508051934,
266,7.8409998416900635,0.0280001163482666,35.71413731150109,33.92424504151831,4531,4507.563849427367,194.54578704461838,
267,7.86799955368042,0.026999711990356445,37.03743211620822,33.93492820867093,4490,4504.051079541894,129.6158344010809,
268,7.895999908447266,0.028000354766845703,35.71383321128727,33.941236462438326,4536,4510.440863633516,149.33340418172648,
269,7.924999713897705,0.028999805450439453,34.482989953466955,33.9432188910073,4494,4507.1526909068125,96.78951792534761,
270,7.9559996128082275,0.03099989891052246,32.2581697084362,33.93665323529323,4494,4504.52215272545,60.46034492449439,
271,7.983999967575073,0.028000354766845703,35.71383321128727,33.94288590939323,4555,4514.61772218036,120.47857267672151,
272,8.011999607086182,0.0279996395111084,35.714745527465325,33.94907805030728,4588,4529.294177744288,201.21603328354797,
273,8.039999961853027,0.028000354766845703,35.71383321128727,33.955224041702614,4485,4520.435342195431,97.69623157921583,
274,8.067999601364136,0.0279996395111084,35.714745527465325,33.96133038401144,4635,4543.3482737563445,241.82288926062301,
275,8.093999862670898,0.026000261306762695,38.46115191695781,33.97578510821152,4541,4542.878619005076,189.8456188610864,
276,8.12399959564209,0.029999732971191406,33.333630034650476,33.9734138032273,4405,4515.30289520406,-31.963299935282492,
277,8.151999950408936,0.028000354766845703,35.71383321128727,33.979391767060136,4396,4491.4423161632485,-196.0011879858846,
278,8.180999755859375,0.028999805450439453,34.482989953466955,33.98117690944699,4391,4471.353852930599,-295.34300555511766,
279,8.20799994468689,0.02700018882751465,37.03677801619469,33.991228299239836,4373,4451.68308234448,-381.9827971652106,
280,8.235999584197998,0.0279996395111084,35.714745527465325,33.997087680434326,4373,4435.946465875584,-417.99208826215374,
281,8.263999938964844,0.028000354766845703,35.71383321128727,34.002904413767254,4415,4431.757172700467,-364.316814155587,
282,8.292999744415283,0.028999805450439453,34.482989953466955,34.00458322573879,4424,4430.205738160374,-302.15307165637006,
283,8.319999933242798,0.02700018882751465,37.03677801619469,34.01442334984468,4433,4430.764590528299,-237.58283910616137,
284,8.348999738693237,0.028999805450439453,34.482989953466955,34.01605089095989,4438,4432.21167242264,-180.0863292000485,
285,8.375999927520752,0.02700018882751465,37.03677801619469,34.02578826004818,4443,4434.369337938112,-128.08646761409025,
286,8.404999732971191,0.028999805450439453,34.482989953466955,34.02736574494788,4410,4429.49547035049,-136.08227950297206,
287,8.432999849319458,0.0280001163482666,35.71413731150109,34.03296633797057,4410,4425.596376280392,-136.71637980436427,
288,8.461999654769897,0.028999805450439453,34.482989953466955,34.03450859722724,4424,4425.277101024314,-111.57501693303757,
289,8.489999771118164,0.0280001163482666,35.71413731150109,34.04004803193742,4410,4422.221680819452,-111.08435289458859,
290,8.518999576568604,0.028999805450439453,34.482989953466955,34.04155586503857,4429,4423.577344655561,-79.51801382750124,
291,8.549999713897705,0.031000137329101562,32.25792161447117,34.03508885818913,4424,4423.66187572445,-63.06905174316386,
292,8.578999757766724,0.029000043869018555,34.48270645784519,34.03660196349197,4415,4421.929500579559,-62.40263811375483,
293,8.607999801635742,0.029000043869018555,34.48270645784519,34.03810487359937,4415,4420.543600463648,-59.4800278663791,
294,8.63599967956543,0.0279998779296875,35.714441416893735,34.0435399384816,4415,4419.434880370918,-55.50348605300763,
295,8.666999578475952,0.03099989891052246,32.2581697084362,34.03715407262939,4401,4415.747904296734,-68.1898088247991,
296,8.694999694824219,0.0280001163482666,35.71413731150109,34.04255438630973,4410,4414.598323437387,-62.76310479211932,
297,8.724999904632568,0.03000020980834961,33.33310021457522,34.040114985251385,4415,4414.67865874991,-49.674918829076134,
298,8.752999782562256,0.0279998779296875,35.714441416893735,34.04547097026967,4443,4420.342926999929,0.7193002537120634,
299,8.780999898910522,0.0280001163482666,35.71413731150109,34.050791873610834,4415,4419.274341599943,-7.057280937861629,
300,8.811999559402466,0.03099966049194336,32.25841780621741,34.04448649567826,4419,4419.219473279954,-5.999817788392802,
301,8.840999841690063,0.029000282287597656,34.482422966884805,34.04592301660535,4424,4420.175578623964,1.793911543891288,
302,8.870999574661255,0.029999732971191406,33.333630034650476,34.04351420133306,4429,4421.9404628991715,13.201129131862878,
303,8.899999618530273,0.029000043869018555,34.48270645784519,34.044945279451234,4410,4419.552370319338,-5.90867577942408,
304,8.929999828338623,0.03000020980834961,33.33310021457522,34.04255384588932,4415,4418.641896255471,-10.796725266267893,
305,8.958999633789062,0.028999805450439453,34.482989953466955,34.04397951415087,4433,4421.513517004377,11.167033673924431,
306,8.987999677658081,0.029000043869018555,34.48270645784519,34.04539507946796,4410,4419.210813603502,-6.947062147228822,
307,9.0169997215271,0.029000043869018555,34.48270645784519,34.0468015394379,4448,4424.968650882802,34.15151282904193,
308,9.04699969291687,0.029999971389770508,33.33336512250753,34.04443577478411,4485,4436.974920706241,107.36308542004514,
309,9.075999736785889,0.029000043869018555,34.48270645784519,34.04583615704545,4499,4449.379936564993,171.44217242848487,
310,9.103999853134155,0.0280001163482666,35.71413731150109,34.050967157395,4560,4471.5039492519945,295.18174333978135,
311,9.132999897003174,0.029000043869018555,34.48270645784519,34.05233806058062,4555,4488.203159401595,351.31218700513534,
312,9.163999557495117,0.03099966049194336,32.25841780621741,34.046269649240564,4635,4517.562527521277,470.46710227035453,
313,9.192999839782715,0.029000282287597656,34.482422966884805,34.04764554063106,4635,4541.050022017022,538.3548257432126,
314,9.220999717712402,0.0279998779296875,35.714441416893735,34.05270682275857,4574,4547.640017613618,477.75546292901356,
315,9.248999834060669,0.0280001163482666,35.71413731150109,34.057736582497355,4602,4558.512014090895,459.86116535113774,
316,9.276999711990356,0.0279998779296875,35.714441416893735,34.06273685570731,4592,4565.209611272716,415.72912071773027,
317,9.306999683380127,0.029999971389770508,33.33336512250753,34.06038581542871,4592,4570.567689018173,368.30384894300556,
318,9.335999965667725,0.029000282287597656,34.482422966884805,34.061696783356425,4592,4574.854151214538,324.20459965173114,
319,9.364999771118164,0.028999805450439453,34.482989953466955,34.06300136640708,4588,4577.483320971631,277.4960065853396,
320,9.394999742507935,0.029999971389770508,33.33336512250753,34.060671502964624,4555,4572.986656777304,192.01901538371334,
321,9.42199969291687,0.026999950408935547,37.0371050633135,34.06920085566513,4550,4568.389325421844,119.5608434223596,
322,9.45199966430664,0.029999971389770508,33.33336512250753,34.06686536563907,4569,4568.511460337475,96.46290828527631,
323,9.48099970817566,0.029000043869018555,34.48270645784519,34.06813732115934,4560,4566.80916826998,65.43039909442885,
324,9.508999824523926,0.0280001163482666,35.71413731150109,34.072984118097956,4569,4567.247334615984,55.47406588483931,
325,9.536999702453613,0.0279998779296875,35.714441416893735,34.07780330709104,4588,4571.397867692787,74.02604679194486,
326,9.56499981880188,0.0280001163482666,35.71413731150109,34.08259343185592,4602,4577.51829415423,102.93798764333667,
327,9.591999769210815,0.026999950408935547,37.0371050633135,34.090909911156515,4560,4574.014635323384,56.39731406986108,
328,9.620999813079834,0.029000043869018555,34.48270645784519,34.09209088166504,4550,4569.211708258707,11.994266433952056,
329,9.648000001907349,0.02700018882751465,37.03677801619469,34.10033166821712,4550,4565.369366606967,-18.866177816418578,
330,9.676999807357788,0.028999805450439453,34.482989953466955,34.10147840956745,4555,4563.295493285574,-29.39561283440623,
331,9.70799970626831,0.03099989891052246,32.2581697084362,34.095592296555,4550,4560.636394628459,-40.67202141806021,
332,9.735999822616577,0.0280001163482666,35.71413731150109,34.10024712908983,4527,4553.909115702767,-80.58940979143586,
333,9.764999866485596,0.029000043869018555,34.48270645784519,34.101382954738945,4536,4550.327292562214,-89.17371902106885,
334,9.792999744415283,0.0279998779296875,35.714441416893735,34.10599496752487,4541,4548.461834049772,-84.66373696850815,
335,9.82099986076355,0.0280001163482666,35.71413731150109,34.11057985433622,4564,4551.569467239818,-45.533701882191615,
336,9.848999738693237,0.0279998779296875,35.714441416893735,34.11513949786949,4555,4552.255573791854,-31.52617905406518,
337,9.876999855041504,0.0280001163482666,35.71413731150109,34.11967246592451,4592,4560.204459033483,31.55657255532758,
338,9.906999588012695,0.029999732971191406,33.333630034650476,34.117292223265494,4588,4565.763567226786,62.306309211896505,
339,9.936999797821045,0.03000020980834961,33.33310021457522,34.11492471543925,4597,4572.0108537814285,91.49333312853,
340,9.964999914169312,0.0280001163482666,35.71413731150109,34.119418256747934,4578,4573.208683025143,81.75055411997278,
341,9.994999647140503,0.029999732971191406,33.333630034650476,34.117059733719714,4616,4581.766946420114,122.45604044539336,
342,10.0239999294281,0.029000282287597656,34.482422966884805,34.1181167605527,4569,4579.213557136091,80.35542249815576,
343,10.05299973487854,0.028999805450439453,34.482989953466955,34.11916930724401,4578,4578.970845708874,62.6104548572565,
344,10.081999778747559,0.029000043869018555,34.48270645784519,34.12021499198382,4606,4584.376676567099,87.3698996147939,
345,10.109999656677246,0.0279998779296875,35.714441416893735,34.12463023894778,4606,4588.701341253679,100.78651641114948,
346,10.138999700546265,0.029000043869018555,34.48270645784519,34.12565442539251,4592,4589.361073002943,85.17908037907928,
347,10.167999982833862,0.029000282287597656,34.482422966884805,34.1266719694948,4649,4601.288858402355,150.40305254341308,
348,10.197999715805054,0.029999732971191406,33.333630034650476,34.1243390564782,4606,4602.231086721884,126.60402007700064,
349,10.226999759674072,0.029000043869018555,34.48270645784519,34.125355255813794,4606,4602.9848693775075,106.4817092709771,
350,10.256999731063843,0.029999971389770508,33.33336512250753,34.12303882001744,4611,4604.587895502006,95.87221843854826,
351,10.285999774932861,0.029000043869018555,34.48270645784519,34.12405285632928,4644,4612.4703164016055,131.05921596245201,
352,10.313999652862549,0.0279998779296875,35.714441416893735,34.128370355559,4616,4613.176253121284,109.88979989376288,
353,10.340999841690063,0.02700018882751465,37.03677801619469,34.13596416246614,4597,4609.9410024970275,63.94718807553886,
354,10.368999719619751,0.0279998779296875,35.714441416893735,34.1402265958381,4611,4610.152801997622,52.6706106316543,
355,10.396999835968018,0.0280001163482666,35.71413731150109,34.1444652881393,4611,4610.322241598098,43.34676633680406,
356,10.424999713897705,0.0279998779296875,35.714441416893735,34.1486819923277,4592,4606.6577932784785,8.502668102185304,
357,10.452999830245972,0.0280001163482666,35.71413731150109,34.1528753274264,4583,4601.926234622783,-26.994572623635403,
358,10.48099970817566,0.0279998779296875,35.714441416893735,34.1570470344297,4616,4604.7409876982265,-1.4901913357211534,
359,10.507999658584595,0.026999950408935547,37.0371050633135,34.164447246314104,4620,4607.792790158581,21.413832602747526,
360,10.535999774932861,0.0280001163482666,35.71413731150109,34.168565650172866,4620,4610.234232126864,34.56986482086549,
361,10.56499981880188,0.029000043869018555,34.48270645784519,34.169427940505074,4644,4616.987385701492,74.22929433241802,
362,10.591999769210815,0.026999950408935547,37.0371050633135,34.1767379047981,4635,4620.589908561194,86.0688389954874,
363,10.620999813079834,0.029000043869018555,34.48270645784519,34.177573334759224,4644,4625.271926848955,101.14480364582067,
364,10.648000001907349,0.02700018882751465,37.03677801619469,34.18482343489835,4653,4630.817541479165,121.99418252114239,
365,10.676999807357788,0.028999805450439453,34.482989953466955,34.18563328515463,4644,4633.454033183332,115.7781694063545,
366,10.706999778747559,0.029999971389770508,33.33336512250753,34.18324531270444,4696,4645.963226546666,176.01723747869505,
367,10.736999750137329,0.029999971389770508,33.33336512250753,34.18087068459753,4653,4647.370581237334,150.19616353513467,
368,10.765999794006348,0.029000043869018555,34.48270645784519,34.18168373037432,4658,4649.4964649898675,134.8181759085329,
369,10.794999599456787,0.028999805450439453,34.482989953466955,34.1824931627203,4630,4645.597171991894,80.96268447188,
370,10.823999881744385,0.029000282287597656,34.482422966884805,34.183296751881635,4635,4643.4777375935155,50.153500902410954,
371,10.855999946594238,0.032000064849853516,31.249936670193268,34.174650131275165,4649,4644.582190074812,47.025614741081974,
372,10.88599967956543,0.029999732971191406,33.333630034650476,34.17233244074928,4630,4641.66575205985,18.17739863091686,
373,10.914999723434448,0.029000043869018555,34.48270645784519,34.17315707293798,4606,4634.53260164788,-34.652147450389194,
374,10.941999673843384,0.026999950408935547,37.0371050633135,34.180224012804445,4663,4640.226081318305,14.452282985558949,
375,10.96999979019165,0.0280001163482666,35.71413731150109,34.18413921350208,4667,4645.580865054644,49.810122715050895,
376,10.997999668121338,0.0279998779296875,35.714441416893735,34.18803521970171,4625,4641.464692043715,10.44673419991734,
377,11.02899980545044,0.031000137329101562,32.25792161447117,34.18261008706245,4724,4657.971753634973,114.85408713913901,
378,11.059999704360962,0.03099989891052246,32.2581697084362,34.17721610344659,4620,4650.377402907978,42.88729879595382,
379,11.091999530792236,0.031999826431274414,31.250169501627962,34.16877173027885,4616,4643.501922326383,-8.662147679237165,
380,11.119999885559082,0.028000354766845703,35.71383321128727,34.17266222218982,4606,4636.001537861106,-60.50321410607282,
381,11.1489999294281,0.029000043869018555,34.48270645784519,34.17346868882291,4639,4636.601230288885,-44.26676769444054,
382,11.18399977684021,0.034999847412109375,28.571553133514985,34.155937734462796,4691,4647.480984231108,26.756879412406477,
383,11.212999820709229,0.029000043869018555,34.48270645784519,34.1567828524031,4667,4651.384787384886,48.32824317411554,
384,11.243999719619751,0.03099989891052246,32.2581697084362,34.15154834359833,4663,4653.707829907909,53.65001452881106,
385,11.271999835968018,0.0280001163482666,35.71413731150109,34.1554298795762,4597,4642.3662639263275,-38.09083733568414,
386,11.300999879837036,0.029000043869018555,34.48270645784519,34.15626971987599,4663,4646.493011141062,-2.012387302262084,
387,11.33199954032898,0.03099966049194336,32.25841780621741,34.151077982550376,4635,4644.19440891285,-16.439764051403152,
388,11.359999895095825,0.028000354766845703,35.71383321128727,34.154929892869255,4602,4635.755527130281,-73.42877453561263,
389,11.387999534606934,0.0279996395111084,35.714745527465325,34.15876500678367,4592,4627.004421704225,-121.25172030361091,
390,11.41599988937378,0.028000354766845703,35.71383321128727,34.16257916777129,4592,4620.00353736338,-147.00705937897902,
391,11.444999933242798,0.029000043869018555,34.48270645784519,34.16339032596351,4625,4621.002829890704,-110.71398532613941,
392,11.472999811172485,0.0279998779296875,35.714441416893735,34.167175669110335,4606,4618.002263912563,-110.00389582967914,
393,11.500999927520752,0.0280001163482666,35.71413731150109,34.17094187259231,4560,4606.40181113005,-170.86314937379092,
394,11.529999732971191,0.028999805450439453,34.482989953466955,34.17172672374983,4583,4601.721448904041,-168.96909622264707,
395,11.559999942779541,0.03000020980834961,33.33310021457522,34.1695503421451,4578,4596.977159123233,-166.8036543202478,
396,11.590999603271484,0.03099966049194336,32.25841780621741,34.16443909533321,4588,4595.181727298586,-145.02648144460403,
397,11.619999647140503,0.029000043869018555,34.48270645784519,34.16523339548426,4555,4587.145381838869,-171.44417345193673,
398,11.6489999294281,0.029000282287597656,34.482422966884805,34.16602304156246,4569,4583.516305471096,-162.18320802008742,
399,11.67799973487854,0.028999805450439453,34.482989953466955,34.16681016084557,4541,4575.013044376877,-188.39013979280162,
400,11.706999778747559,0.029000043869018555,34.48270645784519,34.16759268468979,4545,4569.010435501501,-192.1093518004086,
401,11.734999656677246,0.0279998779296875,35.714441416893735,34.17128348800845,4560,4567.208348401201,-166.55958827468785,
402,11.763999700546265,0.029000043869018555,34.48270645784519,34.17205119287218,4555,4564.766678720961,-150.0867463898977,
403,11.792999744415283,0.029000043869018555,34.48270645784519,34.17281512202572,4560,4563.8133429767695,-126.6441164364633,
404,11.82099986076355,0.0280001163482666,35.71413731150109,34.176466014601964,4541,4559.250674381416,-133.90564769343925,
405,11.850999593734741,0.029999732971191406,33.333630034650476,34.174332451594296,4536,4554.6005395051325,-138.1256932702007,
406,11.879999876022339,0.029000282287597656,34.482422966884805,34.17508453172955,4560,4555.680431604106,-103.05309539307903,
407,11.908999919891357,0.029000043869018555,34.48270645784519,34.17583363320007,4541,4552.744345283285,-102.69131686161788,
408,11.936999797821045,0.0279998779296875,35.714441416893735,34.179442649774984,4536,4549.3954762266285,-106.07365103665524,
409,11.965999841690063,0.029000043869018555,34.48270645784519,34.180177620847545,4527,4544.9163809813035,-115.7491861375784,
410,11.994999647140503,0.028999805450439453,34.482989953466955,34.1809097174705,4522,4540.333104785042,-124.20836231598966,
411,12.021999835968018,0.02700018882751465,37.03677801619469,34.18732370718803,4517,4535.666483828034,-133.93401074688083,
412,12.05299973487854,0.03099989891052246,32.2581697084362,34.18236198975174,4518,4532.133187062427,-129.9427459365472,
413,12.083999633789062,0.03099989891052246,32.2581697084362,34.17742572957192,4545,4534.706549649942,-87.35180333536069,
414,12.113999843597412,0.03000020980834961,33.33310021457522,34.17533476515691,4518,4531.365239719954,-92.1566864171363,
415,12.1419997215271,0.0279998779296875,35.714441416893735,34.178883999167596,4531,4531.292191775963,-74.24712243696574,
416,12.172999858856201,0.031000137329101562,32.25792161447117,34.17399201704157,4536,4532.233753420771,-53.323133602892504,
417,12.203999519348145,0.03099966049194336,32.25841780621741,34.169126222833,4522,4530.187002736617,-55.86349462523536,
418,12.232999801635742,0.029000282287597656,34.482422966884805,34.169868942866074,4509,4525.949602189294,-73.91396329076831,
419,12.260999917984009,0.0280001163482666,35.71413731150109,34.17339554708139,4522,4525.159681751435,-64.77343602918691,
420,12.29699993133545,0.03600001335144043,27.77776747574423,34.15467206190252,4531,4526.327745401148,-45.32950873162973,
421,12.325999736785889,0.028999805450439453,34.482989953466955,34.155444506749554,4527,4526.462196320918,-35.33635304216669,
422,12.353999853134155,0.0280001163482666,35.71413731150109,34.158977255689415,4504,4521.969757056735,-60.35780098265765,
423,12.382999658584595,0.028999805450439453,34.482989953466955,34.15973606255836,4536,4524.775805645389,-28.9340517278301,
424,12.410999774932861,0.0280001163482666,35.71413731150109,34.16324290460264,4531,4526.020644516311,-14.255572108898985,
425,12.43999981880188,0.029000043869018555,34.48270645784519,34.16398763588829,4509,4522.616515613049,-34.88117323028963,
426,12.468999862670898,0.029000043869018555,34.48270645784519,34.164728903024425,4555,4529.093212490439,16.761868863665846,
427,12.495999813079834,0.026999950408935547,37.0371050633135,34.17093521024623,4499,4523.074569992352,-31.173123817105406,
428,12.52299976348877,0.026999950408935547,37.0371050633135,34.177114755511575,4513,4521.059655993882,-39.86381534465654,
429,12.551999807357788,0.029000043869018555,34.48270645784519,34.17782079223159,4550,4526.847724795106,8.026603210356832,
430,12.580999851226807,0.029000043869018555,34.48270645784519,34.17852357402815,4513,4524.078179836085,-12.67899860045977,
431,12.608999729156494,0.0279998779296875,35.714441416893735,34.18193427376912,4522,4523.662543868868,-13.112040160752818,
432,12.63699984550476,0.0280001163482666,35.71413731150109,34.18532921432861,4550,4528.930035095094,27.135148859513215,
433,12.664999723434448,0.0279998779296875,35.714441416893735,34.188709787241955,4518,4526.744028076076,6.093715164078279,
434,12.692999839782715,0.0280001163482666,35.71413731150109,34.19207480329011,4513,4523.9952224608605,-14.75927210562108,
435,12.720999717712402,0.0279998779296875,35.714441416893735,34.19542564680014,4517,4522.596177968689,-21.800636195557274,
436,12.748999834060669,0.0280001163482666,35.71413731150109,34.198761132239355,4522,4522.476942374951,-18.292188229876693,
437,12.777999639511108,0.028999805450439453,34.482989953466955,34.199406192557994,4536,4525.181553899961,4.018867825085822,
438,12.804999828338623,0.02700018882751465,37.03677801619469,34.205388978660224,4541,4528.3452431199685,26.649665330798985,
439,12.835999727249146,0.03099989891052246,32.2581697084362,34.20068629855612,4541,4530.876194495975,37.64850406684384,
440,12.863999843597412,0.0280001163482666,35.71413731150109,34.20398051536,4555,4535.70095559678,64.58123934334006,
441,12.89299988746643,0.029000043869018555,34.48270645784519,34.20460744971431,4536,4535.760764477424,52.07746588964003,
442,12.922999620437622,0.029999732971191406,33.333630034650476,34.20258554376033,4569,4542.40861158194,85.98134789348163,
443,12.95199990272522,0.029000282287597656,34.482422966884805,34.20321211605234,4522,4538.326889265552,40.63554324537502,
444,12.98099970817566,0.028999805450439453,34.482989953466955,34.20383714517466,4517,4534.061511412442,3.091838264991459,
445,13.011999607086182,0.03099989891052246,32.2581697084362,34.19920177046872,4541,4535.4492091299535,11.426388307091631,
446,13.037999868392944,0.026000261306762695,38.46115191695781,34.20770091286814,4536,4535.559367303963,9.988472698767996,
447,13.066999673843384,0.028999805450439453,34.482989953466955,34.208311866324884,4541,4536.64749384317,15.49514946293109,
448,13.095999956130981,0.029000282287597656,34.482422966884805,34.2089188684111,4527,4534.717995074536,-0.910638960482105,
449,13.124999761581421,0.028999805450439453,34.482989953466955,34.20952443094752,4569,4541.574396059629,46.55733008879756,
450,13.15399980545044,0.029000043869018555,34.48270645784519,34.210126703327134,4536,4540.4595168477035,29.557053550880827,
451,13.182999610900879,0.028999805450439453,34.482989953466955,34.21072694465325,4541,4540.567613478163,24.391141845134726,
452,13.211999654769897,0.029000043869018555,34.48270645784519,34.21132393360421,4545,4541.45409078253,25.626540809713358,
453,13.240999937057495,0.029000282287597656,34.482422966884805,34.21191769151754,4560,4545.163272626025,46.08154808546518,
454,13.268999814987183,0.0279998779296875,35.714441416893735,34.21508827569748,4536,4543.33061810082,23.774791932805627,
455,13.297999858856201,0.029000043869018555,34.48270645784519,34.21567189271544,4513,4537.264494480656,-22.815438479979026,
456,13.32699966430664,0.028999805450439453,34.482989953466955,34.216253581914096,4527,4535.211595584526,-32.41036918613351,
457,13.35599970817566,0.029000043869018555,34.48270645784519,34.21683213426958,4560,4540.169276467621,8.262555571781945,
458,13.383999824523926,0.0280001163482666,35.71413731150109,34.21996458493612,4536,4539.335421174097,0.6539599672592669,
459,13.412999868392944,0.029000043869018555,34.48270645784519,34.220532655160184,4560,4543.468336939278,29.02599220295324,
460,13.443999528884888,0.03099966049194336,32.25841780621741,34.21600833975592,4545,4543.774669551422,25.197154840408782,
461,13.471999883651733,0.028000354766845703,35.71383321128727,34.2191214356692,4550,4545.019735641138,29.0509404053542,
462,13.499999523162842,0.0279996395111084,35.714745527465325,34.22222343099465,4574,4550.81578851291,64.64166300009904,
463,13.527999877929688,0.028000354766845703,35.71383321128727,34.2253107760123,4531,4546.852630810328,23.405419764070366,
464,13.556999921798706,0.029000043869018555,34.48270645784519,34.225861376153034,4545,4546.482104648263,16.168986834966425,
465,13.58799958229065,0.03099966049194336,32.25841780621741,34.2213728506467,4545,4546.185683718611,11.022775428926156,
466,13.618999719619751,0.031000137329101562,32.25792161447117,34.2169035607419,4560,4548.948546974889,26.64306561364621,
467,13.648000001907349,0.029000282287597656,34.482422966884805,34.217467756062085,4541,4547.358837579911,10.351046140504964,
468,13.674999713897705,0.026999711990356445,37.03743211620822,34.223035450916925,4564,4550.687070063929,32.934673851161875,
469,13.704999923706055,0.03000020980834961,33.33310021457522,34.221087384958906,4578,4556.149656051144,62.76472430944308,
470,13.733999729156494,0.028999805450439453,34.482989953466955,34.221640401100125,4560,4556.9197248409155,55.52263431578731,
471,13.762999773025513,0.029000043869018555,34.48270645784519,34.22219049390134,4550,4555.535779872733,34.87367383429844,
472,13.791999816894531,0.029000043869018555,34.48270645784519,34.222738273373736,4550,4554.428623898186,20.263392172768604,
473,13.821999788284302,0.029999971389770508,33.33336512250753,34.220807932649564,4578,4559.142899118549,47.63924517988853,
474,13.850999593734741,0.028999805450439453,34.482989953466955,34.22135686253328,4545,4556.314319294839,18.603818215194902,
475,13.879999876022339,0.029000282287597656,34.482422966884805,34.2219023229648,4560,4557.0514554358715,19.966702612006884,
476,13.908999919891357,0.029000043869018555,34.48270645784519,34.222446095442784,4578,4561.241164348698,44.86786260656528,
477,13.9399995803833,0.03099966049194336,32.25841780621741,34.21807850491228,4560,4560.992931478959,34.29277016019821,
478,13.967999935150146,0.028000354766845703,35.71383321128727,34.22107690572965,4569,4562.594345183167,38.87274051503246,
479,13.996999740600586,0.028999805450439453,34.482989953466955,34.221619552551836,4583,4566.6754761465345,59.244112013741386,
480,14.027999639511108,0.03099989891052246,32.2581697084362,34.21728060557097,4555,4564.340380917228,32.330109972525946,
481,14.055999994277954,0.028000354766845703,35.71383321128727,34.220261823833944,4541,4559.672304733783,-7.478890868606751,
482,14.084999799728394,0.028999805450439453,34.482989953466955,34.22080275849877,4560,4559.737843787027,-5.53111619197219,
483,14.115999698638916,0.03099989891052246,32.2581697084362,34.216492654542314,4564,4560.590275029622,1.0746813841042648,
484,14.142999649047852,0.026999950408935547,37.0371050633135,34.221877395901956,4569,4562.272220023698,13.318619798543484,
485,14.17199969291687,0.029000043869018555,34.48270645784519,34.222411128219385,4522,4554.217776018959,-44.89290982047703,
486,14.199999809265137,0.0280001163482666,35.71413731150109,34.22535257239211,4527,4548.774220815167,-74.79670345857531,
487,14.228999853134155,0.029000043869018555,34.48270645784519,34.22587708388589,4574,4553.8193766521335,-25.04323721481787,
488,14.259999513626099,0.03099966049194336,32.25841780621741,34.22160004519587,4560,4555.055501321707,-12.059504561518416,
489,14.287999868392944,0.028000354766845703,35.71383321128727,34.2245243913906,4550,4554.0444010573665,-16.869656889325267,
490,14.316999912261963,0.029000043869018555,34.48270645784519,34.225047356487984,4545,4552.235520845894,-25.970742581382925,
491,14.347999572753906,0.03099966049194336,32.25841780621741,34.2207983426751,4555,4552.788416676715,-17.209485122315865,
492,14.375999927520752,0.028000354766845703,35.71383321128727,34.22370634950671,4560,4554.230733341372,-3.4654567379716905,
493,14.404999732971191,0.028999805450439453,34.482989953466955,34.22422833313814,4536,4550.584586673098,-27.91837317656932,
494,14.43399977684021,0.029000043869018555,34.48270645784519,34.22474765398278,4513,4543.0676693384785,-74.17542932476918,
495,14.46399998664856,0.03000020980834961,33.33310021457522,34.22289826167899,,4543.0676693384785,-74.17542932476918,
496,14.577999830245972,0.11399984359741211,8.77194185924919,34.02387198351553,4522,4538.854135470783,-66.73251828169552,
497,14.607999801635742,0.029999971389770508,33.33336512250753,34.02245391216038,4531,4537.283308376626,-63.85820524012772,
498,14.63699984550476,0.029000043869018555,34.48270645784519,34.02336580285906,4513,4532.426646701301,-84.5807319751625,
499,14.667999744415283,0.03099989891052246,32.2581697084362,34.01963517145479,4509,4527.741317361041,-97.89261537973493,
500,14.69599986076355,0.0280001163482666,35.71413731150109,34.022863686528495,4531,4528.3930538888335,-73.65885073488886,
501,14.724999904632568,0.029000043869018555,34.48270645784519,34.02376932052696,4518,4526.314443111067,-73.26230564587956,
502,14.752999782562256,0.0279998779296875,35.714441416893735,34.026978065393436,4517,4524.451554488854,-71.91624982954973,
503,14.780999898910522,0.0280001163482666,35.71413731150109,34.03017410459999,4513,4522.161243591083,-73.89229544144197,
504,14.811999559402466,0.03099966049194336,32.25841780621741,34.02646604050614,4541,4525.9289948728665,-34.805497345616246,
505,14.839999914169312,0.028000354766845703,35.71383321128727,34.02964979250595,4513,4523.343195898294,-46.314156535654796,
506,14.869999647140503,0.029999732971191406,33.333630034650476,34.028245595641536,4541,4526.874556718635,-13.508710207699608,
507,14.898999691009521,0.029000043869018555,34.48270645784519,34.02913017750703,4522,4525.899645374908,-17.530484503794753,
508,14.92799997329712,0.029000282287597656,34.482422966884805,34.030010778985755,4513,4523.319716299927,-31.816828720647614,
509,14.956999778747559,0.028999805450439453,34.482989953466955,34.030889050572796,4509,4520.455773039942,-45.204928308789206,
510,14.987999677658081,0.03099989891052246,32.2581697084362,34.027222509234065,4485,4513.364618431953,-81.91347640168351,
511,15.015999794006348,0.0280001163482666,35.71413731150109,34.03036807472295,4480,4506.691694745563,-113.1943236823289,
512,15.044999837875366,0.029000043869018555,34.48270645784519,34.03123998120986,4518,4508.9533557964505,-74.95782012088338,
513,15.074999809265137,0.029999971389770508,33.33336512250753,34.0298511768278,4513,4509.76268463716,-54.57072534639497,
514,15.103999853134155,0.029000043869018555,34.48270645784519,34.0307206698855,4509,4509.610147709728,-44.70855749564167,
515,15.132999897003174,0.029000043869018555,34.48270645784519,34.03158683044641,4499,4507.488118167783,-50.40151035446821,
516,15.163999557495117,0.03099966049194336,32.25841780621741,34.0279619531482,4476,4501.190494534227,-80.95148315508764,
517,15.192999839782715,0.029000282287597656,34.482422966884805,34.028829424867155,4504,4501.752395627382,-60.88604429212478,
518,15.220999717712402,0.0279998779296875,35.714441416893735,34.03193020214124,4499,4501.2019165019055,-52.640846329308054,
519,15.248999834060669,0.0280001163482666,35.71413731150109,34.035019060118586,4509,4502.761533201525,-30.972604070743998,
520,15.277999639511108,0.028999805450439453,34.482989953466955,34.03586937227077,4499,4502.00922656122,-29.96643972050517,
521,15.306999683380127,0.029000043869018555,34.48270645784519,34.036715932364324,4504,4502.407381248976,-21.22726153186464,
522,15.335999965667725,0.029000282287597656,34.482422966884805,34.037558761644945,4518,4505.525904999181,4.525041771877117,
523,15.364999771118164,0.028999805450439453,34.482989953466955,34.03839946571893,4504,4505.220723999345,1.5153227472348574,
524,15.394999742507935,0.029999971389770508,33.33336512250753,34.03702557741241,4499,4503.976579199476,-7.082048378072541,
525,15.423999786376953,0.029000043869018555,34.48270645784519,34.03786354196526,4513,4505.781263359581,6.780440125949125,
526,15.452999830245972,0.029000043869018555,34.48270645784519,34.038698361367125,4485,4501.625010687665,-23.239416069305356,
527,15.479999780654907,0.026999950408935547,37.0371050633135,34.04392813096696,4531,4507.500008550132,24.92704976034483,
528,15.508999824523926,0.029000043869018555,34.48270645784519,34.044748595914555,4522,4510.400006840106,39.94159776055533,
529,15.537999868392944,0.029000043869018555,34.48270645784519,34.04556599823894,4522,4512.720005472085,47.953244570275366,
530,15.566999673843384,0.028999805450439453,34.482989953466955,34.04638087649852,4522,4514.576004377668,51.1626739791929,
531,15.595999717712402,0.029000043869018555,34.48270645784519,34.04719220384074,4522,4516.060803502134,51.17011765491971,
532,15.624999761581421,0.029000043869018555,34.48270645784519,34.04800051953126,4513,4515.448642801708,36.71430257637133,
533,15.65399980545044,0.029000043869018555,34.48270645784519,34.04880584030792,4536,4519.558914241366,57.71809876425808,
534,15.68399953842163,0.029999732971191406,33.333630034650476,34.04743788035966,4517,4519.047131393094,42.76256298692704,
535,15.712999820709229,0.029000282287597656,34.482422966884805,34.048240699073084,4541,4523.437705114476,64.48957441513676,
536,15.740999937057495,0.0280001163482666,35.71413731150109,34.05120399868294,4545,4527.750164091581,82.39480994381849,
537,15.76799988746643,0.026999950408935547,37.0371050633135,34.05631683361738,4522,4526.600131273264,57.39707069140541,
538,15.79699993133545,0.029000043869018555,34.48270645784519,34.057099597297935,4536,4528.4801050186115,58.88297311497798,
539,15.828999757766724,0.031999826431274414,31.250169501627962,34.05142512151041,4513,4525.38408401489,27.756142262600164,
540,15.860999822616577,0.032000064849853516,31.249936670193268,34.04577303065101,4527,4525.707267211912,24.22480469804453,
541,15.8919997215271,0.03099989891052246,32.2581697084362,34.04228602314713,4541,4528.76581376953,39.112466541793125,
542,15.919999837875366,0.0280001163482666,35.71413731150109,34.04522647735992,4531,4529.212651015624,34.48165458601489,
543,15.948999881744385,0.029000043869018555,34.48270645784519,34.04602194658808,4545,4532.370120812499,49.36094449984505,
544,15.978999614715576,0.029999732971191406,33.333630034650476,34.04468446816989,4560,4537.89609665,76.32892242940783,
545,16.007999897003174,0.029000282287597656,34.482422966884805,34.0454774804208,4536,4537.51687732,58.447857676673195,
546,16.036999702453613,0.028999805450439453,34.482989953466955,34.04626863692363,4564,4542.813501856001,83.2869762737756,
547,16.067999601364136,0.03099989891052246,32.2581697084362,34.04281886797912,4536,4541.450801484801,57.83793705183717,
548,16.09599995613098,0.028000354766845703,35.71383321128727,34.04572573891355,4569,4546.96064118784,85.62584887652736,
549,16.12399959564209,0.0279996395111084,35.714745527465325,34.04862402430107,4522,4541.968512950272,32.84216117217839,
550,16.151999950408936,0.028000354766845703,35.71383321128727,34.051510753383525,4536,4540.774810360218,17.747389896726737,
551,16.180999755859375,0.028999805450439453,34.482989953466955,34.05228405621074,4522,4537.019848288175,-11.698551963799378,
552,16.210999727249146,0.029999971389770508,33.33336512250753,34.05095362947546,4518,4533.215878630541,-34.71866347361231,
553,16.240999937057495,0.03000020980834961,33.33310021457522,34.049627617952645,4517,4529.972702904433,-49.39595107725325,
554,16.269999742507935,0.028999805450439453,34.482989953466955,34.050400047185484,4517,4527.378162323546,-57.41026421872064,
555,16.299999713897705,0.029999971389770508,33.33336512250753,34.049080352240495,4513,4524.502529858837,-65.09911275583458,
556,16.328999757766724,0.029000043869018555,34.48270645784519,34.04985046530754,4513,4522.20202388707,-67.9448246304603,
557,16.359999895095825,0.031000137329101562,32.25792161447117,34.046454986040054,4499,4517.561619109656,-84.29382241821595,
558,16.388999700546265,0.028999805450439453,34.482989953466955,34.04722742056071,4509,4515.849295287725,-79.24426696431868,
559,16.418999671936035,0.029999971389770508,33.33336512250753,34.045923087230676,4518,4516.27943623018,-60.527804553655336,
560,16.447999954223633,0.029000282287597656,34.482422966884805,34.04669270175911,4509,4514.8235489841445,-58.4627476049033,
561,16.476999759674072,0.028999805450439453,34.482989953466955,34.04746059249181,4522,4516.258839187316,-36.871578552668424,
562,16.50599980354309,0.029000043869018555,34.48270645784519,34.048225293166674,4541,4521.207071349853,4.628424587074061,
563,16.53499960899353,0.028999805450439453,34.482989953466955,34.04898780244176,4513,4519.565657079883,-7.617434686514643,
564,16.56399965286255,0.029000043869018555,34.48270645784519,34.04974715165071,4513,4518.252525663906,-15.150012780749382,
565,16.592999935150146,0.029000282287597656,34.482422966884805,34.0505033573296,4531,4520.802020531125,5.462541848066708,
566,16.621999740600586,0.028999805450439453,34.482989953466955,34.05125790114766,4517,4520.0416164249,-0.8741679526529467,
567,16.650999784469604,0.029000043869018555,34.48270645784519,34.05200932912396,4513,4518.63329313992,-10.411894048863802,
568,16.679999828338623,0.029000043869018555,34.48270645784519,34.05275814421723,4513,4517.506634511937,-16.09956298848169,
569,16.710999727249146,0.03099989891052246,32.2581697084362,34.04942907587881,4517,4517.40530760955,-13.533374473431174,
570,16.739999532699585,0.028999805450439453,34.482989953466955,34.05018016198706,4513,4516.52424608764,-16.903026700426306,
571,16.768999814987183,0.029000282287597656,34.482422966884805,34.050927682023854,4513,4515.8193968701125,-18.383403129671365,
572,16.79699993133545,0.0280001163482666,35.71413731150109,34.0537002046962,4499,4512.455517496091,-38.73433247636644,
573,16.827999591827393,0.03099966049194336,32.25841780621741,34.050393029381844,4550,4519.964413996873,17.457558136084735,
574,16.857999801635742,0.03000020980834961,33.33310021457522,34.04911654728483,4550,4525.971531197499,54.01321443869776,
575,16.887999773025513,0.029999971389770508,33.33336512250753,34.0478450810038,4611,4542.977224957999,156.58197140702003,
576,16.9159996509552,0.0279998779296875,35.714441416893735,34.05060368202803,4592,4552.781779966399,195.2984182188574,
577,16.943999767303467,0.0280001163482666,35.71413731150109,34.0533526867385,4513,4544.8254239731195,99.40785648645266,
578,16.972999811172485,0.029000043869018555,34.48270645784519,34.05408627999461,4438,4523.460339178496,-67.8189042948342,
579,17.003999710083008,0.03099989891052246,32.2581697084362,34.05081215431128,4424,4503.568271342797,-182.59146345500795,
580,17.031999826431274,0.0280001163482666,35.71413731150109,34.05354661288344,4457,4494.254617074237,-212.59899624784447,
581,17.060999870300293,0.029000043869018555,34.48270645784519,34.0542760926575,4513,4498.00369365939,-144.22353552351618,
582,17.089999675750732,0.028999805450439453,34.482989953466955,34.05500357181451,4490,4496.402954927512,-126.41847994070616,
583,17.120999813079834,0.031000137329101562,32.25792161447117,34.05174968547157,4448,4486.72236394201,-163.58993299098103,
584,17.1489999294281,0.0280001163482666,35.71413731150109,34.05446395727379,4391,4467.577891153608,-267.6176123770405,
585,17.17799973487854,0.028999805450439453,34.482989953466955,34.05518739252305,4448,4463.6623129228865,-241.09825886002992,
586,17.20699977874756,0.029000043869018555,34.48270645784519,34.05590791741459,4443,4459.529850338309,-221.3783059384254,
587,17.235999584197998,0.028999805450439453,34.482989953466955,34.056626488791686,4480,4463.6238802706475,-148.8677661455371,
588,17.27299976348877,0.037000179290771484,27.02689606289065,34.04156823083501,4462,4463.299104216518,-120.84975064816643,
589,17.300999879837036,0.0280001163482666,35.71413731150109,34.04427513385706,4443,4459.239283373215,-125.67840033009657,
590,17.33199954032898,0.03099966049194336,32.25841780621741,34.04108098590459,4424,4452.191426698572,-146.0132613138677,
591,17.359999895095825,0.028000354766845703,35.71383321128727,34.043779007565355,4443,4450.353141358858,-129.9410522545562,
592,17.393999814987183,0.03399991989135742,29.411834004179347,34.034724979697614,4415,4443.282513087086,-145.5448708105679,
593,17.422999620437622,0.028999805450439453,34.482989953466955,34.035471096744786,4405,4435.6260104696685,-169.23971721547505,
594,17.45099973678589,0.0280001163482666,35.71413731150109,34.03816451546188,4382,4424.900808375734,-212.00004182765207,
595,17.479999780654907,0.029000043869018555,34.48270645784519,34.038902028962596,4382,4416.3206467005875,-228.77347274311032,
596,17.508999824523926,0.029000043869018555,34.48270645784519,34.039637099385565,4387,4410.45651736047,-223.46098832771267,
597,17.53999972343445,0.03099989891052246,32.2581697084362,34.036488564043346,4387,4405.765213888376,-209.03536337348538,
598,17.566999673843384,0.026999950408935547,37.0371050633135,34.04110042139979,4401,4404.812171110701,-174.28787979610723,
599,17.595999717712402,0.029000043869018555,34.48270645784519,34.04182823423425,4424,4408.64973688856,-112.96437299076406,
600,17.62399983406067,0.0280001163482666,35.71413731150109,34.044485114010385,4438,4414.519789510849,-48.44272531698288,
601,17.65499973297119,0.03099989891052246,32.2581697084362,34.04134857490914,4438,4419.215831608679,-8.45703566363228,
602,17.68399953842163,0.028999805450439453,34.482989953466955,34.04207281797582,4443,4423.972665286943,26.040341056673917,
603,17.71299982070923,0.029000282287597656,34.482422966884805,34.04279377313605,4513,4441.778132229555,143.62740129294508,
604,17.741999864578247,0.029000043869018555,34.48270645784519,34.04351282889371,4517,4456.822505783644,218.6560644559226,
605,17.770999670028687,0.028999805450439453,34.482989953466955,34.04422999457652,4429,4451.258004626916,136.5487240680332,
606,17.798999786376953,0.0280001163482666,35.71413731150109,34.04685697360488,4391,4439.2064037015325,23.15647319991561,
607,17.827999591827393,0.028999805450439453,34.482989953466955,34.04756640662351,4452,4441.765122961226,36.17163666508064,
608,17.85599994659424,0.028000354766845703,35.71383321128727,34.05017931331069,4452,4443.8120983689805,43.558376992097365,
609,17.884999752044678,0.028999805450439453,34.482989953466955,34.050881098300096,4517,4458.449678695184,135.7962086599863,
610,17.913999795913696,0.029000043869018555,34.48270645784519,34.05158015794692,4583,4483.359742956148,280.43025367936366,
611,17.941999673843384,0.0279998779296875,35.714441416893735,34.05417518152907,4499,4486.487794364918,246.68752470100242,
612,17.979999542236328,0.037999868392944336,26.315880614620127,34.03782066636695,4513,4491.790235491935,225.25770129372881,
613,18.008999824523926,0.029000282287597656,34.482422966884805,34.0385366190765,4518,4497.0321883935485,216.35720846016707,
614,18.037999868392944,0.029000043869018555,34.48270645784519,34.03925071958119,4518,4501.225750714839,202.00684247568034,
615,18.066999673843384,0.028999805450439453,34.482989953466955,34.03996297682843,4527,4506.380600571871,197.15640114687645,
616,18.092999935150146,0.026000261306762695,38.46115191695781,34.046316376935756,4513,4507.704480457497,167.9087099976776,
617,18.122999668121338,0.029999732971191406,33.333630034650476,34.04513663846242,,4507.704480457497,167.9087099976776,
618,18.13699984550476,0.014000177383422852,71.42766642257455,34.073992681494715,4527,4511.563584365998,189.45632533143913,
619,18.16499972343445,0.0279998779296875,35.714441416893735,34.076521300544556,4531,4515.450867492799,179.33148936575313,
620,18.191999912261963,0.02700018882751465,37.03677801619469,34.080914852143394,4550,4522.36069399424,194.6487335454595,
621,18.21999955177307,0.0279996395111084,35.714745527465325,34.0834256463836,4578,4533.488555195392,235.20473304918707,
622,18.247999906539917,0.028000354766845703,35.71383321128727,34.085927399477946,4555,4537.790844156314,218.8940325147754,
623,18.276999711990356,0.028999805450439453,34.482989953466955,34.086557411897864,4606,4551.432675325052,269.1974514395142,
624,18.30799961090088,0.03099989891052246,32.2581697084362,34.083461506546044,4578,4556.746140260042,249.63849187416048,
625,18.335999965667725,0.028000354766845703,35.71383321128727,34.08595119820289,4597,4564.796912208034,257.2155788138674,
626,18.364999771118164,0.028999805450439453,34.482989953466955,34.0865781541954,4630,4577.837529766428,295.7083599017145,
627,18.395999670028687,0.03099989891052246,32.2581697084362,34.08349702362341,4630,4588.270023813142,303.8733206096021,
628,18.431999921798706,0.03600025177001953,27.777583512146016,34.071180700109075,4686,4607.816019050514,351.6867594945044,
629,18.459999561309814,0.0279996395111084,35.714745527465325,34.073673615806406,4681,4622.452815240412,385.89929784751774,
630,18.488999843597412,0.029000282287597656,34.482422966884805,34.0743147454871,4658,4629.56225219233,357.74956068450024,
631,18.5169997215271,0.0279998779296875,35.714441416893735,34.07679480960544,4663,4636.249801753864,333.9680679551966,
632,18.547999620437622,0.03099989891052246,32.2581697084362,34.07375527998251,4724,4653.799841403091,380.4008858430675,
633,18.575999975204468,0.028000354766845703,35.71383321128727,34.076227435666354,4761,4675.239873122473,457.461852048599,
634,18.604999780654907,0.028999805450439453,34.482989953466955,34.07686146060695,4747,4689.591898497978,464.9496310059678,
635,18.634999752044678,0.029999971389770508,33.33336512250753,34.07566452638811,4771,4705.873518798383,480.50394365665994,
636,18.662999629974365,0.0279998779296875,35.714441416893735,34.07812316400253,4789,4722.498815038706,503.1557886480334,
637,18.690999746322632,0.0280001163482666,35.71413731150109,34.08057400061368,4799,4737.799052030965,511.81158388643433,
638,18.71999979019165,0.029000043869018555,34.48270645784519,34.081196963168786,4832,4756.639241624773,539.3814125838319,
639,18.74899983406067,0.029000043869018555,34.48270645784519,34.08181799858734,4822,4769.711393299818,521.65776386367,
640,18.77999973297119,0.03099989891052246,32.2581697084362,34.078807726305826,4832,4782.169114639855,497.6988689244008,
641,18.807999849319458,0.0280001163482666,35.71413731150109,34.08124229771268,4864,4798.535291711884,515.0598741824786,
642,18.836999893188477,0.029000043869018555,34.48270645784519,34.08186036207121,4855,4809.828233369508,489.9301377910633,
643,18.866999626159668,0.029999732971191406,33.333630034650476,34.08067062811943,4883,4824.462586695607,489.5073341465574,
644,18.895999908447266,0.029000282287597656,34.482422966884805,34.08128721000397,4888,4837.170069356485,479.24282570860055,
645,18.922999620437622,0.026999711990356445,37.03743211620822,34.08550509631535,4869,4843.536055485189,430.5502163857948,
646,18.95299983024597,0.03000020980834961,33.33310021457522,34.084314134224115,4893,4853.428844388151,410.39163788945535,
647,18.98099970817566,0.0279998779296875,35.714441416893735,34.08671882131259,4939,4870.543075510522,450.5583512745787,
648,19.01199960708618,0.03099989891052246,32.2581697084362,34.08373729181419,4916,4879.634460408418,419.1009684038729,
649,19.039999961853027,0.028000354766845703,35.71383321128727,34.08613452207368,4916,4886.907568326735,387.23088734759006,
650,19.068999767303467,0.028999805450439453,34.482989953466955,34.08673805295851,4963,4902.1260546613885,414.7404921550403,
651,19.098999738693237,0.029999971389770508,33.33336512250753,34.08555468384659,4968,4915.300843729111,419.6244046053151,
652,19.125999689102173,0.026999950408935547,37.0371050633135,34.08972135304927,4935,4919.240674983289,364.8835125027954,
653,19.15499973297119,0.029000043869018555,34.48270645784519,34.09031631966048,4977,4930.792539986631,371.5747239924147,
654,19.18399977684021,0.029000043869018555,34.48270645784519,34.09090948747499,4958,4936.234031989305,334.7872534781146,
655,19.21299982070923,0.029000043869018555,34.48270645784519,34.091500864638085,4968,4942.587225591444,311.644864792976,
656,19.24399971961975,0.03099989891052246,32.2581697084362,34.08854757627081,4968,4947.669780473156,282.106675419722,
657,19.271999835968018,0.0280001163482666,35.71413731150109,34.09090938107096,5005,4959.135824378525,307.5853136269916,
658,19.300999879837036,0.029000043869018555,34.48270645784519,34.09149806209707,5014,4970.10865950282,321.74286142187117,
659,19.33199954032898,0.03099966049194336,32.25841780621741,34.08855864212303,5014,4978.886927602256,314.02889713081623,
660,19.36299967765808,0.031000137329101562,32.25792161447117,34.08562779461998,4996,4982.309542081805,273.30440362422434,
661,19.390999794006348,0.0280001163482666,35.71413731150109,34.087979321433004,5047,4995.2476336654445,311.05807877275225,
662,19.420999765396118,0.029999971389770508,33.33336512250753,34.086813655161876,5023,5000.798106932356,285.8496534199372,
663,19.45099973678589,0.029999971389770508,33.33336512250753,34.08565158458817,5019,5004.438485545885,252.9489366377345,
664,19.479999780654907,0.029000043869018555,34.48270645784519,34.086242683606265,4986,5000.750788436708,176.92679392594897,
665,19.508999824523926,0.029000043869018555,34.48270645784519,34.0868320252921,5033,5007.200630749367,186.02303897411974,
666,19.537999868392944,0.029000043869018555,34.48270645784519,34.08741961747082,5037,5013.160504599493,189.92094727923447,
667,19.567999839782715,0.029999971389770508,33.33336512250753,34.08626356608793,5033,5017.128403679595,178.3894435846489,
668,19.596999883651733,0.029000043869018555,34.48270645784519,34.086850230440675,5056,5024.902722943676,196.32746868629425,
669,19.627999544143677,0.03099966049194336,32.25841780621741,34.08396247897849,5009,5021.722178354941,136.54210771009286,
670,19.655999898910522,0.028000354766845703,35.71383321128727,34.08628426158754,5005,5018.377742683953,85.34516262016616,
671,19.684999704360962,0.028999805450439453,34.482989953466955,34.08686868566975,5159,5046.502194147163,262.23916554666005,
672,19.71399974822998,0.029000043869018555,34.48270645784519,34.08745097809669,5595,5156.20175531773,966.3388857171469,
673,19.742999792099,0.029000043869018555,34.48270645784519,34.0880315598914,5427,5210.361404254185,1146.5853638008605,
674,19.770999670028687,0.0279998779296875,35.714441416893735,34.09033489701242,5192,5206.689123403348,891.0375991779714,
675,19.799999952316284,0.029000282287597656,34.482422966884805,34.09090917300915,5145,5194.351298722679,627.7424615163529,
676,19.836999893188477,0.03699994087219238,27.02707021760563,34.07773371174546,5557,5266.881038978143,894.2472457629085,
677,19.863999843597412,0.026999950408935547,37.0371050633135,34.081756208743194,5342,5281.904831182515,826.6853506748739,
678,19.893999814987183,0.029999971389770508,33.33336512250753,34.08062764176902,5201,5265.723864946012,553.4750694206344,
679,19.923999547958374,0.029999732971191406,33.333630034650476,34.079502881216314,5220,5256.57909195681,381.8143596219196,
680,19.95299983024597,0.029000282287597656,34.482422966884805,34.08008849723011,5206,5246.463273565448,235.6879020121073,
681,19.98099970817566,0.0279998779296875,35.714441416893735,34.082378757122655,5216,5240.370618852358,145.03116964488757,
682,20.01199960708618,0.03099989891052246,32.2581697084362,34.07955293775371,5220,5236.296495081887,89.74018051570141,
683,20.04199981689453,0.03000020980834961,33.33310021457522,34.078435597243185,5178,5224.63719606551,-5.935972096358711,
684,20.0719997882843,0.029999971389770508,33.33336512250753,34.077322001529694,5277,5235.109756852407,65.06836081837622,
685,20.102999687194824,0.03099989891052246,32.2581697084362,34.074516771560724,5689,5325.887805481926,637.7214283530387,
686,20.131999731063843,0.029000043869018555,34.48270645784519,34.0751047667409,,5325.887805481926,637.7214283530387,
687,20.242999792099,0.11100006103515625,9.00900405526153,33.93765781038744,5314,5323.510244385541,505.89325117063834,
688,20.271999835968018,0.029000043869018555,34.48270645784519,33.93843752796908,5319,5322.608195508434,398.4935836085252,
689,20.300999879837036,0.029000043869018555,34.48270645784519,33.93921501789255,5239,5305.886556406747,203.4733923593247,
690,20.329999685287476,0.028999805450439453,34.482989953466955,33.939990687719636,5216,5287.909245125398,38.7964250264379,
691,20.36899971961975,0.03900003433227539,25.641003068872344,33.92410081553576,5169,5264.127396100319,-90.920952745953,
692,20.393999814987183,0.02500009536743164,39.99984741269145,33.931548802479725,5155,5242.301916880256,-247.33992989904198,
693,20.424999713897705,0.03099989891052246,32.2581697084362,33.92900904319057,5169,5227.641533504205,-292.4553709063113,
694,20.455999851226807,0.031000137329101562,32.25792161447117,33.92647658620211,5187,5219.513226803365,-286.40475280786364,
695,20.484999895095825,0.029000043869018555,34.48270645784519,33.92726402534106,5258,5227.210581442692,-176.0386781403191,
696,20.51199984550476,0.026999950408935547,37.0371050633135,33.93135750985926,5281,5237.968465154154,-61.142768656193255,
697,20.54199981689453,0.029999971389770508,33.33336512250753,33.93048418911777,5281,5246.574772123323,8.461219586984043,
698,20.575999975204468,0.03400015830993652,29.411627760208123,33.92301714818912,5234,5244.059817698659,-8.024805004835196,
699,20.604999780654907,0.028999805450439453,34.482989953466955,33.923805262849804,5197,5234.647854158928,-71.33037284045648,
700,20.631999969482422,0.02700018882751465,37.03677801619469,33.927879073061106,5183,5224.318283327143,-133.5791026522385,
701,20.66099977493286,0.028999805450439453,34.482989953466955,33.928658227395864,5183,5216.054626661715,-163.85440007636328,
702,20.68999981880188,0.029000043869018555,34.48270645784519,33.9294348065708,5169,5206.643701329373,-195.9863552074619,
703,20.716999769210815,0.026999950408935547,37.0371050633135,33.93348495590487,5140,5193.314961063498,-255.52067488373046,
704,20.745999813079834,0.029000043869018555,34.48270645784519,33.93425269174762,5126,5179.851968850799,-297.2646216099399,
705,20.775999784469604,0.029999971389770508,33.33336512250753,33.93338502664978,5056,5155.081575080639,-402.9478132417571,
706,20.804999828338623,0.029000043869018555,34.48270645784519,33.93415072459423,5524,5228.865260064511,186.49397954199185,
707,20.835999727249146,0.03099989891052246,32.2581697084362,33.93165719211406,5876,5358.292208051609,984.2104742361452,
708,20.863999843597412,0.0280001163482666,35.71413731150109,33.934049334134066,5843,5455.233766441288,1479.8052048928948,
709,20.89299988746643,0.029000043869018555,34.48270645784519,33.934810884928226,5717,5507.58701315303,1544.900491609546,
710,20.923999547958374,0.03099966049194336,32.25841780621741,33.93232724807993,5403,5486.669610522425,1100.9679305918485,
711,20.95199990272522,0.028000354766845703,35.71383321128727,33.93470806133024,5248,5438.935688417941,539.8220779614546,
712,20.98099970817566,0.028999805450439453,34.482989953466955,33.93546589310304,5216,5394.348550734352,124.35809820975777,
713,21.01199960708618,0.03099989891052246,32.2581697084362,33.9329913065268,5211,5357.678840587481,-137.0930680475783,
714,21.039999961853027,0.028000354766845703,35.71383321128727,33.93536127825719,5187,5323.543072469985,-353.4982802555479,
715,21.068999767303467,0.028999805450439453,34.482989953466955,33.93611504565078,5197,5298.234457975988,-457.34196407097227,
716,21.09999966621399,0.03099989891052246,32.2581697084362,33.933649825904155,5169,5272.387566380791,-532.6282543594623,
717,21.127999782562256,0.0280001163482666,35.71413731150109,33.9360094367176,5183,5254.510053104634,-553.7985962741445,
718,21.156999826431274,0.029000043869018555,34.48270645784519,33.93675879805076,5178,5239.208042483708,-548.5698251105598,
719,21.186999797821045,0.029999971389770508,33.33336512250753,33.93590441596855,5183,5227.966433986967,-513.7999882056768,
720,21.214999675750732,0.0279998779296875,35.714441416893735,33.93825175604305,5164,5215.173147189574,-502.4210089355453,
721,21.24399971961975,0.029000043869018555,34.48270645784519,33.93899498756467,5155,5203.1385177516595,-484.9341259957437,
722,21.270999670028687,0.026999950408935547,37.0371050633135,33.94292751634584,5178,5198.110814201328,-425.18961772075835,
723,21.299999713897705,0.029000043869018555,34.48270645784519,33.943662427763364,5192,5196.888651361063,-348.5803906695149,
724,21.329999685287476,0.029999971389770508,33.33336512250753,33.9428040638643,5169,5191.310921088851,-316.0492164793174,
725,21.360999822616577,0.031000137329101562,32.25792161447117,33.940358879287345,5150,5183.048736871081,-306.1435513556803,
726,21.389999866485596,0.029000043869018555,34.48270645784519,33.94109418100164,5169,5180.2389894968655,-264.292379869699,
727,21.417999744415283,0.0279998779296875,35.714441416893735,33.943412488347064,5187,5181.591191597492,-201.77527535443386,
728,21.444999933242798,0.02700018882751465,37.03677801619469,33.947307170260075,5150,5175.272953277994,-208.22165830207996,
729,21.47499966621399,0.029999732971191406,33.333630034650476,33.94644988735041,5197,5179.618362622396,-137.60767315458503,
730,21.503999948501587,0.029000282287597656,34.482422966884805,33.947172700345305,5150,5173.6946900979165,-150.93865482494866,
731,21.536999702453613,0.03299975395202637,30.303256244084647,33.94158936245518,5159,5170.755752078334,-138.56280223853756,
732,21.56499981880188,0.0280001163482666,35.71413731150109,33.94389084862366,5164,5169.404601662667,-120.50127608555309,
733,21.595999717712402,0.03099989891052246,32.2581697084362,33.941471086370456,5159,5167.323681330134,-109.8263571157622,
734,21.62499976158142,0.029000043869018555,34.48270645784519,33.942196906009265,5155,5164.8589450641075,-104.8592411240871,
735,21.65399980545044,0.029000043869018555,34.48270645784519,33.942920781545226,5145,5160.887156051286,-111.27899982759214,
736,21.68299961090088,0.028999805450439453,34.482989953466955,33.94364309401105,5122,5153.10972484103,-142.66101631948484,
