Index,Time,Difference,Hz,AveHz,0x6829 Pressure,0x6829 Acceleration-X,0x6829 Acceleration-Y,0x6829 Acceleration-Z,0x6829 Magnetic-X,0x6829 Magnetic-Y,0x6829 Magnetic-Z,0x6829 Angular-Vel-X,0x6829 Angular-Vel-Y,0x6829 Angular-Vel-Z,0x6829 Heading,0x6829 Roll,0x6829 Pitch,0x6829 Quaternion-X,0x6829 Quaternion-Y,0x6829 Quaternion-Z,0x6829 Quaternion-W,0x6829 Linear-Acceleration-X,0x6829 Linear-Acceleration-Y,0x6829 Linear-Acceleration-Z,0x6829 Gravity-X,0x6829 Gravity-Y,0x6829 Gravity-Z,0x6829 Measured-X,0x6829 Measured-Y,0x6829 Measured-Z,0x6829 Smoothed-X,0x6829 Smoothed-Y,0x6829 Smoothed-Z,0x6829 Velocity-X,0x6829 Velocity-Y,0x6829 Velocity-Z,
0,0.0009999275207519531,0.0009999275207519531,1000.072484501669,0.0,102122.5,54.0,162.0,966.0,-1.5,-23.25,-42.875,-0.4375,-0.3125,-0.3125,182.4375,3.1875,-9.6875,0.02972412109375,0.083740234375,0.99578857421875,0.021240234375,0.0,-2.0,5.0,54.0,164.0,965.0,-359,1087,519,-359,1087,519,,,,
1,0.10401034355163574,0.10301041603088379,9.707756152544688,9.614428390995092,102122.5,61.0,158.0,978.0,-2.5625,-22.5625,-42.875,-1.0,-1.4375,-0.8125,182.4375,3.25,-9.625,0.030517578125,0.08319091796875,0.995849609375,0.021484375,5.0,-5.0,13.0,56.0,163.0,965.0,-308,1090,579,-308,1090,579,38.12235841104299,2.242491671237823,44.849833424756454,
2,0.19601941108703613,0.09200906753540039,10.868494016801671,10.20307115968206,102122.5,62.0,157.0,968.0,-1.875,-22.1875,-42.0625,-0.5625,-0.625,-0.4375,182.4375,3.25,-9.5625,0.03076171875,0.08306884765625,0.995849609375,0.021728515625,5.0,-6.0,3.0,56.0,163.0,965.0,-402,1108,577,-402,1108,577,-43.47922288021782,17.133552519839625,39.72264817246275,
3,0.2890288829803467,0.09300947189331055,10.751593140396299,10.379585490090944,102124.0,74.0,155.0,987.0,-2.5625,-21.75,-42.875,-1.5,-0.9375,0.6875,182.5,3.375,-9.5,0.0313720703125,0.082275390625,0.995849609375,0.02191162109375,17.0,-6.0,22.0,57.0,161.0,965.0,-230,1083,516,-230,1083,516,102.26277683296752,-4.882547819450901,-13.836228717258294,
4,0.3830382823944092,0.0940093994140625,10.637234215224801,10.442820427753631,102124.0,53.0,153.0,966.0,-1.875,-23.6875,-44.5,-2.1875,-0.375,0.9375,182.5,3.3125,-9.5,0.0313720703125,0.08221435546875,0.995849609375,0.02215576171875,-4.0,-5.0,12.0,57.0,161.0,965.0,-372,1110,680,-372,1110,680,-21.918975892438965,17.608218296099178,121.55615456382938,
5,0.48404836654663086,0.10101008415222168,9.900001652241029,10.329546271732587,102124.0,69.0,159.0,966.0,-2.25,-22.5625,-42.5,-0.8125,-0.375,1.0,182.4375,3.375,-9.5,0.031494140625,0.08209228515625,0.99591064453125,0.02117919921875,13.0,-2.0,0.0,58.0,161.0,965.0,-283,1080,557,-283,1080,557,47.613496574086604,-6.616618329377236,18.43341501403974,
6,0.5810580253601074,0.09700965881347656,10.30825190224337,10.32599110266403,102124.0,70.0,157.0,964.0,-2.25,-22.1875,-43.6875,-0.3125,-0.9375,0.25,182.375,3.375,-9.4375,0.03167724609375,0.08172607421875,0.99591064453125,0.02117919921875,12.0,0.0,9.0,58.0,160.0,965.0,-300,1105,536,-300,1105,536,30.453755597845365,13.736246193803296,0.3455987320311529,
7,0.6720671653747559,0.09100914001464844,10.987907366656188,10.415625640774584,102124.75,49.0,155.0,955.0,-1.875,-23.25,-42.5,1.5625,1.3125,-1.0625,182.5,3.375,-9.5,0.03143310546875,0.08209228515625,0.99591064453125,0.021728515625,-4.0,-4.0,7.0,57.0,161.0,965.0,-358,1090,634,-358,1090,634,-20.96317788267526,-0.012477771607452226,83.23373661845235,
8,0.7610759735107422,0.08900880813598633,11.234843168242573,10.511434177979716,102124.75,54.0,159.0,983.0,-1.5,-22.1875,-43.25,0.6875,2.0,0.6875,182.4375,3.25,-9.4375,0.03070068359375,0.08203125,0.99591064453125,0.021484375,-1.0,-1.0,17.0,56.0,161.0,965.0,-266,1104,492,-266,1104,492,60.23861581812112,12.099643952171816,-46.01703630273276,
9,0.8590857982635498,0.09800982475280762,10.203058749692884,10.47625280058347,102124.75,64.0,174.0,953.0,-1.1875,-23.0,-43.25,2.1875,1.4375,1.0,182.375,3.1875,-9.6875,0.02972412109375,0.083740234375,0.995849609375,0.02069091796875,10.0,9.0,-12.0,54.0,164.0,965.0,-201,1080,506,-201,1080,506,106.66655144233869,-7.687281201577866,-31.47482717525341,
10,0.9520952701568604,0.09300947189331055,10.751593140396299,10.503150591592028,102124.75,57.0,163.0,970.0,-2.25,-21.0625,-42.5,3.5625,1.5625,-2.4375,182.3125,3.125,-9.625,0.029541015625,0.0833740234375,0.995849609375,0.0205078125,2.0,0.0,5.0,54.0,163.0,965.0,-317,1104,544,-317,1104,544,2.419997051258889,12.773583574395989,2.4078960460406726,
11,1.0431044101715088,0.09100914001464844,10.987907366656188,10.545444820994826,102121.25,56.0,158.0,971.0,-1.875,-23.0,-42.0625,-0.3125,-0.125,-0.5,182.375,3.125,-9.625,0.0291748046875,0.08349609375,0.995849609375,0.0211181640625,2.0,-5.0,5.0,53.0,164.0,965.0,86,1081,457,86,1081,457,343.19941077302013,-7.6695663071806095,-71.38550339873426,
12,1.1371135711669922,0.0940091609954834,10.637261192534675,10.553035601962511,102121.25,64.0,158.0,969.0,-1.5,-23.0,-42.875,-0.5,0.5625,-0.4375,182.375,3.0625,-9.625,0.02886962890625,0.08349609375,0.995849609375,0.02117919921875,11.0,-5.0,3.0,52.0,164.0,965.0,-292,1104,565,-292,1104,565,7.164931873583328,11.759579870451208,22.57064444008664,
13,1.2341232299804688,0.09700965881347656,10.30825190224337,10.533794101101021,102121.25,52.0,168.0,968.0,-1.1875,-23.0,-42.5,-0.6875,0.1875,-0.3125,182.4375,3.0625,-9.625,0.02899169921875,0.08319091796875,0.995849609375,0.021484375,0.0,4.0,3.0,53.0,163.0,965.0,-217,1069,504,-217,1069,504,66.14338685477287,-16.926646656119413,-27.585154366637138,
14,1.3311333656311035,0.09701013565063477,10.30820123374868,10.517353378308913,102121.25,28.0,160.0,957.0,-1.875,-23.6875,-42.5,-2.375,-2.5625,2.5625,182.375,3.125,-9.5625,0.02923583984375,0.08294677734375,0.99591064453125,0.0211181640625,-24.0,-2.0,-7.0,53.0,163.0,965.0,-305,1113,523,-305,1113,523,-8.798025492925682,19.300890916342304,-10.38019907543176,
15,1.4241423606872559,0.09300899505615234,10.75164826150707,10.532654890457279,102122.5,10.0,145.0,978.0,-1.875,-22.1875,-42.5,-6.5,-3.6875,6.8125,182.125,3.25,-9.3125,0.030029296875,0.08099365234375,0.99609375,0.01873779296875,-44.0,-14.0,12.0,55.0,159.0,966.0,-257,1090,515,-257,1090,515,31.617514444559724,-1.2264467553450729,-16.20393907571187,
16,1.5191519260406494,0.09500956535339355,10.52525602322716,10.532192156515011,102122.5,-24.0,161.0,929.0,-1.1875,-22.1875,-42.875,9.5,-4.875,4.125,181.75,3.5,-9.3125,0.0321044921875,0.0809326171875,0.99609375,0.0155029296875,-84.0,2.0,-36.0,60.0,159.0,965.0,-363,1091,563,-363,1091,563,-56.72417382925146,-0.3215656413950111,23.94511049496553,
17,1.621161937713623,0.10201001167297363,9.802959372319515,10.486305904748571,102122.5,-21.0,132.0,1008.0,-2.5625,-22.5625,-42.5,-2.6875,3.375,9.5,180.75,3.875,-8.875,0.034912109375,0.07720947265625,0.99639892578125,0.00677490234375,-88.0,-18.0,41.0,67.0,151.0,966.0,-478,1125,730,-478,1125,730,-139.16161768628842,25.367342549724896,148.15759155550984,
18,1.7181715965270996,0.09700965881347656,10.30825190224337,10.47625280058347,102122.5,-5.0,126.0,972.0,-3.0,-21.5,-42.0625,-0.625,7.625,16.875,179.4375,4.0625,-9.25,0.0357666015625,0.08062744140625,0.99609375,-0.00439453125,-76.0,-30.0,6.0,70.0,157.0,965.0,-349,1146,592,-349,1146,592,-26.054306979460833,40.08250049932361,27.213972292497544,
19,1.8141813278198242,0.09600973129272461,10.41561086085216,10.47304352031507,102117.75,-18.0,109.0,1010.0,-3.0,-22.5625,-43.25,-1.75,4.0,16.8125,178.125,3.625,-8.6875,0.0306396484375,0.076416015625,0.9964599609375,-0.01617431640625,-80.0,-39.0,43.0,62.0,148.0,967.0,-327,1161,519,-327,1161,519,-6.404080543758791,49.02617850515993,-33.427652222874755,
20,1.9071907997131348,0.09300947189331055,10.751593140396299,10.486627768447839,102117.75,49.0,131.0,982.0,-3.75,-21.75,-42.875,-13.875,1.0,7.5625,176.8125,3.75,-8.3125,0.03070068359375,0.07257080078125,0.99652099609375,-0.02764892578125,-37.0,-11.0,30.0,63.0,140.0,968.0,-517,1213,728,-517,1213,728,-163.20677398588722,88.30054169440939,142.1716654066842,
21,2.0062005519866943,0.09900975227355957,10.100015170596976,10.467547713115811,102117.75,48.0,131.0,986.0,-3.375,-22.1875,-43.6875,-17.4375,8.75,4.5625,176.3125,2.9375,-7.4375,0.0240478515625,0.0657958984375,0.99700927734375,-0.03204345703125,-3.0,4.0,15.0,51.0,127.0,971.0,-473,1211,615,-473,1211,615,-116.42100099099136,79.94599764766794,43.34421517100526,
22,2.0972096920013428,0.09100914001464844,10.987907366656188,10.490128900274945,102117.75,38.0,151.0,914.0,-3.75,-21.0625,-44.0625,5.4375,12.9375,-1.5,176.25,1.875,-6.9375,0.01458740234375,0.0614013671875,0.99749755859375,-0.0325927734375,5.0,32.0,-58.0,32.0,119.0,972.0,-528,1303,772,-528,1303,772,-153.99037161247398,151.62849161418995,172.83952275834451,
23,2.1942193508148193,0.09700965881347656,10.30825190224337,10.482087851179962,102118.5,37.0,118.0,934.0,-2.5625,-20.6875,-44.875,9.625,8.5,-8.0,177.0,1.0,-6.1875,0.00787353515625,0.0546875,0.9981689453125,-0.025634765625,25.0,37.0,-63.0,18.0,106.0,974.0,-572,1337,839,-572,1337,839,-177.05747044311403,166.94010123997046,212.71115106962552,
24,2.2842283248901367,0.09000897407531738,11.110003311039003,10.506830573145228,102118.5,-56.0,111.0,1022.0,-2.25,-21.5,-44.875,-42.375,-5.1875,14.25,176.875,0.6875,-4.1875,0.00531005859375,0.03717041015625,0.9989013671875,-0.027099609375,-17.0,0.0,74.0,12.0,72.0,977.0,-564,1354,828,-564,1354,828,-156.58028317939423,168.6287077786428,186.92221963281432,
25,2.378237724304199,0.0940093994140625,10.637234215224801,10.511985300928757,102118.5,-7.0,168.0,932.0,-3.0,-18.5,-47.0,4.6875,-8.875,11.125,175.375,0.9375,-4.1875,0.00677490234375,0.0372314453125,0.99847412109375,-0.04010009765625,-23.0,79.0,-64.0,16.0,72.0,977.0,-616,1418,847,-616,1418,847,-187.115087172341,208.06458749231513,188.0914823779615,
26,2.4712471961975098,0.09300947189331055,10.751593140396299,10.521003337912132,102118.5,-3.0,159.0,944.0,-3.0,-18.875,-45.25,4.9375,-10.625,7.9375,174.375,2.1875,-4.5,0.0172119140625,0.04052734375,0.99786376953125,-0.04888916015625,-40.0,92.0,-35.0,37.0,77.0,976.0,-609,1464,818,-609,1464,818,-166.91211675739711,230.12575715869056,149.60013075235355,
27,2.5652565956115723,0.0940093994140625,10.637234215224801,10.525262870852513,102124.25,107.0,114.0,1067.0,-3.375,-19.5625,-45.6875,-18.0,-21.5625,-4.25,174.125,3.125,-4.125,0.02581787109375,0.03753662109375,0.9976806640625,-0.05096435546875,53.0,44.0,90.0,54.0,70.0,976.0,-492,1513,626,-492,1513,626,-58.229040722117304,252.54035855151457,-19.17994995346112,
28,2.6572656631469727,0.09200906753540039,10.868494016801671,10.537147409958207,102124.25,50.0,78.0,1082.0,-3.375,-19.25,-46.5,-8.5625,7.5625,-3.4375,174.8125,2.8125,-3.6875,0.0233154296875,0.033447265625,0.9981689453125,-0.04473876953125,1.0,14.0,105.0,48.0,63.0,977.0,-505,1566,722,-505,1566,722,-64.62476709733275,277.44907502561557,62.63681396515335,
29,2.7552754878997803,0.09800982475280762,10.203058749692884,10.525263309370695,102124.25,19.0,73.0,1004.0,-3.75,-18.0625,-46.0625,5.625,9.9375,-0.125,174.9375,1.0,-4.125,0.00714111328125,0.036376953125,0.99835205078125,-0.0440673828125,2.0,2.0,26.0,17.0,70.0,977.0,-529,1606,808,-529,1606,808,-78.50391260027058,287.51091719769727,125.37843433030282,
30,2.850285053253174,0.09500956535339355,10.52525602322716,10.525263066499082,102124.25,84.0,53.0,930.0,-2.25,-19.5625,-46.5,3.5625,-3.25,2.0,174.4375,1.4375,-4.5,0.01104736328125,0.0401611328125,0.99798583984375,-0.04840087890625,58.0,-23.0,-46.0,25.0,77.0,977.0,-466,1631,720,-466,1631,720,-21.401094361374803,285.63369441818685,44.40516007348228,
31,2.9422943592071533,0.09200930595397949,10.86846585387974,10.535995456400707,102124.25,5.0,92.0,954.0,-3.375,-20.25,-46.0625,-14.0,-3.3125,8.5625,175.0625,1.5,-4.75,0.01171875,0.042236328125,0.99810791015625,-0.0426025390625,55.0,-10.0,46.0,26.0,81.0,976.0,-499,1691,903,-499,1691,903,-47.369981830257366,313.8522121929109,194.13351509484357,
32,3.0373036861419678,0.09500932693481445,10.525282435545472,10.53566034440465,102124.25,28.0,66.0,944.0,-2.5625,-18.875,-46.0625,13.4375,-0.625,11.6875,173.9375,1.9375,-3.875,0.015625,0.03485107421875,0.99786376953125,-0.05255126953125,-2.0,19.0,-42.0,34.0,66.0,977.0,-456,1732,856,-456,1732,856,-8.873283085236494,322.91390850307386,141.09423729830155,
33,3.126312494277954,0.08900880813598633,11.234843168242573,10.555566681321665,102124.25,1.0,29.0,979.0,-3.75,-20.25,-47.0,-1.625,3.875,1.375,173.5,2.125,-3.75,0.01666259765625,0.03375244140625,0.9976806640625,-0.056396484375,-39.0,-38.0,-13.0,36.0,64.0,977.0,-570,1797,1012,-570,1797,1012,-106.8094936185066,354.27992760539126,265.1829171632621,
34,3.2193219661712646,0.09300947189331055,10.751593140396299,10.561230084245397,102124.25,42.0,29.0,951.0,-3.375,-19.25,-47.25,-3.75,-8.0625,9.3125,173.125,2.1875,-4.125,0.017333984375,0.03753662109375,0.99737548828125,-0.05950927734375,0.0,-48.0,-23.0,38.0,71.0,977.0,-634,1859,934,-634,1859,934,-151.56901360575455,378.32847883202805,180.1897641404708,
35,3.310330867767334,0.09100890159606934,10.987936151986148,10.572961253146847,102126.25,14.0,56.0,973.0,-4.875,-21.5,-46.0625,3.625,0.6875,5.3125,172.75,2.3125,-4.25,0.01824951171875,0.03857421875,0.99713134765625,-0.06298828125,-25.0,-17.0,-3.0,40.0,73.0,977.0,-643,1932,949,-643,1932,949,-147.51283931143786,410.96037507227607,179.00621855719857,
36,3.4043405055999756,0.0940096378326416,10.637207238051761,10.574735382897726,102126.25,41.0,27.0,1053.0,-3.75,-20.0,-47.0,-9.9375,5.375,-6.125,172.875,2.375,-3.5,0.01898193359375,0.031982421875,0.99737548828125,-0.06182861328125,0.0,-32.0,75.0,41.0,60.0,977.0,-525,1997,807,-525,1997,807,-39.50468571951883,432.5556484181599,48.915515787436306,
37,3.49934983253479,0.09500932693481445,10.525282435545472,10.57339270741007,102126.25,9.0,68.0,1039.0,-4.0625,-19.25,-47.0,-12.75,9.6875,-2.6875,173.9375,1.3125,-2.875,0.0106201171875,0.026123046875,0.99822998046875,-0.052734375,-13.0,17.0,60.0,23.0,50.0,979.0,162,2035,449,162,2035,449,520.3140906388041,430.0458398963676,-244.9909145464428,
38,3.5923593044281006,0.09300947189331055,10.751593140396299,10.578006479797141,102126.25,7.0,80.0,925.0,-2.5625,-18.875,-47.0,-5.875,24.125,-9.3125,174.375,0.375,-2.0,0.00274658203125,0.0179443359375,0.9986572265625,-0.048583984375,0.0,45.0,-54.0,7.0,34.0,980.0,-506,2125,760,-506,2125,760,-72.76903910980775,471.44085068729373,31.341786806703425,
39,3.685368537902832,0.09300923347473145,10.751620700881036,10.58238805668891,102129.75,14.0,68.0,949.0,-1.875,-18.875,-48.0625,-10.6875,4.5,8.8125,174.4375,-0.3125,-1.3125,-0.003662109375,0.011474609375,0.998779296875,-0.04827880859375,21.0,46.0,-31.0,-6.0,22.0,980.0,-632,2225,999,-632,2225,999,-171.47804713830038,517.927384581156,226.79054498090096,
40,3.7793779373168945,0.0940093994140625,10.637234215224801,10.583752316762828,102129.75,12.0,64.0,963.0,-1.5,-16.5625,-48.875,8.25,3.25,6.1875,173.25,-0.375,-0.6875,-0.00372314453125,0.005859375,0.998291015625,-0.05841064453125,19.0,52.0,-17.0,-6.0,11.0,980.0,-640,2289,887,-640,2289,887,-164.82677378522973,530.4672661810349,117.59216514527292,
41,3.874387502670288,0.09500956535339355,10.52525602322716,10.582317842947347,102129.75,-12.0,78.0,932.0,-1.875,-18.0625,-48.875,20.75,-3.6875,1.625,172.875,-0.1875,-1.8125,-0.00274658203125,0.0162353515625,0.9979248046875,-0.06201171875,-8.0,46.0,-47.0,-3.0,32.0,980.0,-707,2363,958,-707,2363,958,-206.43490802759598,549.5941955054436,166.0791431080698,
42,3.9723970890045166,0.09800958633422852,10.203083569701421,10.572961126231519,102129.75,39.0,44.0,1013.0,-1.1875,-19.5625,-48.5,-2.625,4.625,10.3125,172.5,-0.5625,-2.4375,-0.00640869140625,0.021240234375,0.99761962890625,-0.06512451171875,49.0,2.0,34.0,-9.0,42.0,979.0,-691,2449,929,-691,2449,929,-177.96922115159896,574.8402618500874,130.50756347760515,
43,4.068406820297241,0.09600973129272461,10.41561086085216,10.569247840573226,102124.5,21.0,20.0,1036.0,-0.75,-18.5,-48.875,13.25,3.4375,-4.5625,172.4375,-1.125,-2.5625,-0.011474609375,0.02197265625,0.99749755859375,-0.06585693359375,41.0,-24.0,56.0,-19.0,44.0,979.0,-659,2508,1001,-659,2508,1001,-138.60152596178614,577.8956818284821,178.20262770239395,
44,4.166416645050049,0.09800982475280762,10.203058749692884,10.560633692810013,102124.5,-50.0,58.0,1021.0,-1.1875,-20.25,-48.0,-3.3125,-12.5,17.0625,172.3125,-1.25,-4.0625,-0.0133056640625,0.03485107421875,0.9970703125,-0.066650390625,-28.0,-11.0,43.0,-21.0,69.0,977.0,-603,2593,830,-603,2593,830,-83.93361913405289,600.1767338444289,30.13735081210342,
45,4.25942587852478,0.09300923347473145,10.751620700881036,10.564804103501716,102124.5,3.0,-6.0,1004.0,-1.1875,-20.0,-48.0,10.625,0.0,-3.6875,171.1875,-0.75,-3.5,-0.00927734375,0.02996826171875,0.99658203125,-0.07659912109375,16.0,-66.0,25.0,-13.0,59.0,978.0,-591,2681,816,-591,2681,816,-67.53623293311674,626.8161072075777,16.226527684021704,
46,4.355435609817505,0.09600973129272461,10.41561086085216,10.561515338744137,102124.5,15.0,6.0,993.0,-1.1875,-20.25,-47.6875,-3.0,-1.5625,12.9375,170.875,-0.75,-3.8125,-0.0093994140625,0.032958984375,0.99627685546875,-0.0791015625,28.0,-59.0,15.0,-13.0,65.0,978.0,-638,2741,983,-638,2741,983,-100.03003870269072,626.6713891297312,148.91142511204995,
47,4.449445009231567,0.0940093994140625,10.637234215224801,10.563115153122668,102124.5,-45.0,71.0,875.0,-1.5,-20.0,-46.875,15.4375,-12.125,0.375,170.5625,-0.25,-5.0,-0.00628662109375,0.0435791015625,0.99566650390625,-0.08203125,-40.0,-14.0,-101.0,-5.0,86.0,976.0,-628,2793,1090,-628,2793,1090,-84.13705537686045,621.0091779645021,225.08541807765926,
48,4.542454242706299,0.09300923347473145,10.751620700881036,10.56697490724807,102124.5,-71.0,21.0,978.0,-1.1875,-21.5,-47.1875,-6.0,5.0,-7.0,171.0,-0.25,-4.6875,-0.005859375,0.04083251953125,0.99609375,-0.078125,-66.0,-59.0,1.0,-5.0,80.0,977.0,-499,2871,739,-499,2871,739,29.137346309009118,637.765705190727,-82.83021179703229,
49,4.634463310241699,0.09200906753540039,10.868494016801671,10.572961035577714,102124.5,58.0,46.0,994.0,-1.5,-21.5,-46.75,-6.0625,2.0,-10.0625,171.6875,0.0625,-4.6875,-0.00238037109375,0.041015625,0.99658203125,-0.0718994140625,56.0,-33.0,16.0,1.0,80.0,977.0,-627,2912,959,-627,2912,959,-80.22610638638186,622.9695815020839,107.66000315595952,
50,4.725472688674927,0.09100937843322754,10.987878581477048,10.580952064294024,102124.5,-36.0,34.0,1003.0,-1.1875,-20.0,-46.875,4.375,6.9375,-24.25,173.9375,-0.6875,-4.0625,-0.0079345703125,0.0345458984375,0.99774169921875,-0.05267333984375,-25.0,-35.0,25.0,-10.0,69.0,978.0,-650,3005,982,-650,3005,982,-93.5082291624263,653.6851222483806,118.82971588074649,
51,4.822482347488403,0.09700965881347656,10.30825190224337,10.575466393684428,102125.75,6.0,24.0,1003.0,0.25,-19.25,-47.5625,-8.5625,7.75,-12.1875,175.6875,-1.375,-3.4375,-0.01318359375,0.02960205078125,0.998779296875,-0.037353515625,30.0,-34.0,24.0,-23.0,58.0,978.0,-695,3053,1055,-695,3053,1055,-122.02618835819275,641.4506668659468,167.622511700439,
52,4.917491674423218,0.09500932693481445,10.525282435545472,10.57449680504018,102125.75,22.0,38.0,946.0,0.6875,-19.5625,-47.5625,-7.5,0.8125,-11.75,177.0625,-1.125,-2.75,-0.01043701171875,0.02410888671875,0.99932861328125,-0.02545166015625,41.0,-8.0,-32.0,-19.0,47.0,979.0,-701,3147,1000,-701,3147,1000,-117.49285233983393,668.240959785747,110.1410071849701,
53,5.008500814437866,0.09100914001464844,10.987907366656188,10.582008861258117,102125.75,5.0,111.0,926.0,1.375,-20.6875,-48.0,-10.3125,-9.4375,7.5,177.625,-0.9375,-2.375,-0.0091552734375,0.02105712890625,0.99951171875,-0.02044677734375,22.0,69.0,-53.0,-17.0,41.0,979.0,-717,3191,953,-717,3191,953,-121.98300458538715,654.0134360404757,61.89491287179866,
54,5.10351037979126,0.09500956535339355,10.52525602322716,10.58095232133312,102125.75,-55.0,94.0,887.0,0.6875,-20.0,-48.875,5.125,6.4375,-2.6875,177.5,-0.75,-1.875,-0.0069580078125,0.01666259765625,0.9996337890625,-0.02130126953125,-42.0,61.0,-92.0,-12.0,33.0,980.0,-768,3255,1062,-768,3255,1062,-153.9229936355254,655.5228631478225,145.4674783836157,
55,5.199519872665405,0.09600949287414551,10.415636725743928,10.577899757464646,102126.5,-32.0,76.0,990.0,1.0625,-17.375,-48.875,7.0,-2.0,5.375,177.4375,-1.0,-1.9375,-0.00958251953125,0.0167236328125,0.99957275390625,-0.02197265625,-16.0,30.0,12.0,-18.0,33.0,979.0,-722,3349,966,-722,3349,966,-105.17873784300494,680.4359813063747,57.27409587137818,
56,5.296529769897461,0.09700989723205566,10.308226567933762,10.572960491654923,102126.5,24.0,60.0,1036.0,3.25,-18.5,-48.375,-3.75,3.0625,13.4375,176.9375,-1.25,-2.125,-0.01171875,0.018310546875,0.9993896484375,-0.0267333984375,46.0,23.0,57.0,-22.0,36.0,979.0,-709,3378,964,-709,3378,964,-86.76144023459187,651.0606806719801,51.27652359782026,
57,5.389538764953613,0.09300899505615234,10.75164826150707,10.576044163677258,102126.5,0.0,97.0,953.0,1.0625,-18.5,-47.5625,17.6875,7.1875,-7.0625,177.25,-1.8125,-2.8125,-0.01666259765625,0.024658203125,0.999267578125,-0.02362060546875,21.0,35.0,-41.0,-31.0,49.0,978.0,-729,3470,1012,-729,3470,1012,-96.63834765924919,677.0936845447537,87.06632325531822,
58,5.485548496246338,0.09600973129272461,10.41561086085216,10.573236211417756,102126.5,-29.0,37.0,945.0,2.875,-20.0,-46.375,-10.25,4.5625,1.75,177.875,-3.125,-3.5625,-0.02801513671875,0.0306396484375,0.99896240234375,-0.0185546875,24.0,-23.0,-31.0,-53.0,61.0,977.0,-715,3529,1013,-715,3529,1013,-77.96916638148838,672.275590975659,81.16421840094434,
59,5.5805580615997314,0.09500956535339355,10.52525602322716,10.572419343861636,102127.0,-47.0,1.0,1051.0,2.875,-20.25,-46.375,-14.9375,17.25,-9.625,178.0625,-2.5625,-2.875,-0.02325439453125,0.0250244140625,0.999267578125,-0.01690673828125,49.0,-69.0,59.0,-44.0,49.0,978.0,-633,3630,830,-633,3630,830,-5.509074039457488,702.3652865631709,-73.3968090392223,
60,5.670567035675049,0.09000897407531738,11.110003311039003,10.580952420194313,102127.0,-46.0,33.0,951.0,2.5625,-18.875,-48.0,40.625,-14.375,1.75,178.8125,-3.0,-4.0,-0.026611328125,0.0350341796875,0.99896240234375,-0.01025390625,5.0,-35.0,-25.0,-51.0,69.0,976.0,-700,3671,905,-700,3671,905,-62.401382420069474,683.3574399507569,-3.584985621951944,
61,5.765576601028442,0.09500956535339355,10.52525602322716,10.580034612517167,102127.0,-62.0,42.0,1039.0,2.875,-19.25,-47.5625,6.8125,-3.4375,1.1875,178.6875,-2.125,-3.6875,-0.01910400390625,0.03240966796875,0.99920654296875,-0.01129150390625,-25.0,-21.0,61.0,-36.0,63.0,977.0,-672,3752,920,-672,3752,920,-34.90402398764637,696.3849388914165,8.847728977765726,
62,5.859585762023926,0.0940091609954834,10.637261192534675,10.580952735912332,102127.0,-41.0,21.0,1070.0,2.5625,-20.6875,-47.1875,-15.1875,-14.25,12.125,178.3125,-1.6875,-3.5625,-0.01556396484375,0.03118896484375,0.999267578125,-0.01458740234375,-11.0,-40.0,92.0,-29.0,61.0,978.0,-658,3852,803,-658,3852,803,-20.74944657504522,724.6702097792944,-87.66463223706712,
63,5.954595327377319,0.09500956535339355,10.52525602322716,10.580064057476116,102126.75,-41.0,93.0,957.0,1.75,-19.5625,-46.375,8.1875,-5.5625,-2.6875,178.3125,-1.25,-4.4375,-0.01153564453125,0.0390625,0.99908447265625,-0.01422119140625,-20.0,16.0,-19.0,-21.0,76.0,977.0,-685,3933,941,-685,3933,941,-41.033746461056,734.5166254431566,30.92691494799884,
64,6.051604986190796,0.09700965881347656,10.30825190224337,10.575706799442807,102126.75,-76.0,29.0,994.0,1.75,-20.25,-46.75,14.5625,6.75,-13.0,179.4375,-1.4375,-4.4375,-0.013427734375,0.04022216796875,0.99908447265625,-0.00335693359375,-60.0,-31.0,4.0,-26.0,78.0,977.0,-619,3959,790,-619,3959,790,14.512388183646117,698.5959655923248,-91.30850237038072,
65,6.1466145515441895,0.09500956535339355,10.52525602322716,10.57492697076154,102126.75,95.0,99.0,1033.0,1.0625,-20.25,-47.1875,-8.75,-5.0625,1.6875,179.5625,-0.875,-4.6875,-0.00811767578125,0.04205322265625,0.99908447265625,-0.00372314453125,111.0,18.0,56.0,-15.0,80.0,977.0,-698,4031,807,-698,4031,807,-50.63019809578544,703.1560956344872,-70.50018755345705,
66,6.241624116897583,0.09500956535339355,10.52525602322716,10.574170883075459,102126.75,-64.0,88.0,905.0,1.75,-21.0625,-46.375,-1.625,16.3125,-16.0625,180.875,-1.4375,-4.25,-0.01226806640625,0.03753662109375,0.99920654296875,0.0076904296875,-39.0,15.0,-72.0,-24.0,73.0,977.0,-652,4093,705,-652,4093,705,-9.451216008139362,699.2606485255181,-147.73703391826697,
67,6.336633682250977,0.09500956535339355,10.52525602322716,10.5734374684887,102124.75,101.0,93.0,1029.0,2.875,-20.25,-47.1875,-16.8125,-6.0625,13.75,180.375,-1.0,-2.8125,-0.00872802734375,0.02459716796875,0.9996337890625,0.0032958984375,118.0,45.0,49.0,-17.0,48.0,979.0,-770,4179,863,-770,4179,863,-104.3559486025546,715.1158239748636,-8.311017527978805,
68,6.430643081665039,0.0940093994140625,10.637234215224801,10.574370111424884,102124.75,-39.0,111.0,938.0,2.1875,-18.5,-47.5625,8.0625,-6.1875,0.8125,180.6875,-0.8125,-2.9375,-0.0069580078125,0.02618408203125,0.9996337890625,0.00634765625,-25.0,60.0,-41.0,-13.0,51.0,979.0,-922,4265,1091,-922,4265,1091,-220.81872981514897,730.4916705020178,179.07621470416217,
69,6.5246522426605225,0.0940091609954834,10.637261192534675,10.575276265124629,102124.75,-39.0,104.0,970.0,1.375,-19.25,-47.5625,10.0,-4.25,9.375,180.375,-0.75,-3.4375,-0.00653076171875,0.0301513671875,0.99951171875,0.0037841796875,-26.0,45.0,-8.0,-13.0,59.0,978.0,-931,4308,1026,-931,4308,1026,-211.18730962580904,709.4637836818448,112.04785390330565,
70,6.622662305831909,0.09801006317138672,10.2030339298051,10.569767378650438,102124.75,6.0,119.0,1015.0,-0.0625,-19.25,-48.0,16.25,14.0,-3.6875,179.6875,-0.375,-3.8125,-0.003662109375,0.03350830078125,0.99945068359375,-0.00299072265625,33.0,41.0,47.0,-7.0,65.0,978.0,-864,4398,969,-864,4398,969,-142.28843474075722,725.5420974718921,58.639053234836524,
71,6.719671964645386,0.09700965881347656,10.30825190224337,10.565991967101455,102127.5,-63.0,20.0,991.0,1.75,-20.0,-47.1875,13.0625,9.3125,-2.0625,180.3125,-1.5625,-4.6875,-0.01361083984375,0.0411376953125,0.99908447265625,0.0028076171875,-36.0,-60.0,14.0,-26.0,80.0,976.0,-701,4480,646,-701,4480,646,-1.9533556406624086,734.7616584773211,-202.25268692494072,
72,6.813681125640869,0.0940091609954834,10.637261192534675,10.566975276998738,102127.5,134.0,74.0,1035.0,1.0625,-20.0,-46.0,-22.0625,-12.625,26.125,178.625,-0.8125,-5.125,-0.0079345703125,0.04486083984375,0.9989013671875,-0.01165771484375,148.0,-13.0,59.0,-14.0,88.0,976.0,-1180,4578,997,-1180,4578,997,-394.13705182058777,758.4537837334341,100.81402821891436,
73,6.907690763473511,0.0940096378326416,10.637207238051761,10.567931092979643,102127.5,43.0,23.0,988.0,1.0625,-21.0625,-47.1875,-10.375,-10.75,12.5,178.25,-0.75,-4.8125,-0.00762939453125,0.0423583984375,0.99896240234375,-0.01513671875,56.0,-60.0,11.0,-13.0,83.0,977.0,-310,4581,387,-310,4581,387,348.798014046685,702.5100372579496,-406.5782759252333,
74,7.003700256347656,0.09600949287414551,10.415636725743928,10.565843381565575,102127.5,-1.0,87.0,935.0,-0.375,-21.5,-46.0,7.6875,-0.25,5.4375,177.4375,-0.625,-4.375,-0.00628662109375,0.03802490234375,0.9990234375,-0.02197265625,8.0,12.0,-41.0,-10.0,74.0,977.0,-657,4694,637,-657,4694,637,43.645169289938224,739.0432195397855,-174.77074170841976,
75,7.096709728240967,0.09300947189331055,10.751593140396299,10.568277817752868,102130.5,-27.0,57.0,983.0,-0.375,-20.6875,-46.75,-2.4375,-3.0625,12.75,176.875,-0.5625,-4.125,-0.006103515625,0.03607177734375,0.99896240234375,-0.02679443359375,-17.0,-13.0,5.0,-10.0,70.0,978.0,-767,4774,817,-767,4774,817,-50.78150264454366,748.3667053800632,-12.296313670978776,
76,7.19171929359436,0.09500956535339355,10.52525602322716,10.567709458250539,102130.5,-28.0,107.0,916.0,-0.0625,-18.875,-46.375,4.75,1.25,-5.125,176.4375,0.0,-5.0,-0.0013427734375,0.0440673828125,0.99853515625,-0.03082275390625,-28.0,20.0,-60.0,0.0,86.0,976.0,-713,4838,698,-713,4838,698,-3.107312396335267,742.6109307482618,-107.79241845914387,
77,7.288728952407837,0.09700965881347656,10.30825190224337,10.564256196488552,102130.5,-39.0,39.0,1021.0,-0.75,-20.25,-46.75,0.1875,1.75,-16.0625,177.375,0.0625,-4.5625,-0.000244140625,0.03985595703125,0.99896240234375,-0.02264404296875,-40.0,-38.0,44.0,1.0,78.0,977.0,-1009,4894,1088,-1009,4894,1088,-237.81372669774834,729.8790712831191,210.0644023865786,
78,7.3857386112213135,0.09700965881347656,10.30825190224337,10.560893650026133,102130.5,191.0,91.0,1063.0,-1.5,-20.25,-46.75,-13.3125,-7.125,8.25,177.1875,0.625,-4.125,0.00457763671875,0.036376953125,0.9990234375,-0.0244140625,180.0,20.0,85.0,10.0,71.0,978.0,-1053,4970,1075,-1053,4970,1075,-254.42642718682225,734.0022729262472,183.57088324866643,
79,7.48274827003479,0.09700965881347656,10.30825190224337,10.55761829064346,102130.5,-22.0,53.0,919.0,-1.875,-20.6875,-47.5625,-6.3125,9.9375,-18.6875,178.1875,-0.125,-4.0625,-0.00213623046875,0.03558349609375,0.999267578125,-0.01556396484375,1.0,-24.0,-58.0,-4.0,68.0,978.0,-1113,5090,1077,-1113,5090,1077,-282.45971608180133,772.7323454876549,171.0233960314646,
80,7.586758613586426,0.10401034355163574,9.614428390995092,10.54468766895198,102130.5,127.0,99.0,999.0,-0.75,-19.5625,-47.5625,-7.3125,-6.875,-2.0625,178.0,0.0,-2.375,-0.0006103515625,0.0208740234375,0.9996337890625,-0.01727294921875,118.0,63.0,3.0,0.0,40.0,979.0,-1162,5158,1029,-1162,5158,1029,-296.9855562627271,763.5731019403559,122.31966720392398,
81,7.683768272399902,0.09700965881347656,10.30825190224337,10.541702603259395,102130.5,4.0,96.0,978.0,-1.1875,-18.875,-48.0,-8.8125,2.3125,-17.0625,178.9375,0.25,-2.0,0.00244140625,0.01800537109375,0.99981689453125,-0.00885009765625,0.0,61.0,-1.0,5.0,35.0,980.0,-1194,5233,1051,-1194,5233,1051,-299.5172011176247,764.308127826404,130.3632315516221,
82,7.776777505874634,0.09300923347473145,10.751620700881036,10.54421319602581,102130.5,36.0,72.0,987.0,-0.0625,-18.0625,-48.0,5.0,-5.0625,1.0625,179.75,0.3125,-1.9375,0.003173828125,0.01739501953125,0.99981689453125,-0.0018310546875,29.0,38.0,6.0,6.0,34.0,980.0,-1115,5290,1052,-1115,5290,1052,-211.05226790810832,752.6452652399378,121.15313751611505,
83,7.8757874965667725,0.09900999069213867,10.099990849503225,10.538628681408877,102127.25,33.0,63.0,1036.0,-1.1875,-18.875,-48.375,-1.375,11.5625,-8.8125,179.625,0.375,-2.5,0.0032958984375,0.02197265625,0.999755859375,-0.0029296875,27.0,20.0,56.0,6.0,43.0,979.0,-721,5279,985,-721,5279,985,111.61227911304482,686.1368875669334,59.71849313478707,
84,7.970797061920166,0.09500956535339355,10.52525602322716,10.538469283241843,102127.25,45.0,35.0,946.0,-0.0625,-19.5625,-48.0,23.0625,0.25,3.625,180.0,-0.125,-3.3125,-0.00115966796875,0.02911376953125,0.99957275390625,0.0,47.0,-21.0,-32.0,-2.0,57.0,978.0,-898,5330,1076,-898,5330,1076,-40.43058071922259,674.6370276274927,128.87063811816117,
85,8.068806648254395,0.09800958633422852,10.203083569701421,10.534395444757484,102127.25,113.0,63.0,967.0,-0.75,-20.0,-47.1875,-3.5625,-7.125,0.75,179.4375,0.6875,-4.0,0.0059814453125,0.03509521484375,0.99932861328125,-0.00439453125,101.0,-5.0,-10.0,12.0,68.0,978.0,-883,5416,1056,-883,5416,1056,-25.532864480837308,690.2547958987386,103.23485028572257,
86,8.16481637954712,0.09600973129272461,10.41561086085216,10.532998661847456,102127.25,129.0,-1.0,1067.0,0.25,-19.25,-47.1875,-12.625,-9.25,-8.4375,180.125,1.0625,-2.6875,0.00946044921875,0.0238037109375,0.99969482421875,0.00140380859375,111.0,-48.0,88.0,18.0,46.0,979.0,-916,5467,1162,-916,5467,1162,-50.032901113238175,678.0072804651022,180.29798265999727,
87,8.262826204299927,0.09800982475280762,10.203058749692884,10.529085067131838,102126.75,69.0,60.0,997.0,-1.5,-18.875,-47.5625,-4.3125,2.75,2.4375,180.375,0.875,-2.0,0.00787353515625,0.017822265625,0.99981689453125,0.0032958984375,54.0,25.0,17.0,15.0,34.0,979.0,2367,3960,-1921,2367,3960,-1921,2533.061056666095,-558.1520143863231,-2255.699281653166,
88,8.35683560371399,0.0940093994140625,10.637234215224801,10.530301680326291,102126.75,43.0,99.0,942.0,-0.0625,-18.5,-48.375,-8.25,-3.4375,5.4375,180.0625,1.0625,-1.8125,0.009521484375,0.01580810546875,0.99981689453125,0.0006103515625,33.0,64.0,-19.0,18.0,31.0,979.0,-686,5553,910,-686,5553,910,-162.59630124645537,789.5994767951132,236.76833790833598,
89,8.454845428466797,0.09800982475280762,10.203058749692884,10.526508231640053,102126.75,28.0,24.0,1010.0,-1.1875,-18.5,-48.375,-10.875,33.0,-4.0,179.9375,-0.3125,0.0,-0.00274658203125,6.103515625e-05,1.0,-0.00030517578125,33.0,24.0,29.0,-5.0,0.0,980.0,-748,5572,1196,-748,5572,1196,-198.78578852151213,743.7273920326902,443.22893567513086,
90,8.54985499382019,0.09500956535339355,10.52525602322716,10.526494316576331,102126.75,-54.0,87.0,926.0,1.0625,-18.0625,-48.375,-1.5625,-12.0625,-8.6875,181.0625,-0.5,-0.5625,-0.004150390625,0.0057373046875,0.99993896484375,0.00982666015625,-16.0,91.0,-37.0,-8.0,11.0,980.0,-634,5590,1173,-634,5590,1173,-91.08858543346768,701.0483876943659,390.4600792110105,
91,8.644864320755005,0.09500932693481445,10.525282435545472,10.526480997685855,102119.75,70.0,50.0,1005.0,0.6875,-15.875,-48.375,-3.25,6.1875,-11.8125,181.5625,-0.125,0.5625,-0.001953125,-0.00555419921875,0.9998779296875,0.0146484375,73.0,61.0,24.0,-3.0,-10.0,980.0,-696,5650,1224,-696,5650,1224,-134.32246270238477,695.6944666941199,401.72743723614974,
92,8.737873792648315,0.09300947189331055,10.751593140396299,10.52887718261678,102119.75,43.0,73.0,911.0,-0.0625,-15.875,-48.375,22.5625,6.0,-19.375,182.75,-0.25,-0.125,-0.0028076171875,0.00299072265625,0.9996337890625,0.02581787109375,49.0,69.0,-74.0,-5.0,5.0,980.0,-583,5664,1267,-583,5664,1267,-30.430021159712965,653.7162101640199,406.39294945681837,
93,8.835883617401123,0.09800982475280762,10.203058749692884,10.5252631232997,102119.75,51.0,68.0,998.0,1.375,-15.5,-47.1875,-4.0625,-3.1875,-23.0625,184.25,-0.1875,0.1875,-0.0018310546875,-0.001708984375,0.99932861328125,0.037109375,54.0,71.0,18.0,-3.0,-3.0,980.0,-575,5650,1284,-575,5650,1284,-21.80182534060425,592.3811646492215,388.4564962519913,
94,8.9328932762146,0.09700965881347656,10.30825190224337,10.52290641938951,102119.75,-5.0,122.0,968.0,2.5625,-16.5625,-47.1875,1.4375,-8.3125,-15.25,185.9375,-0.0625,-0.625,-0.00042724609375,0.00592041015625,0.99859619140625,0.05230712890625,-3.0,110.0,-11.0,-1.0,11.0,980.0,-475,5895,1038,-475,5895,1038,59.250454857896216,741.2329871070526,163.28643850829414,
95,9.025902509689331,0.09300923347473145,10.751620700881036,10.52526325184847,102123.0,16.0,96.0,996.0,1.75,-17.75,-48.0,24.5,3.5,-2.4375,186.6875,-0.3125,-1.5625,-0.00225830078125,0.01416015625,0.9981689453125,0.05853271484375,22.0,68.0,15.0,-6.0,27.0,980.0,-489,5709,1299,-489,5709,1299,43.09792271828845,530.1733354217913,366.78870396876164,
96,9.123912334442139,0.09800982475280762,10.203058749692884,10.52180210430197,102123.0,70.0,70.0,1025.0,2.875,-17.375,-48.0,24.0625,-9.125,13.25,186.0625,0.0,-3.125,0.00152587890625,0.02728271484375,0.99822998046875,0.052978515625,70.0,16.0,46.0,0.0,53.0,979.0,-428,5715,1335,-428,5715,1335,87.70314961628773,494.0638017366715,366.8288526173157,
97,9.21692156791687,0.09300923347473145,10.751620700881036,10.524121235624566,102123.0,-10.0,35.0,948.0,1.75,-20.0,-47.5625,-4.25,-1.5625,14.6875,185.3125,0.5,-5.1875,0.0068359375,0.04547119140625,0.99786376953125,0.0467529296875,-19.0,-54.0,-27.0,9.0,89.0,976.0,-306,5732,1246,-306,5732,1246,181.95073195991006,470.0947605004011,264.9021743026447,
98,9.311931133270264,0.09500956535339355,10.52525602322716,10.524132813854187,102123.0,17.0,-1.0,1038.0,1.375,-20.25,-47.5625,-11.875,-4.625,-13.25,184.75,1.375,-4.25,0.013671875,0.0369873046875,0.99835205078125,0.04168701171875,-6.0,-75.0,61.0,23.0,73.0,977.0,-218,5783,1247,-218,5783,1247,239.25966041238422,475.23014434508326,245.31515159512955,
99,9.40794062614441,0.09600949287414551,10.415636725743928,10.523025594451745,102126.0,32.0,30.0,972.0,-0.375,-19.5625,-46.75,-9.75,-18.9375,0.5,185.5,1.8125,-5.1875,0.0181884765625,0.04461669921875,0.9976806640625,0.0482177734375,0.0,-58.0,-3.0,31.0,89.0,976.0,-97,5800,1120,-97,5800,1120,317.87915393438686,452.27149170451065,124.5713733812547,
100,9.502950191497803,0.09500956535339355,10.52525602322716,10.523047894060207,102126.0,7.0,95.0,944.0,-1.1875,-18.875,-48.375,12.875,0.25,-14.4375,185.8125,2.4375,-4.625,0.02337646484375,0.03924560546875,0.9976806640625,0.05108642578125,-34.0,16.0,-32.0,41.0,79.0,976.0,-24,5776,1152,-24,5776,1152,352.56492318799894,397.99591371233953,140.91360847212982,
101,9.596959590911865,0.0940093994140625,10.637234215224801,10.524166434507555,102126.0,-31.0,47.0,987.0,-0.0625,-19.5625,-45.5,-7.0625,0.0625,-2.8125,186.3125,1.75,-4.0625,0.01776123046875,0.03497314453125,0.9976806640625,0.05511474609375,-62.0,-22.0,9.0,30.0,70.0,977.0,38,5789,1131,38,5789,1131,376.19958024600624,377.9980998059294,112.86285289375733,
102,9.700969934463501,0.10401034355163574,9.614428390995092,10.51441254730999,102126.0,61.0,75.0,990.0,0.25,-19.25,-46.75,-6.0625,-15.625,-2.25,185.875,2.0625,-4.9375,0.02069091796875,0.04241943359375,0.99755859375,0.051513671875,25.0,-9.0,14.0,36.0,85.0,976.0,112,5834,1215,112,5834,1215,402.0152255389538,382.20624049567084,166.35853605389428,
103,9.794979333877563,0.0940093994140625,10.637234215224801,10.515591354415356,102121.0,33.0,45.0,931.0,-0.75,-18.5,-46.375,42.5,-11.25,-18.5625,186.5625,2.0,-6.0625,0.02069091796875,0.05181884765625,0.99676513671875,0.05755615234375,-1.0,-58.0,-43.0,34.0,103.0,974.0,87,5921,1286,87,5921,1286,350.5833773081466,424.03519198529517,211.70268823237842,
104,9.885988473892212,0.09100914001464844,10.987907366656188,10.519939434954061,102121.0,94.0,3.0,1140.0,0.25,-20.0,-46.0,-18.6875,4.0625,-15.9375,187.8125,2.625,-5.3125,0.02630615234375,0.0447998046875,0.996337890625,0.0682373046875,49.0,-87.0,165.0,45.0,91.0,975.0,468,5873,1086,468,5873,1086,645.940695671012,350.77317657526623,26.187807791979964,
105,9.982998371124268,0.09700989723205566,10.308226567933762,10.517882112824093,102121.0,88.0,36.0,914.0,1.0625,-21.0625,-45.1875,-17.9375,-2.375,5.5,188.9375,1.625,-7.0,0.0194091796875,0.0582275390625,0.9951171875,0.077392578125,79.0,-83.0,-34.0,29.0,116.0,973.0,254,5862,1263,254,5862,1263,426.34430471793166,315.0325740759308,164.66216648636674,
106,10.08400821685791,0.10100984573364258,9.900025019708922,10.511693140312483,102121.0,111.0,90.0,935.0,0.25,-19.6875,-45.5,19.1875,6.6875,-11.625,188.875,1.375,-6.375,0.01629638671875,0.05450439453125,0.995361328125,0.0772705078125,66.0,-9.0,-62.0,22.0,112.0,973.0,289,5839,1354,289,5839,1354,420.19636068276645,273.24212156217965,221.3526549800169,
107,10.181017875671387,0.09700965881347656,10.30825190224337,10.509754653872847,102123.0,16.0,110.0,963.0,1.75,-20.0,-45.875,-12.0625,5.25,-0.8125,189.625,0.875,-6.3125,0.012451171875,0.05450439453125,0.994873046875,0.084228515625,-14.0,7.0,-22.0,15.0,108.0,974.0,292,5842,1309,292,5842,1309,390.22244709961166,254.58368439131004,168.5904077052823,
108,10.27602744102478,0.09500956535339355,10.52525602322716,10.509897975635385,102123.0,90.0,131.0,953.0,2.1875,-18.5,-45.5,12.875,0.125,6.1875,189.25,0.9375,-6.75,0.01336669921875,0.0579833984375,0.99493408203125,0.08074951171875,73.0,16.0,-20.0,16.0,116.0,973.0,473,5877,1139,473,5877,1139,506.8658118686585,263.34630567577636,17.833344967932078,
109,10.378037929534912,0.10201048851013184,9.802913549430542,10.502948701873244,102123.0,41.0,174.0,976.0,1.0625,-21.1875,-43.875,10.1875,1.4375,-2.3125,189.1875,0.6875,-7.5625,0.01141357421875,0.06573486328125,0.9945068359375,0.08038330078125,29.0,44.0,5.0,11.0,128.0,972.0,657,5927,1030,657,5927,1030,606.7248235231037,280.80985730404916,-65.81567601496924,
110,10.47604751586914,0.09800958633422852,10.203083569701421,10.500143287186484,102123.0,2.0,39.0,1060.0,2.1875,-20.0625,-43.875,2.875,-8.5,12.875,188.875,0.5,-7.125,0.00933837890625,0.061767578125,0.99505615234375,0.077392578125,-6.0,-82.0,87.0,8.0,122.0,973.0,745,5931,939,745,5931,939,629.1431063801216,262.33004803110543,-132.2408755347145,
111,10.57505750656128,0.09900999069213867,10.099990849503225,10.49639682158988,102116.5,86.0,214.0,994.0,1.5,-20.375,-43.875,-55.8125,-11.125,13.875,187.75,1.1875,-8.375,0.01556396484375,0.0721435546875,0.9949951171875,0.0677490234375,66.0,71.0,24.0,20.0,142.0,969.0,806,5930,907,806,5930,907,628.1387442089689,241.35293503729858,-146.94470557171744,
112,10.669066905975342,0.0940093994140625,10.637234215224801,10.497637795979424,102116.5,-29.0,31.0,975.0,1.1875,-20.75,-44.6875,5.625,-8.5625,-8.9375,188.4375,0.5,-6.6875,0.0087890625,0.0579833984375,0.99554443359375,0.073974609375,-37.0,-83.0,2.0,8.0,114.0,973.0,937,5923,837,937,5923,837,687.0698424338509,217.03528979742043,-192.96465566275688,
113,10.770076990127563,0.10101008415222168,9.900001652241029,10.492032703534239,102116.5,38.0,64.0,941.0,2.6875,-19.375,-44.6875,28.5,1.5625,-34.4375,190.4375,0.375,-6.125,0.00823974609375,0.05340576171875,0.994384765625,0.0911865234375,31.0,-41.0,-33.0,6.0,105.0,974.0,937,5885,836,937,5885,836,634.1654645664444,171.3561676485618,-178.86867730394715,
114,10.866086483001709,0.09600949287414551,10.415636725743928,10.491357691505138,102121.0,36.0,63.0,987.0,2.25,-20.0625,-44.25,-18.4375,9.0,-49.625,194.625,-0.4375,-6.5,0.0029296875,0.056884765625,0.990234375,0.12713623046875,17.0,-60.0,14.0,-8.0,111.0,974.0,993,5897,873,993,5897,873,630.246949356236,167.78579107420995,-135.42164011989877,
115,10.963096141815186,0.09700965881347656,10.30825190224337,10.489737434789948,102121.0,-35.0,98.0,937.0,4.5,-19.0,-45.5,5.3125,0.5,-35.625,198.4375,-1.1875,-6.75,-0.00115966796875,0.06024169921875,0.9852294921875,0.16015625,-21.0,-18.0,-30.0,-21.0,116.0,973.0,2979,4985,-361,2979,4985,-361,2158.0764316506666,-569.0203964216425,-1104.463653078027,
116,11.052104949951172,0.08900880813598633,11.234843168242573,10.495738189720365,102121.0,73.0,62.0,1005.0,5.6875,-18.0625,-44.6875,-0.75,-0.25,-49.4375,202.1875,-1.4375,-6.1875,-0.0023193359375,0.05596923828125,0.97967529296875,0.1925048828125,98.0,-44.0,31.0,-25.0,106.0,974.0,977,5887,1025,977,5887,1025,260.0085326562996,255.09897150994368,179.5849808101649,
117,11.144114255905151,0.09200930595397949,10.86846585387974,10.498815546332263,102121.0,159.0,-10.0,1084.0,7.5,-18.5,-45.0625,-17.875,-29.625,-88.0625,207.625,-1.125,-6.0,0.00250244140625,0.053466796875,0.96966552734375,0.2384033203125,164.0,-61.0,116.0,-20.0,102.0,975.0,999,5856,1064,999,5856,1064,258.39905679823687,209.5133227104671,198.39494024698305,
118,11.23612356185913,0.09200930595397949,10.86846585387974,10.501842503810602,102121.0,-27.0,131.0,998.0,10.5,-16.25,-44.25,-7.625,15.375,-89.875,217.25,-2.8125,-6.4375,-0.005615234375,0.06158447265625,0.94573974609375,0.31903076171875,21.0,20.0,25.0,-49.0,110.0,973.0,1084,5904,1041,1084,5904,1041,309.63643843841555,233.55064665770064,163.87047682074433,
119,11.329132795333862,0.09300923347473145,10.751620700881036,10.503893117839754,102122.5,-74.0,59.0,911.0,12.6875,-15.5625,-45.0625,25.8125,15.6875,-84.875,226.625,-3.6875,-6.5,-0.0072021484375,0.0653076171875,0.9161376953125,0.3953857421875,-10.0,-51.0,-60.0,-63.0,111.0,972.0,1169,5884,1058,1169,5884,1058,356.16379016592396,199.00975098570092,165.32632160300028,
120,11.424142360687256,0.09500956535339355,10.52525602322716,10.504070783724112,102122.5,44.0,29.0,1046.0,14.1875,-14.5,-44.25,-16.875,8.0625,-65.875,232.6875,-3.8125,-5.1875,-0.0096435546875,0.0555419921875,0.8946533203125,0.443115234375,109.0,-59.0,72.0,-65.0,89.0,974.0,475,5962,625,475,5962,625,-233.70945304606516,246.90068783530427,-198.3263662308474,
121,11.518151760101318,0.0940093994140625,10.637234215224801,10.505157643359237,102122.5,150.0,130.0,953.0,16.0625,-11.1875,-43.875,-0.125,-18.5,-88.375,239.375,-3.5625,-5.5,-0.00360107421875,0.05731201171875,0.8673095703125,0.49444580078125,161.0,16.0,-23.0,-61.0,93.0,974.0,1281,5819,1055,1281,5819,1055,444.4542047037635,110.76274892814557,169.14358883502098,
122,11.610161066055298,0.09200930595397949,10.86846585387974,10.508036822735576,102122.5,56.0,144.0,954.0,16.5625,-10.5,-44.6875,3.25,-24.4375,-54.0625,246.4375,-4.625,-5.625,-0.0072021484375,0.06341552734375,0.8348388671875,0.54681396484375,95.0,44.0,-41.0,-76.0,95.0,973.0,1284,5765,1045,1284,5765,1045,412.7418465538199,57.04293624024641,147.75081378723698,
123,11.701169967651367,0.09100890159606934,10.987936151986148,10.511769364947384,102122.0,81.0,120.0,1005.0,17.0,-8.6875,-44.6875,-7.8125,-11.4375,-37.875,250.75,-4.625,-4.25,-0.01123046875,0.05401611328125,0.81396484375,0.57830810546875,160.0,46.0,30.0,-79.0,75.0,974.0,1371,5741,976,1371,5741,976,454.568908651331,32.34492414087704,77.99509635011735,
124,11.79617953300476,0.09500956535339355,10.52525602322716,10.511877990077888,102122.0,64.0,114.0,960.0,17.375,-7.0625,-45.5,17.25,0.0625,-59.8125,255.4375,-2.8125,-5.3125,0.0086669921875,0.05206298828125,0.7896728515625,0.6112060546875,113.0,23.0,-15.0,-49.0,90.0,975.0,1385,5701,1025,1385,5701,1025,430.91332867821745,-2.5634235695101424,111.70126490679439,
125,11.891189098358154,0.09500956535339355,10.52525602322716,10.511984879397726,102122.0,55.0,64.0,1053.0,17.6875,-6.375,-45.5,-12.875,6.75,-46.5625,260.5625,-2.4375,-4.4375,0.01019287109375,0.04400634765625,0.7642822265625,0.643310546875,135.0,27.0,97.0,-40.0,78.0,976.0,1240,5453,1059,1240,5453,1059,280.2185188706635,-203.3563289742037,130.65538777777994,
126,11.984198093414307,0.09300899505615234,10.75164826150707,10.513844899579968,102122.0,-11.0,77.0,964.0,17.0625,-4.6875,-45.0,12.375,-15.5,-44.125,265.25,-2.5,-5.1875,0.0147705078125,0.0484619140625,0.73468017578125,0.67657470703125,31.0,-12.0,-11.0,-43.0,89.0,975.0,1396,5442,977,1396,5442,977,387.7904918348454,-196.8045377206865,52.709015795735255,
127,12.078207731246948,0.0940096378326416,10.637207238051761,10.514805079187736,102119.5,110.0,89.0,1037.0,17.75,-5.375,-45.75,-25.9375,-22.875,-16.8125,267.5625,-0.75,-4.75,0.02398681640625,0.03472900390625,0.72119140625,0.69146728515625,124.0,7.0,60.0,-13.0,81.0,977.0,1529,5434,1023,1529,5434,1023,466.8662632884504,-188.20310797483353,86.32740961664298,
128,12.170217037200928,0.09200930595397949,10.86846585387974,10.517478826280586,102119.5,56.0,96.0,995.0,15.875,-3.5625,-46.5625,-0.5625,-10.0,-31.75,270.625,-0.9375,-4.125,0.02008056640625,0.031494140625,0.71832275390625,0.71051025390625,48.0,28.0,3.0,-17.0,71.0,977.0,1627,5436,995,1627,5436,995,512.9310043486163,-172.03772491927387,56.24778669519675,
129,12.262226343154907,0.09200930595397949,10.86846585387974,10.520112448585746,102119.5,-17.0,91.0,939.0,15.5625,-2.375,-47.0625,4.625,-10.4375,-28.875,273.75,-0.9375,-4.25,0.02178955078125,0.03167724609375,0.6829833984375,0.72943115234375,0.0,18.0,-38.0,-16.0,73.0,977.0,1415,5174,1086,1415,5174,1086,296.01848041504,-378.05125023665966,128.07204735780195,
130,12.35623550415039,0.0940091609954834,10.637261192534675,10.521003743926192,102119.5,-51.0,8.0,954.0,16.0,-1.25,-46.25,-1.4375,10.3125,-42.0625,276.5,-0.625,-3.625,0.02008056640625,0.02545166015625,0.66510009765625,0.74603271484375,-40.0,-53.0,-24.0,-11.0,62.0,978.0,1887,5438,952,1887,5438,952,659.8256782045621,-132.70705844659201,8.455238726678417,
131,12.44824481010437,0.09200930595397949,10.86846585387974,10.523571957202025,102115.25,23.0,42.0,997.0,15.5625,-0.875,-46.25,9.375,2.3125,-23.0,278.75,-0.5625,-4.5,0.0267333984375,0.02960205078125,0.65020751953125,0.75872802734375,33.0,-35.0,19.0,-9.0,77.0,977.0,1686,5053,947,1686,5053,947,440.80785496231414,-444.68428518446933,3.6198259909804786,
132,12.543254375457764,0.09500956535339355,10.52525602322716,10.523584713252113,102115.25,-24.0,68.0,1024.0,15.5625,-2.0625,-45.375,-6.375,-7.3125,8.1875,279.375,-1.375,-5.25,0.027099609375,0.0390625,0.64617919921875,0.76171875,50.0,-20.0,86.0,-24.0,89.0,976.0,1933,4849,768,1933,4849,768,607.0454944359733,-575.7743168381174,-141.72850437846495,
133,12.638263702392578,0.09500932693481445,10.525282435545472,10.523597476037905,102115.25,50.0,101.0,982.0,15.0625,-0.1875,-46.6875,33.6875,22.125,-28.875,280.5625,-1.5,-5.9375,0.0318603515625,0.04351806640625,0.637939453125,0.7681884765625,33.0,23.0,-12.0,-25.0,102.0,974.0,1753,4887,997,1753,4887,997,414.42257680774316,-500.6427180351764,54.77689564465015,
134,12.729272842407227,0.09100914001464844,10.987907366656188,10.526917103511416,102115.25,90.0,127.0,913.0,16.1875,-1.25,-46.6875,-5.5,5.25,4.75,281.25,-1.4375,-6.6875,0.03741455078125,0.0469970703125,0.6331787109375,0.77166748046875,114.0,12.0,-59.0,-24.0,114.0,973.0,1655,4720,1082,1655,4720,1082,299.59728940475935,-603.3867295742998,122.47492839477684,
135,12.823282241821289,0.0940093994140625,10.637234215224801,10.527725854751674,102109.0,77.0,73.0,954.0,16.0,-1.25,-46.25,-0.625,-7.4375,3.125,281.4375,-0.5,-5.9375,0.0372314453125,0.03656005859375,0.6319580078125,0.77325439453125,86.0,-27.0,-20.0,-9.0,101.0,975.0,1610,4609,1162,1610,4609,1162,239.670281564839,-647.8423922346051,178.56972167416382,
136,12.918291807174683,0.09500956535339355,10.52525602322716,10.527707689995594,102109.0,58.0,90.0,951.0,16.0,-2.0625,-46.25,10.5625,2.0,3.9375,281.3125,0.0,-6.0625,0.04144287109375,0.03350830078125,0.6329345703125,0.7723388671875,57.0,-13.0,-24.0,0.0,104.0,975.0,1619,4601,1184,1619,4601,1184,228.50967230844282,-604.4420857428483,182.6496368086,
137,13.021301984786987,0.10301017761230469,9.707778621289833,10.52122131566102,102109.0,70.0,70.0,1008.0,14.0625,-2.75,-47.0,-5.1875,2.375,4.6875,281.4375,0.5625,-6.6875,0.048583984375,0.03326416015625,0.63177490234375,0.77288818359375,60.0,-44.0,34.0,10.0,115.0,973.0,1701,4612,1109,1701,4612,1109,272.20934175551673,-549.6775566484165,112.52319323638903,
138,13.113311290740967,0.09200930595397949,10.86846585387974,10.523657750536197,102109.0,43.0,148.0,975.0,14.75,-2.0625,-47.0625,11.0625,-3.375,-0.3125,281.1875,0.5625,-7.6875,0.0552978515625,0.03857421875,0.63330078125,0.77099609375,-4.0,-7.0,7.0,10.0,131.0,971.0,1756,4525,1084,1756,4525,1084,297.27717533152264,-580.1602375416288,82.93711058846858,
139,13.21532130241394,0.10201001167297363,9.802959372319515,10.518094628135144,102117.75,153.0,189.0,998.0,15.1875,-3.875,-47.0625,-21.25,-14.5,14.25,279.5625,1.375,-7.375,0.0574951171875,0.0323486328125,0.64404296875,0.76214599609375,135.0,57.0,79.0,24.0,126.0,972.0,1664,4447,1170,1664,4447,1170,204.94266863748396,-594.3644732410744,141.46615003665633,
140,13.314331293106079,0.09900999069213867,10.099990849503225,10.514985463257135,102117.75,61.0,65.0,953.0,14.0625,-1.6875,-47.375,4.25,-11.875,-1.4375,280.1875,1.6875,-7.375,0.05938720703125,0.02984619140625,0.639892578125,0.765625,68.0,-58.0,17.0,29.0,126.0,972.0,1628,4253,1278,1628,4253,1278,161.1649085175748,-699.4720721113908,214.5647803883026,
141,13.413341283798218,0.09900999069213867,10.099990849503225,10.511922198707632,102117.75,37.0,78.0,974.0,14.75,-2.375,-45.375,13.875,-1.25,-7.9375,280.8125,1.875,-7.1875,0.05908203125,0.02752685546875,0.635986328125,0.76898193359375,-3.0,-12.0,-14.0,32.0,123.0,972.0,1488,4164,1470,1488,4164,1470,39.87730920407678,-714.8279598504594,347.36155701745895,
142,13.505350351333618,0.09200906753540039,10.868494016801671,10.5143514463494,102117.75,-37.0,103.0,945.0,14.5,-2.75,-46.1875,-0.0625,0.125,2.5,281.1875,1.75,-7.4375,0.05987548828125,0.02935791015625,0.63323974609375,0.77105712890625,-71.0,-5.0,-37.0,29.0,127.0,971.0,1480,4119,1403,1480,4119,1403,30.11176408101304,-697.4455387101918,264.5441564944348,
143,13.601359844207764,0.09600949287414551,10.415636725743928,10.513654637326397,102125.0,45.0,179.0,943.0,14.0625,-2.375,-47.375,14.25,3.1875,-2.75,281.0,2.0625,-7.6875,0.0634765625,0.0286865234375,0.6341552734375,0.77008056640625,21.0,40.0,-23.0,35.0,131.0,971.0,1572,4086,1342,1572,4086,1342,101.57752881194503,-670.2083651496224,195.25201074354408,
144,13.694369316101074,0.09300947189331055,10.751593140396299,10.51527066899626,102125.0,34.0,126.0,1007.0,13.75,-4.25,-47.375,4.5,-7.4375,-5.4375,281.4375,2.1875,-8.1875,0.0677490234375,0.0306396484375,0.63134765625,0.77191162109375,-3.0,-14.0,37.0,37.0,140.0,969.0,2577,3498,1054,2577,3498,1054,925.7680942629928,-1105.3914520576843,-58.209723565137125,
145,13.788378715515137,0.0940093994140625,10.637234215224801,10.516102218518355,102125.0,-1.0,133.0,891.0,14.75,-4.6875,-46.375,29.75,6.4375,-4.4375,281.5,1.8125,-10.125,0.07891845703125,0.043212890625,0.62982177734375,0.771484375,-33.0,-39.0,-73.0,32.0,172.0,964.0,1695,3884,1191,1695,3884,1191,132.06682651196525,-704.1164349043311,58.48460888578486,
146,13.889388799667358,0.10101008415222168,9.900001652241029,10.511621649146765,102125.0,82.0,85.0,1033.0,14.0,-4.25,-47.0625,15.1875,13.1875,-11.25,281.6875,2.4375,-8.6875,0.07257080078125,0.03143310546875,0.62921142578125,0.773193359375,40.0,-63.0,65.0,41.0,148.0,968.0,1660,3757,1284,1660,3757,1284,95.21717641775435,-746.7115855739626,124.87520583327743,
147,13.99039912223816,0.10101032257080078,9.899978284883446,10.507205599755842,102120.25,143.0,92.0,968.0,14.0,-5.0625,-47.5,-31.6875,5.5,4.9375,282.125,1.6875,-9.3125,0.07257080078125,0.0394287109375,0.62603759765625,0.77545166015625,114.0,-66.0,1.0,29.0,158.0,967.0,1698,3680,1267,1698,3680,1267,116.85279029515623,-747.9117647358414,102.30074340920265,
148,14.089408874511719,0.09900975227355957,10.100015170596976,10.504344172148889,102120.25,65.0,144.0,884.0,14.5,-2.75,-45.875,-1.0625,1.75,-5.625,283.1875,1.125,-9.3125,0.0703125,0.04278564453125,0.6190185546875,0.78106689453125,45.0,-15.0,-83.0,19.0,159.0,967.0,1586,3701,1281,1586,3701,1281,20.752594611200877,-673.9908343203263,105.3114025205976,
149,14.18241834640503,0.09300947189331055,10.751593140396299,10.505965651321281,102120.25,39.0,134.0,899.0,15.1875,-2.375,-46.6875,13.75,1.125,-5.4375,284.125,0.8125,-9.1875,0.06793212890625,0.04376220703125,0.61279296875,0.7861328125,25.0,-22.0,-67.0,14.0,157.0,967.0,1641,3626,1244,1641,3626,1244,64.68764177571673,-684.1839904634497,66.57113566952253,
150,14.276427507400513,0.0940091609954834,10.637261192534675,10.506830222213791,102122.75,17.0,118.0,970.0,15.5625,-3.1875,-47.1875,1.0,1.0625,-2.0,284.375,0.4375,-9.0,0.0645751953125,0.04522705078125,0.61090087890625,0.78778076171875,9.0,-35.0,2.0,7.0,153.0,968.0,1565,3597,1293,1565,3597,1293,-2.5425591397263787,-655.254827440694,101.57954470240264,
151,14.37343716621399,0.09700965881347656,10.30825190224337,10.505489971107162,102122.75,50.0,140.0,988.0,15.1875,-3.875,-47.0625,6.875,3.4375,-2.375,284.1875,0.125,-9.6875,0.0677490234375,0.0506591796875,0.61181640625,0.78643798828125,47.0,-24.0,22.0,3.0,165.0,966.0,1590,3497,1219,1590,3497,1219,17.49660282585104,-684.1737453750345,35.02150042133493,
152,14.464446306228638,0.09100914001464844,10.987907366656188,10.508525302800301,102122.75,-66.0,199.0,971.0,16.0,-2.375,-46.25,4.9375,-18.75,11.8125,284.375,0.125,-10.125,0.07080078125,0.053466796875,0.6104736328125,0.78704833984375,-69.0,26.0,5.0,2.0,173.0,965.0,1588,3406,1279,1588,3406,1279,14.457226673795457,-708.4846338993168,83.08897692284373,
153,14.559455871582031,0.09500956535339355,10.52525602322716,10.508634481226323,102122.75,57.0,110.0,902.0,14.5,-3.5625,-45.875,23.1875,-7.6875,22.0,282.5625,1.125,-9.6875,0.07257080078125,0.04486083984375,0.623046875,0.77752685546875,37.0,-55.0,-63.0,20.0,165.0,966.0,1575,3312,1440,1575,3312,1440,2.80823894066282,-730.1131201851877,207.17272461973187,
154,14.653465270996094,0.0940093994140625,10.637234215224801,10.509459513635685,102122.75,153.0,101.0,1059.0,14.5,-3.875,-45.5,-22.3125,7.125,-4.75,281.5,2.5,-8.0,0.06842041015625,0.02716064453125,0.63079833984375,0.7724609375,109.0,-36.0,89.0,43.0,137.0,970.0,1821,3047,1611,1821,3047,1611,204.08249504701996,-890.9471740925902,331.2808877358775,
155,14.746474504470825,0.09300923347473145,10.751620700881036,10.510986877101182,102124.75,94.0,182.0,923.0,13.375,-3.1875,-46.6875,-13.0625,4.9375,-27.125,283.25,1.875,-8.5,0.0684814453125,0.033203125,0.61865234375,0.781982421875,62.0,36.0,-45.0,32.0,145.0,969.0,1518,3239,1250,1518,3239,1250,-62.477919643855984,-663.3922812456356,6.90945875782478,
156,14.841484069824219,0.09500956535339355,10.52525602322716,10.511078222775577,102124.75,111.0,130.0,880.0,14.75,-3.1875,-46.6875,18.8125,4.125,-58.9375,287.125,0.5625,-9.125,0.06732177734375,0.0433349609375,0.5919189453125,0.802001953125,101.0,-25.0,-87.0,9.0,156.0,968.0,1670,3151,1334,1670,3151,1334,65.52047666457162,-683.6302104031089,74.45478639170554,
157,14.947494745254517,0.10601067543029785,9.43301225033229,10.503432359448988,102124.75,8.0,17.0,1029.0,15.5,-2.75,-46.6875,17.125,11.5,-80.9375,294.0,-1.4375,-9.1875,0.060302734375,0.0543212890625,0.5426025390625,0.8360595703125,33.0,-138.0,61.0,-24.0,156.0,967.0,1575,3126,1368,1575,3126,1368,-8.527084649781102,-649.1492327839593,93.41739391091414,
158,15.04850459098816,0.10100984573364258,9.900025019708922,10.499382117650331,102123.25,124.0,36.0,997.0,16.1875,-0.875,-45.5,8.25,2.375,-79.4375,301.5625,-2.4375,-9.875,0.06475830078125,0.06097412109375,0.48583984375,0.8695068359375,166.0,-132.0,32.0,-42.0,168.0,965.0,1610,3021,1453,1610,3021,1453,18.810068296367582,-679.2064441439411,151.01991833376866,
159,15.144514322280884,0.09600973129272461,10.41561086085216,10.498851043778691,102123.25,56.0,80.0,1023.0,17.0,1.25,-45.875,-24.4375,-5.6875,-71.1875,308.25,-4.3125,-9.5625,0.05841064453125,0.07080078125,0.43450927734375,0.89599609375,131.0,-82.0,59.0,-74.0,162.0,964.0,1611,3041,1326,1611,3041,1326,18.163695073832898,-610.8675072191454,37.5371260137952,
160,15.235523462295532,0.09100914001464844,10.987907366656188,10.501772413397134,102123.25,101.0,233.0,1069.0,17.0,3.0,-45.875,-7.8125,9.625,-65.375,314.3125,-5.375,-8.4375,0.04925537109375,0.07208251953125,0.38671875,0.9180908203125,194.0,90.0,103.0,-92.0,143.0,965.0,1651,2921,1354,1651,2921,1354,50.607845242448825,-665.3589732311743,58.33669559324372,
161,15.329532623291016,0.0940091609954834,10.637261192534675,10.502603305425222,102123.25,6.0,182.0,912.0,15.875,5.6875,-45.5,51.125,-5.6875,-86.0,321.8125,-7.1875,-7.75,0.04315185546875,0.081787109375,0.325439453125,0.9410400390625,129.0,50.0,-51.0,-123.0,131.0,963.0,1485,2869,1620,1485,2869,1620,-89.25443140419796,-656.7179261072828,271.7171537780592,
162,15.428542852401733,0.09901022911071777,10.099966528526606,10.500019447707063,102121.25,64.0,51.0,932.0,15.5,5.75,-44.5625,14.8125,-7.0,-89.6875,329.125,-7.375,-7.1875,0.04339599609375,0.07891845703125,0.2650146484375,0.96002197265625,190.0,-70.0,-32.0,-126.0,122.0,964.0,1521,2889,1242,1521,2889,1242,-54.384732968998975,-590.596697343091,-43.174692842146726,
163,15.527552604675293,0.09900975227355957,10.100015170596976,10.497468863890454,102121.25,54.0,125.0,898.0,13.6875,7.5625,-46.25,-1.25,-19.375,-67.625,337.1875,-6.9375,-7.875,0.0550537109375,0.073486328125,0.20208740234375,0.9761962890625,175.0,-9.0,-64.0,-121.0,135.0,963.0,1423,2866,1365,1423,2866,1365,-126.41182300771081,-563.0078785148003,55.80700218742252,
164,15.621562004089355,0.0940093994140625,10.637234215224801,10.49830996138982,102121.25,126.0,141.0,989.0,11.0,8.375,-45.0,1.875,-28.875,-54.4375,342.4375,-6.0625,-7.375,0.0556640625,0.0626220703125,0.151611328125,0.98486328125,255.0,8.0,39.0,-104.0,126.0,966.0,1262,2919,1249,1262,2919,1249,-248.54790520225893,-476.2457190368283,-43.50191299139695,
165,15.722572088241577,0.10101008415222168,9.900001652241029,10.494466113683675,102121.25,91.0,103.0,1014.0,8.75,9.75,-45.875,-2.375,-19.125,-50.0625,348.25,-4.5625,-8.0625,0.0657958984375,0.04718017578125,0.10186767578125,0.99151611328125,151.0,-23.0,62.0,-78.0,137.0,967.0,989,2966,1357,989,2966,1357,-437.51765123344364,-403.74669269153225,42.17614804897701,
166,15.81658148765564,0.0940093994140625,10.637234215224801,10.495314687915208,102125.5,14.0,125.0,988.0,6.5625,9.5,-47.0625,19.3125,-20.5,-42.25,352.3125,-3.0,-8.875,0.07550048828125,0.03173828125,0.06671142578125,0.994384765625,67.0,-19.0,-4.0,-51.0,151.0,967.0,1035,2877,1293,1035,2877,1293,-366.1517084981423,-445.55516343121985,-13.491705563422038,
167,15.979597806930542,0.0700068473815918,14.28431699758199,10.450826235912528,102125.5,14.0,103.0,1023.0,1.75,10.1875,-46.6875,-25.3125,-13.0,-48.75,359.9375,-0.5625,-8.75,0.0767822265625,0.0054931640625,0.0003662109375,0.99700927734375,6.0,-46.0,55.0,-10.0,150.0,969.0,775,2960,1324,775,2960,1324,-623.9300532353768,-319.95634591546946,21.64382043818967,
168,16.07960796356201,0.10001015663146973,9.998984439999713,10.448015920581192,102125.5,48.0,89.0,1003.0,0.6875,10.1875,-47.0,-5.5,-11.625,-49.5625,4.25,0.0,-7.4375,0.065185546875,-0.002685546875,-0.03717041015625,0.9971923828125,47.0,-38.0,30.0,0.0,127.0,972.0,669,2949,1275,669,2949,1275,-657.4991501355305,-303.7888471006581,-17.748922027669852,
169,16.180618047714233,0.10101008415222168,9.900001652241029,10.444594854266022,102128.0,73.0,57.0,1015.0,-1.0625,9.75,-48.25,-22.5,-0.25,-28.75,7.9375,0.5,-6.625,0.0576171875,-0.0086669921875,-0.069580078125,0.995849609375,50.0,-74.0,49.0,9.0,113.0,974.0,612,2958,1296,612,2958,1296,-650.3228228267806,-273.5364047289044,-0.3739523598655303,
170,16.27662754058838,0.09600949287414551,10.415636725743928,10.444424041533036,102128.0,10.0,102.0,964.0,-2.5625,11.25,-47.75,6.75,-7.6875,-26.6875,10.6875,0.8125,-6.8125,0.05859375,-0.0128173828125,-0.09326171875,0.99383544921875,-29.0,-29.0,0.0,14.0,116.0,973.0,543,2933,1276,543,2933,1276,-655.586243392996,-272.52420226183585,-16.385238585801535,
171,16.371637105941772,0.09500956535339355,10.52525602322716,10.444893133988343,102128.0,-54.0,101.0,953.0,-4.0625,11.6875,-47.0,7.875,-13.625,-10.125,12.5625,1.0,-7.3125,0.06268310546875,-0.015869140625,-0.10955810546875,0.99188232421875,-43.0,-22.0,-8.0,17.0,125.0,972.0,411,2969,1291,411,2969,1291,-712.0848048718162,-222.36382899128884,-2.966904507867447,
172,16.463646173477173,0.09200906753540039,10.868494016801671,10.447260478489321,102128.0,25.0,72.0,1003.0,-4.375,10.875,-47.75,2.125,-0.875,-13.125,13.125,1.25,-7.5625,0.064453125,-0.0184326171875,-0.11407470703125,0.9912109375,-1.0,-46.0,17.0,21.0,129.0,971.0,326,2964,1173,326,2964,1173,-728.3885682366533,-209.42618435542826,-101.48958949742163,
173,16.557655572891235,0.0940093994140625,10.637234215224801,10.448339092355658,102131.0,10.0,75.0,1070.0,-4.75,9.75,-47.375,-9.5625,3.875,-11.375,14.25,0.6875,-6.3125,0.05419921875,-0.0130615234375,-0.1243896484375,0.99066162109375,-4.0,-32.0,95.0,12.0,108.0,974.0,226,2945,1285,226,2945,1285,-754.209351939662,-208.86264181693417,-1.9393832340214772,
174,16.650665044784546,0.09300947189331055,10.751593140396299,10.45003304865001,102131.0,-3.0,148.0,965.0,-5.0625,10.5625,-47.75,-19.625,4.4375,9.0625,15.5625,0.125,-7.3125,0.06329345703125,-0.010009765625,-0.13555908203125,0.98870849609375,-6.0,23.0,-7.0,2.0,125.0,972.0,268,2943,1180,268,2943,1180,-661.3645796242664,-194.43596374065126,-88.71668126510589,
175,16.742674350738525,0.09200930595397949,10.86846585387974,10.452332544608126,102131.0,42.0,83.0,963.0,-4.375,10.5625,-47.0,38.125,2.125,14.75,14.125,0.125,-6.0,0.05218505859375,-0.0079345703125,-0.122802734375,0.99102783203125,39.0,-19.0,-12.0,2.0,103.0,975.0,1387,2320,280,1387,2320,280,326.02011637464204,-700.8355700090862,-835.0701804815587,
176,16.83168315887451,0.08900880813598633,11.234843168242573,10.456470594101216,102131.0,-77.0,44.0,932.0,-2.875,11.25,-49.375,15.0,9.4375,24.5,11.875,0.125,-6.5,0.056640625,-0.0072021484375,-0.10345458984375,0.99298095703125,-88.0,-54.0,-60.0,1.0,115.0,973.0,130,2905,1203,130,2905,1203,-786.4926679972357,-140.79772060489978,27.701762225689208,
177,16.925692558288574,0.0940093994140625,10.637234215224801,10.45747459907172,102131.0,-98.0,102.0,934.0,-2.5,10.1875,-47.75,-1.875,9.0,37.8125,8.6875,-0.3125,-7.4375,0.0653076171875,-0.001953125,-0.0758056640625,0.9949951171875,-82.0,-31.0,-17.0,-5.0,127.0,972.0,119,2860,1197,119,2860,1197,-734.942469941744,-166.81431267407646,20.65432432687728,
178,17.018701553344727,0.09300899505615234,10.75164826150707,10.459082289096093,102129.0,-72.0,103.0,964.0,-1.75,11.25,-48.1875,25.25,9.625,68.3125,3.1875,-0.375,-8.0625,0.0706787109375,0.00140380859375,-0.02777099609375,0.99713134765625,-65.0,-34.0,-6.0,-6.0,138.0,970.0,91,2874,1155,91,2874,1155,-701.5324534080389,-142.37933377226796,-15.706889124006135,
179,17.112711191177368,0.0940096378326416,10.637207238051761,10.460060828484341,102129.0,-4.0,115.0,929.0,0.0625,9.25,-47.75,0.0,4.1875,77.8125,355.125,0.25,-8.5625,0.0751953125,0.00054931640625,0.0423583984375,0.99627685546875,-9.0,-31.0,-40.0,5.0,147.0,969.0,22,2881,1216,22,2881,1216,-704.0299365513889,-125.68267037049343,35.46550373567146,
180,17.208720684051514,0.09600949287414551,10.415636725743928,10.459812981148458,102129.0,14.0,18.0,1001.0,2.25,10.0625,-48.5625,-18.0625,-1.75,89.9375,348.0625,1.0,-7.375,0.06524658203125,-0.00244140625,0.103515625,0.99249267578125,-3.0,-108.0,29.0,18.0,126.0,972.0,150,2721,886,150,2721,886,-547.1631158679999,-244.32574921313062,-231.9266692531285,
181,17.30673050880432,0.09800982475280762,10.203058749692884,10.458358955085204,102129.0,71.0,63.0,993.0,4.0625,10.875,-47.75,5.375,-6.75,92.9375,338.9375,2.3125,-5.9375,0.0546875,-0.01055908203125,0.18212890625,0.981689453125,31.0,-38.0,19.0,39.0,101.0,974.0,25,2713,924,25,2713,924,-603.2359964119579,-231.79775071353038,-184.21416581903623,
182,17.402740001678467,0.09600949287414551,10.415636725743928,10.458123260041027,102126.5,37.0,143.0,961.0,5.1875,10.1875,-48.25,11.875,13.8125,67.625,332.1875,3.375,-6.625,0.0633544921875,-0.014892578125,0.239501953125,0.96868896484375,-20.0,30.0,-10.0,58.0,113.0,972.0,528,2485,288,528,2485,288,-153.37879866344906,-396.806242265749,-680.1042367841021,
183,17.491748809814453,0.08900880813598633,11.234843168242573,10.462075690071678,102126.5,-38.0,25.0,991.0,5.5625,10.875,-48.5625,12.0625,6.625,51.375,326.0,2.4375,-5.5625,0.05267333984375,-0.00634765625,0.29144287109375,0.95513916015625,-80.0,-69.0,16.0,41.0,95.0,975.0,180,2588,620,180,2588,620,-442.6174887025915,-277.1486204439545,-340.52867979877306,
184,17.586758375167847,0.09500956535339355,10.52525602322716,10.462417011414926,102126.5,-5.0,231.0,928.0,7.75,8.375,-47.75,35.75,-3.125,53.5625,320.8125,3.75,-9.0,0.08502197265625,-0.004638671875,0.33404541015625,0.938720703125,-69.0,78.0,-37.0,64.0,153.0,966.0,148,2516,710,148,2516,710,-434.47017291372373,-314.1601960625414,-241.36794721330332,
185,17.676767587661743,0.09000921249389648,11.109973882593517,10.46571433847038,102126.5,11.0,127.0,978.0,8.0625,3.875,-50.25,37.25,7.8125,41.3125,314.6875,2.75,-9.375,0.0849609375,0.0091552734375,0.3834228515625,0.91961669921875,-36.0,-32.0,12.0,47.0,160.0,966.0,-85,2530,1046,-85,2530,1046,-600.3400110269773,-277.9933091202899,64.65462901258044,
186,17.768776655197144,0.09200906753540039,10.868494016801671,10.467799984733183,102129.5,128.0,182.0,1009.0,10.0625,2.0625,-48.1875,-31.5625,-3.6875,42.25,311.0,4.0625,-10.8125,0.10052490234375,0.006591796875,0.41217041015625,0.905517578125,58.0,-1.0,48.0,69.0,183.0,960.0,54,2391,769,54,2391,769,-437.78833871607185,-372.91331577985585,-172.1378863057511,
187,17.86678671836853,0.09801006317138672,10.2030339298051,10.466347583796283,102129.5,8.0,176.0,974.0,10.5,2.375,-49.0625,-17.9375,11.1875,23.9375,308.3125,3.5625,-10.0625,0.09283447265625,0.01007080078125,0.43365478515625,0.896240234375,-52.0,5.0,10.0,61.0,171.0,963.0,149,2322,634,149,2322,634,-329.44344343841004,-398.40770973386145,-264.9438067605323,
188,17.95879578590393,0.09200906753540039,10.868494016801671,10.468407917838423,102129.5,77.0,119.0,947.0,11.1875,1.6875,-48.6875,21.125,-2.875,27.5,305.25,4.3125,-8.5,0.0833740234375,0.0001220703125,0.4581298828125,0.885009765625,2.0,-25.0,-19.0,74.0,144.0,967.0,234,2248,451,234,2248,451,-232.94200495368557,-429.65899499209,-397.69108283072364,
189,18.054805278778076,0.09600949287414551,10.415636725743928,10.468127298063624,102129.5,51.0,82.0,991.0,11.0,1.25,-49.875,3.0625,-0.375,33.1875,302.3125,4.3125,-7.625,0.07666015625,-0.00115966796875,0.4808349609375,0.8734130859375,-30.0,-2.0,11.0,74.0,131.0,968.0,194,2147,496,194,2147,496,-247.0856316875431,-477.5776591938096,-330.97868819805524,
190,18.151814937591553,0.09700965881347656,10.30825190224337,10.467272867933385,102124.0,83.0,180.0,905.0,11.25,1.25,-48.25,30.125,0.875,28.125,299.0,4.375,-8.9375,0.0865478515625,0.00628662109375,0.50543212890625,0.85845947265625,8.0,28.0,-60.0,75.0,151.0,965.0,187,2083,588,187,2083,588,-233.61618582291146,-491.60324481014163,-232.46967273131298,
191,18.245824337005615,0.0940093994140625,10.637234215224801,10.46814857318448,102124.0,126.0,142.0,974.0,11.6875,-1.1875,-47.5,17.375,4.3125,47.75,294.625,4.5,-9.9375,0.09442138671875,0.01348876953125,0.53729248046875,0.8380126953125,60.0,12.0,28.0,78.0,171.0,962.0,1495,1266,368,1495,1266,368,855.7119417060337,-1122.9275622053376,-394.76425553691,
192,18.339833974838257,0.0940096378326416,10.637207238051761,10.469015164663904,102124.0,99.0,165.0,965.0,11.6875,-3.1875,-47.5,32.75,-3.125,32.25,290.5625,5.0625,-11.75,0.10955810546875,0.02154541015625,0.5657958984375,0.81695556640625,-22.0,-32.0,-3.0,87.0,199.0,956.0,98,1953,772,98,1953,772,-354.4116231953208,-473.76451422982655,-33.46516509925368,
193,18.43484330177307,0.09500932693481445,10.525282435545472,10.469305154410353,102124.0,116.0,197.0,941.0,11.25,-4.6875,-47.0625,-29.5,-5.0625,39.0625,287.5625,5.5625,-12.1875,0.11431884765625,0.02301025390625,0.5867919921875,0.80126953125,39.0,-39.0,16.0,95.0,206.0,953.0,88,1837,699,88,1837,699,-335.2263956846511,-531.2964693484221,-90.05095995681225,
194,18.528852701187134,0.0940093994140625,10.637234215224801,10.47015717209358,102131.25,16.0,158.0,894.0,10.5625,-6.875,-47.5,7.3125,-8.875,26.375,284.5,4.875,-11.8125,0.10791015625,0.029052734375,0.6080322265625,0.7860107421875,-13.0,-50.0,-32.0,83.0,200.0,956.0,72,1772,564,72,1772,564,-322.51903577008994,-543.6259984557937,-193.6910857073995,
195,18.623862266540527,0.09500956535339355,10.52525602322716,10.470438258681463,102131.25,40.0,132.0,906.0,11.375,-6.5,-45.5,-3.25,1.3125,20.375,282.25,5.0,-11.125,0.1031494140625,0.02655029296875,0.62371826171875,0.77435302734375,-34.0,-59.0,-61.0,85.0,189.0,958.0,-29,1706,639,-29,1706,639,-379.53998610843064,-555.256147684738,-117.99351857379291,
196,18.715871334075928,0.09200906753540039,10.868494016801671,10.47239514000844,102131.25,78.0,150.0,965.0,11.375,-6.5,-45.875,-18.9375,8.8125,15.6875,280.125,5.3125,-9.375,0.0926513671875,0.016357421875,0.63897705078125,0.76348876953125,-12.0,-23.0,0.0,91.0,159.0,963.0,648,1394,288,648,1394,288,216.24831742377285,-773.6061245726565,-402.6508054357096,
197,18.819881677627563,0.10401034355163574,9.614428390995092,10.46765348340032,102127.75,117.0,171.0,942.0,12.1875,-5.0625,-47.0625,18.0625,9.75,-0.875,278.5625,4.6875,-9.375,0.08856201171875,0.02203369140625,0.6494140625,0.75494384765625,20.0,26.0,-26.0,80.0,159.0,964.0,193,1540,518,193,1540,518,-137.2443016963707,-605.9530490089952,-201.3751666126369,
198,18.926892518997192,0.1070108413696289,9.344847561247315,10.461305246028347,102127.75,47.0,146.0,978.0,12.875,-5.0625,-45.875,-1.25,15.75,-10.75,278.6875,3.375,-10.0,0.08551025390625,0.0341796875,0.648681640625,0.75543212890625,3.0,-42.0,33.0,58.0,170.0,964.0,1107,957,463,1107,957,463,530.9951911997134,-978.7942161072558,-225.44470820534625,
199,19.02490210533142,0.09800958633422852,10.203083569701421,10.459974979016238,102127.75,-21.0,149.0,944.0,13.25,-6.0625,-45.875,28.8125,3.625,-44.375,281.0,2.375,-11.5625,0.09112548828125,0.04803466796875,0.6326904296875,0.76751708984375,-62.0,-47.0,-15.0,40.0,196.0,959.0,88,1428,627,88,1428,627,-310.45598465214715,-533.3918296446357,-79.24092635534504,
200,19.12591242790222,0.10101032257080078,9.899978284883446,10.4570174496996,102127.75,82.0,185.0,971.0,13.6875,-5.375,-45.5,11.125,6.3125,-76.0,286.8125,2.1875,-11.9375,0.09722900390625,0.04437255859375,0.60247802734375,0.79095458984375,40.0,-19.0,13.0,42.0,205.0,957.0,1160,699,547,1160,699,547,530.6329337134873,-1048.0361398273612,-134.1232412608655,
201,19.221922159194946,0.09600973129272461,10.41561086085216,10.45681063190916,102131.0,85.0,88.0,958.0,13.6875,-6.0625,-44.6875,-29.875,-6.375,-65.8125,291.5625,0.25,-12.125,0.089111328125,0.05755615234375,0.55889892578125,0.8223876953125,80.0,-118.0,0.0,4.0,206.0,958.0,-217,1360,1088,-217,1360,1088,-614.5826061477449,-437.214011075862,310.0873499467396,
202,19.313931226730347,0.09200906753540039,10.868494016801671,10.458771838248724,102131.0,40.0,170.0,999.0,14.75,-2.375,-44.6875,-4.0625,12.1875,-63.875,296.375,-2.0,-10.5,0.068603515625,0.0631103515625,0.5244140625,0.8463134765625,75.0,-7.0,35.0,-34.0,178.0,963.0,3,1254,710,3,1254,710,-383.1474568297482,-492.25718038815586,-30.127762852188823,
203,19.40794062614441,0.0940093994140625,10.637234215224801,10.459636285497442,102131.0,76.0,148.0,1026.0,14.0,-0.875,-45.875,-14.0,0.5,-75.9375,302.4375,-2.5625,-9.375,0.06103515625,0.05908203125,0.47930908203125,0.87353515625,120.0,-11.0,59.0,-43.0,160.0,966.0,-77,1233,777,-77,1233,777,-419.17046541964237,-471.5537852242864,27.06956620377446,
204,19.503950119018555,0.09600949287414551,10.415636725743928,10.459419694735425,102131.0,140.0,117.0,1001.0,14.5,2.5,-44.25,-23.8125,-9.1875,-69.6875,309.25,-3.5625,-8.25,0.0517578125,0.0595703125,0.42718505859375,0.90069580078125,202.0,-24.0,32.0,-61.0,141.0,968.0,-108,1160,672,-108,1160,672,-411.75646444668064,-493.790437797423,-59.22521332155584,
205,19.59895968437195,0.09500956535339355,10.52525602322716,10.459738848458642,102127.75,65.0,152.0,957.0,14.875,2.875,-45.5,15.4375,-1.375,-78.0625,315.875,-4.25,-7.9375,0.05023193359375,0.060791015625,0.37445068359375,0.92388916015625,139.0,16.0,-10.0,-73.0,135.0,968.0,-256,1129,918,-256,1129,918,-499.99703432498296,-480.8923602144647,144.70452769617282,
206,19.69296908378601,0.0940093994140625,10.637234215224801,10.460586167761155,102127.75,0.0,65.0,1010.0,13.75,4.6875,-46.6875,22.5,-2.0625,-65.6875,323.25,-5.5625,-8.1875,0.05255126953125,0.069091796875,0.31390380859375,0.94549560546875,94.0,-74.0,44.0,-95.0,139.0,965.0,-286,1074,973,-286,1074,973,-486.06927371912855,-488.912335379428,178.61096596504456,
207,19.787978649139404,0.09500956535339355,10.52525602322716,10.460896672182463,102127.75,44.0,178.0,921.0,12.6875,5.5,-45.0625,12.5625,-22.4375,-52.6875,328.625,-5.1875,-9.6875,0.069091796875,0.06707763671875,0.26885986328125,0.9583740234375,134.0,13.0,-41.0,-89.0,165.0,962.0,-404,1048,912,-404,1048,912,-544.2744158697976,-472.3376481137128,115.42079404463817,
208,19.880987882614136,0.09300923347473145,10.751620700881036,10.462256766520913,102127.75,11.0,118.0,935.0,12.25,5.0625,-44.6875,10.375,-25.625,-41.0625,333.6875,-4.5,-9.9375,0.0751953125,0.0582275390625,0.22650146484375,0.9693603515625,88.0,-50.0,-27.0,-77.0,168.0,962.0,-486,1095,978,-486,1095,978,-570.2510189531861,-397.0575338924685,161.17312930507848,
209,19.981998205184937,0.10101032257080078,9.899978284883446,10.459414411606172,102127.5,44.0,145.0,997.0,8.75,5.875,-44.25,-2.0,-21.625,-47.8125,338.0625,-2.8125,-9.25,0.0745849609375,0.03985595703125,0.18914794921875,0.978271484375,93.0,-12.0,30.0,-48.0,157.0,966.0,-326,1015,509,-326,1015,509,-404.3739580240267,-427.4679700176305,-208.75511745340847,
210,20.07700753211975,0.09500932693481445,10.525282435545472,10.459726115260763,102127.5,-17.0,90.0,997.0,6.875,6.6875,-45.875,-6.8125,-13.0,-51.375,342.5,-1.75,-8.9375,0.07513427734375,0.0272216796875,0.15118408203125,0.98529052734375,12.0,-63.0,29.0,-30.0,153.0,968.0,100,772,159,100,772,159,-27.98684880541407,-591.4914959777643,-476.3373350474466,
211,20.171016931533813,0.0940093994140625,10.637234215224801,10.460553412661056,102127.5,69.0,101.0,987.0,6.25,6.6875,-45.0,-4.9375,-19.1875,-50.3125,346.8125,-0.8125,-10.125,0.0875244140625,0.01898193359375,0.11859130859375,0.9888916015625,90.0,-59.0,23.0,-16.0,174.0,964.0,-36,943,270,-36,943,270,-137.22497814923128,-405.88618787561154,-348.7429194112669,
212,20.265026330947876,0.0940093994140625,10.637234215224801,10.461373034400786,102127.5,-1.0,131.0,996.0,3.25,7.0,-46.6875,4.8125,-13.25,-50.3125,351.8125,-0.3125,-10.5,0.09136962890625,0.00958251953125,0.07098388671875,0.99322509765625,4.0,-47.0,31.0,-5.0,179.0,964.0,0,744,51,0,744,51,-97.17224158713734,-537.627291289079,-501.26539518793516,
213,20.36103582382202,0.09600949287414551,10.415636725743928,10.461157371512213,102132.25,24.0,126.0,983.0,2.5,6.6875,-45.875,12.6875,-15.875,-51.4375,356.1875,0.125,-10.1875,0.0892333984375,0.0013427734375,0.03277587890625,0.9954833984375,21.0,-47.0,18.0,3.0,174.0,965.0,49,900,-397,49,900,-397,-50.39178161869592,-371.1173615101839,-821.9657642497268,
214,20.454045295715332,0.09300947189331055,10.751593140396299,10.462478052927175,102132.25,106.0,174.0,941.0,1.0,7.375,-44.6875,-10.5625,-6.0625,-63.9375,1.3125,-0.5,-10.125,0.08880615234375,0.00372314453125,-0.01177978515625,0.9959716796875,116.0,1.0,-24.0,-9.0,173.0,965.0,-236,704,298,-236,704,298,-282.45532590005314,-504.8043683487607,-183.30289349419002,
215,20.5450541973114,0.09100890159606934,10.987936151986148,10.464805686817593,102132.25,32.0,187.0,933.0,0.6875,8.0625,-45.0,-5.3125,19.0625,-126.875,10.75,-3.25,-9.3125,0.08343505859375,0.02099609375,-0.0933837890625,0.99188232421875,88.0,29.0,-32.0,-56.0,158.0,966.0,-495,789,131,-495,789,131,-479.8386764848088,-394.01838987115684,-310.48244167352726,
216,20.641063928604126,0.09600973129272461,10.41561086085216,10.464576862274523,102132.25,169.0,216.0,955.0,0.6875,8.875,-45.0,-12.75,-3.625,-139.9375,23.3125,-4.5,-7.9375,0.07611083984375,0.02496337890625,-0.201904296875,0.97613525390625,247.0,80.0,-12.0,-77.0,135.0,968.0,-456,953,67,-456,953,67,-411.6130189803395,-232.1506399002367,-337.9034239869451,
217,20.73607349395752,0.09500956535339355,10.52525602322716,10.464854885050137,102129.75,157.0,81.0,1100.0,-3.0,9.1875,-45.0,-17.5625,9.9375,-166.5625,36.4375,-5.6875,-4.75,0.0550537109375,0.03448486328125,-0.3123779296875,0.94775390625,255.0,0.0,128.0,-97.0,81.0,972.0,-774,994,237,-774,994,237,-637.6402355035937,-181.04680736259036,-174.1092589959068,
218,20.834083080291748,0.09800958633422852,10.203083569701421,10.46362343664741,102129.75,41.0,104.0,974.0,-6.0,9.1875,-43.5,14.875,-13.75,-128.5625,51.25,-6.75,-4.5,0.06097412109375,0.03631591796875,-0.43157958984375,0.8992919921875,156.0,28.0,3.0,-115.0,76.0,970.0,-664,1071,51,-664,1071,51,-502.121819534446,-106.61212071091117,-306.83140893848577,
219,20.930092811584473,0.09600973129272461,10.41561086085216,10.46340319517298,102129.75,1.0,73.0,875.0,-7.6875,6.25,-45.0,-1.625,-5.8125,-83.6875,60.625,-6.75,-4.9375,0.06695556640625,0.02947998046875,-0.50372314453125,0.86077880859375,101.0,-49.0,-77.0,-115.0,83.0,970.0,-357,1062,-218,-357,1062,-218,-217.2438142906094,-105.62100574274156,-498.94393821105314,
220,21.024102210998535,0.0940093994140625,10.637234215224801,10.464180481624055,102129.75,28.0,114.0,991.0,-10.25,4.5,-45.5,19.5,-12.75,-32.5,65.9375,-5.625,-5.0,0.06353759765625,0.0179443359375,-0.5430908203125,0.83709716796875,161.0,36.0,11.0,-97.0,85.0,972.0,-525,1102,-230,-525,1102,-230,-338.11930239838046,-64.72550691765807,-470.3540593836698,
221,21.116111516952515,0.09200930595397949,10.86846585387974,10.465942075678846,102129.5,2.0,46.0,925.0,-9.5,2.25,-44.6875,9.0625,-45.0625,-17.3125,67.75,-5.1875,-6.3125,0.0711669921875,0.00689697265625,-0.55633544921875,0.827880859375,91.0,-61.0,-45.0,-88.0,108.0,970.0,-561,1158,-123,-561,1158,-123,-342.21150346065986,-12.876818123068958,-344.5915066410121,
222,21.21212124824524,0.09600973129272461,10.41561086085216,10.465714267891281,102129.5,65.0,57.0,1042.0,-14.0,1.1875,-44.25,0.9375,-39.5,-15.125,70.0,-1.6875,-6.8125,0.0577392578125,-0.02203369140625,-0.572509765625,0.81756591796875,95.0,-59.0,68.0,-29.0,117.0,973.0,-688,1247,-52,-688,1247,-52,-417.7154763024623,59.4928781018272,-261.1158160533754,
223,21.30513024330139,0.09300899505615234,10.75164826150707,10.466962532187011,102129.5,62.0,115.0,1011.0,-15.75,1.0,-44.25,31.5,-25.8125,-34.4375,72.375,0.8125,-8.4375,0.0555419921875,-0.04949951171875,-0.58892822265625,0.80474853515625,48.0,-28.0,41.0,14.0,144.0,969.0,-408,1219,-277,-408,1219,-277,-153.74584810908033,31.731372836177272,-427.28220434787545,
224,21.401139974594116,0.09600973129272461,10.41561086085216,10.466732158469902,102129.5,-8.0,36.0,1052.0,-18.25,-2.375,-44.1875,-23.9375,32.875,-47.875,76.0,0.25,-8.375,0.0562744140625,-0.047119140625,-0.61444091796875,0.78558349609375,-13.0,-106.0,82.0,4.0,143.0,970.0,-500,1256,-188,-500,1256,-188,-215.69160514295788,58.962132470359435,-323.0032933836692,
225,21.49714946746826,0.09600949287414551,10.415636725743928,10.466503958605934,102125.25,28.0,13.0,1045.0,-16.375,-2.0,-44.0,41.0,-2.0625,-48.25,81.0,-0.5625,-9.0625,0.0638427734375,-0.04742431640625,-0.64776611328125,0.7576904296875,25.0,-56.0,21.0,-10.0,155.0,968.0,-376,1169,-217,-376,1169,-217,-99.6348520895471,-15.352302155616826,-321.3901566017129,
226,21.59515929222107,0.09800982475280762,10.203058749692884,10.465308310154901,102125.25,183.0,90.0,957.0,-16.75,-5.0,-44.375,34.1875,-7.6875,-58.0625,85.5,-0.1875,-11.1875,0.07318115234375,-0.064697265625,-0.6756591796875,0.730712890625,132.0,-70.0,-37.0,-4.0,190.0,961.0,-228,1212,-478,-228,1212,-478,24.311089032848145,19.612152630598807,-501.69398623595885,
227,21.690168857574463,0.09500956535339355,10.52525602322716,10.465570899450556,102125.25,37.0,28.0,1113.0,-17.1875,-8.5625,-43.1875,-55.375,-2.375,-40.0625,90.25,-1.4375,-10.625,0.074462890625,-0.0565185546875,-0.7059326171875,0.70208740234375,73.0,-140.0,152.0,-25.0,180.0,963.0,-1,1093,-477,-1,1093,-477,206.41008520730637,-78.34090406278776,-462.2531045820015,
228,21.78617835044861,0.09600949287414551,10.415636725743928,10.465350844578262,102125.25,40.0,228.0,824.0,-18.25,-7.875,-43.5625,29.0625,-26.4375,-15.375,92.6875,-1.0625,-12.5,0.082275390625,-0.07208251953125,-0.71942138671875,0.6859130859375,82.0,37.0,-133.0,-19.0,212.0,957.0,-265,1180,-324,-265,1180,-324,-21.2125547145788,-2.534304024194526,-303.9529992631982,
229,21.87918782234192,0.09300947189331055,10.751593140396299,10.466567674242313,102127.5,11.0,184.0,967.0,-17.5,-8.1875,-44.0625,2.0,5.8125,-5.875,92.9375,-1.0,-11.1875,0.07379150390625,-0.0645751953125,-0.72186279296875,0.68505859375,57.0,-2.0,7.0,-17.0,190.0,961.0,-1068,1420,790,-1068,1420,790,-684.3609434653998,196.35027862019206,641.7015380769817,
230,21.97219681739807,0.09300899505615234,10.75164826150707,10.467774429267852,102127.5,-20.0,150.0,930.0,-16.75,-9.6875,-42.0,7.6875,5.5625,-10.3125,93.75,-0.5,-11.25,0.07159423828125,-0.06866455078125,-0.72698974609375,0.679443359375,-37.0,-35.0,-48.0,-10.0,193.0,961.0,-512,1286,-50,-512,1286,-50,-171.36558544692338,70.29580040420736,-103.12608990922308,
231,22.07120704650879,0.09901022911071777,10.099966528526606,10.466124463117637,102127.5,78.0,179.0,993.0,-17.5,-10.5,-42.75,-7.0625,-38.8125,17.875,93.375,1.1875,-11.125,0.05902099609375,-0.077880859375,-0.72418212890625,0.6826171875,54.0,2.0,13.0,20.0,189.0,961.0,-629,1317,208,-629,1317,208,-249.16103382300648,88.99164387667639,105.46055406949661,
232,22.167216539382935,0.09600949287414551,10.415636725743928,10.465905793261049,102127.5,62.0,136.0,967.0,-20.5,-8.1875,-43.1875,-8.875,-13.4375,8.9375,92.3125,2.5625,-10.1875,0.0455322265625,-0.0799560546875,-0.71832275390625,0.6895751953125,18.0,-37.0,3.0,43.0,174.0,964.0,-742,1392,331,-742,1392,331,-320.60208936933293,142.28958938934352,195.98658683566612,
233,22.260225772857666,0.09300923347473145,10.751620700881036,10.467099587287274,102126.75,-10.0,104.0,965.0,-20.1875,-7.875,-42.375,-25.5625,20.0625,-0.5,91.625,2.5625,-8.375,0.03460693359375,-0.06829833984375,-0.7152099609375,0.6947021484375,-55.0,-38.0,-3.0,44.0,142.0,969.0,-437,1466,-216,-437,1466,-216,-43.41391632770316,192.59602575998423,-271.95189265108854,
234,22.35523533821106,0.09500956535339355,10.52525602322716,10.467346751659178,102126.75,19.0,159.0,1003.0,-20.1875,-5.1875,-43.1875,-7.125,-6.8125,-6.8125,91.9375,2.625,-8.4375,0.034423828125,-0.0689697265625,-0.7169189453125,0.69287109375,-25.0,15.0,34.0,45.0,143.0,969.0,-414,1483,-276,-414,1483,-276,-21.430816353334723,191.5436919108698,-299.6382797442642,
