Index,Time,Difference,Hz,AveHz,Position-X,Position-Y,Position-Z,Velocity-X,Velocity-Y,Velocity-Z
0,0,0,0,0,12627,1009,14688,0,0,0
1,0.053119421,0.053119421,18.8255064,18.8255064,8695,3850,10607,0,0,0
2,0.107596159,0.054476738,18.35645887,18.58802414,4301,3383,9783,0,0,0
3,0.160262346,0.052666187,18.9875146,18.71930662,1441,3427,8242,0,0,0
4,0.210584641,0.050322294,19.87190797,18.99473765,-106,3450,6706,0,0,0
5,0.260927916,0.050343275,19.86362625,19.1623805,-852,3327,5569,0,0,0
6,0.311248779,0.050320864,19.87247289,19.27718404,-1147,3273,4837,-38661.91355,-2266.604767,-22666.04767
7,0.361295223,0.050046444,19.98143966,19.37473719,-1201,3063,4362,-21894.92618,-1273.423551,-21572.59084
8,0.412276745,0.050981522,19.61495005,19.40444156,-1118,2952,3975,-10150.12465,-1884.059871,-16924.8073
9,0.464782238,0.052505493,19.04562627,19.36390693,-933,2572,3677,-3245.454853,-3445.597776,-11886.91989
10,0.517866135,0.053083897,18.83810465,19.31000954,-699,2216,3347,592.3994129,-4301.671554,-8603.343107
11,0.568850279,0.050984144,19.61394107,19.3372499,-450,1899,2902,2686.516107,-5295.944234,-7458.262076
12,0.622037649,0.05318737,18.80145595,19.29143681,-218,1734,2426,3749.030367,-5068.628034,-7383.644751
13,0.675732851,0.053695202,18.62363796,19.23837206,-130,1739,2053,3746.848557,-4600.128846,-7288.909845
14,0.728684425,0.052951574,18.88517977,19.21270651,-73,1720,1804,3263.47395,-3233.116053,-7107.542685
15,0.781258345,0.052573919,19.02083796,19.19979492,-32,1686,1691,2512.145657,-1996.157718,-6237.051286
16,0.832641602,0.051383257,19.46159236,19.21595074,-6,1643,1573,1686.578034,-972.441389,-5048.338304
17,0.884230137,0.051588535,19.38415181,19.22576408,-14,1594,1558,782.7440024,-537.1772565,-3330.49899
18,0.935051918,0.050821781,19.67660277,19.25026798,-5,1605,1501,484.5724426,-519.4616585,-2139.871907
19,0.989176273,0.054124355,18.47597064,19.20790107,0,1617,1512,280.8800586,-396.3102197,-1123.520234
20,1.042052031,0.052875757,18.91225871,19.1928996,-9,1664,1524,87.86572898,-84.04547989,-637.9815974
21,1.095029354,0.052977324,18.87600077,19.17756809,1,1716,1554,26.56556354,277.0408769,-72.10652962
22,1.14724946,0.052220106,19.14971214,19.17630015,45,1713,1661,222.4342446,448.6385611,388.31741
23,1.198818445,0.051568985,19.39150054,19.18555732,78,1715,1740,316.7301665,419.7628713,912.0302385
24,1.248333931,0.049515486,20.1957021,19.22562497,123,1740,1820,477.0171295,477.0171295,1194.481918
25,1.300005198,0.051671267,19.3531157,19.23069234,144,1763,1941,597.1435363,386.3869941,1627.508854
26,1.351658583,0.051653385,19.35981537,19.23562676,142,1815,2023,551.8344712,387.4582457,1835.534518
27,1.403852701,0.052194118,19.15924684,19.23278701,141,1860,2111,374.5715546,573.5626929,1755.804162
28,1.454797983,0.050945282,19.62890303,19.24665852,134,1892,2232,216.9869259,685.8336766,1906.385135
29,1.50808835,0.053290367,18.76511749,19.22964261,112,1971,2238,-42.2907856,888.1064975,1607.049853
30,1.559036732,0.050948381,19.62770891,19.24265118,108,2002,2335,-138.8767338,921.987205,1519.928698
31,1.609951735,0.050915003,19.64057634,19.25523563,110,2026,2372,-124.2121304,819.0237346,1354.688547
32,1.660479546,0.050527811,19.79108098,19.27154122,96,2060,2356,-175.027842,777.9015198,952.9293617
33,1.712225676,0.05174613,19.32511668,19.27316035,74,2078,2322,-235.1358329,728.9210819,352.7037493
34,1.766805172,0.054579496,18.32189863,19.24377432,62,2095,2318,-192.5220209,477.4546119,308.0352335
35,1.819829702,0.05302453,18.85919578,19.23256882,58,2091,2307,-190.5869416,339.2447561,-106.7286873
36,1.870780945,0.050951242,19.62660677,19.24330056,43,2068,2243,-254.8722937,159.7706916,-490.7242671
37,1.922987461,0.052206516,19.15469699,19.24089509,46,2056,2272,-189.787726,-15.18301808,-318.8433797
38,1.974889278,0.051901817,19.26714808,19.24158504,59,2047,2271,-57.66898878,-119.1825768,-196.0745619
39,2.028336763,0.053447485,18.70995428,19.22757636,78,2043,2323,61.38880831,-199.513627,19.1840026
40,2.081571817,0.053235054,18.78461511,19.21624787,92,2042,2303,129.0378453,-185.9663064,-15.18092297
41,2.135085583,0.053513765,18.68678075,19.20297731,95,2043,2276,196.1356361,-94.29597889,124.4706921
42,2.18922925,0.054143667,18.46938066,19.18483411,105,2031,2278,220.2109091,-93.30970727,22.39432974
43,2.241128922,0.051899672,19.26794467,19.18675877,108,2030,2252,184.2173149,-63.91212966,-71.43120373
44,2.295272112,0.05414319,18.46954331,19.16984037,131,2021,2292,198.4087111,-82.35833292,-116.0503782
45,2.347545147,0.052273035,19.13032215,19.16896042,125,2035,2245,124.2589389,-26.35795673,-218.3944986
46,2.399338007,0.05179286,19.30768062,19.17195488,132,2015,2294,140.8794208,-106.6114536,68.53593446
47,2.450019836,0.050681829,19.73093732,19.18351815,118,2017,2183,49.78675116,-53.61650125,-363.8262585
48,2.500202894,0.050183058,19.92704399,19.1984419,129,2016,2302,81.97889946,-54.65259964,195.1878559
49,2.553678513,0.053475618,18.70011102,19.18800654,155,1895,2325,93.14358178,-489.0038044,128.072425
50,2.603919983,0.05024147,19.90387609,19.20181892,145,1944,2237,78.20825821,-355.8475749,-31.28330329
51,2.65419507,0.050275087,19.89056713,19.21486502,152,1964,2293,78.36405865,-199.8283496,-3.918202933
52,2.70565033,0.051455259,19.43435935,19.21903929,155,1997,2226,144.0757824,-77.87880131,167.4394228
53,2.756825209,0.051174879,19.54083758,19.22501283,161,2014,2311,126.0173091,-7.876081821,35.44236819
54,2.808555365,0.051730156,19.3310842,19.22696653,147,2051,2254,-31.27513897,609.8652098,-277.5668583
55,2.859256506,0.050701141,19.72342186,19.23576982,132,2075,2259,-50.71650827,511.0663526,85.82793708
56,2.910972834,0.051716328,19.33625308,19.237555,123,2105,2238,-112.9929722,549.3796237,-214.2970163
57,2.963154078,0.052181244,19.16397397,19.23625924,129,2133,2299,-100.8099357,527.3135097,283.043281
58,3.014006853,0.050852776,19.66461002,19.24348644,116,2165,2149,-175.2238461,587.9733502,-630.8058459
59,3.06518364,0.051176786,19.54010929,19.2484389,117,2173,2210,-116.5460791,473.9540551,-170.9342494
60,3.116706848,0.051523209,19.40872913,19.2510887,133,2189,2233,3.888515965,443.29082,-101.1014151
61,3.168209314,0.051502466,19.41654592,19.25377838,146,2203,2213,89.73191949,382.3360048,-97.53469509
62,3.221258402,0.053049088,18.85046561,19.24713645,160,2213,2268,119.6613494,308.8034824,-119.6613494
63,3.27171731,0.050458908,19.81810622,19.25594238,171,2222,2185,213.0403237,220.7872446,139.4445755
64,3.322040796,0.050323486,19.87143723,19.26526612,204,2065,2190,338.9600241,-420.7779609,-77.92184461
65,3.371255398,0.049214602,20.31917295,19.28065137,227,2065,2306,370.3592737,-488.5590419,287.619436
66,3.42629528,0.055039883,18.16864338,19.26278811,233,2094,2120,339.4511294,-425.289346,-362.8615521
67,3.479734421,0.05343914,18.71287588,19.25434298,283,2090,2324,473.0380093,-473.0380093,215.3668985
68,3.531111002,0.051376581,19.46412114,19.25739518,293,2120,2152,466.8288323,-390.2995156,-126.2733727
69,3.581881046,0.050770044,19.69665407,19.2636213,321,2104,2326,444.3903232,148.1301077,516.5562731
70,3.63329792,0.051416874,19.44886812,19.26624283,325,2119,2148,378.7391315,208.6929908,-610.6202324
71,3.687522173,0.054224253,18.44193235,19.25412151,383,2113,2310,577.5123835,73.15156857,731.5156857
72,3.739304543,0.05178237,19.3115921,19.25491737,425,2116,2201,545.6461314,99.90703815,-472.637142
73,3.790658951,0.051354408,19.47252502,19.25786544,471,2111,2190,682.0645141,-34.48640802,145.6092783
74,3.843315601,0.052656651,18.99095346,19.25420852,536,2083,2283,818.9786645,-79.9932649,-163.7957329
75,3.896622419,0.053306818,18.75932643,19.2474384,571,2070,2171,941.1753614,-187.4698891,87.99607037
76,3.948823929,0.052201509,19.15653417,19.24623669,609,2058,2181,862.9273081,-210.0044334,-492.5558528
77,3.99974966,0.050925732,19.63643854,19.25120483,658,2043,2196,891.4791111,-279.3046142,-19.13045303
78,4.053016424,0.053266764,18.77343264,19.24492571,693,2036,2219,846.9208542,-286.1219102,110.6338053
79,4.103896379,0.050879955,19.65410532,19.24999871,723,2047,2133,721.7500931,-138.946542,-578.9439249
80,4.157131195,0.053234816,18.78469924,19.24404024,786,2028,2291,825.7033137,-161.3001822,460.8576635
81,4.209373713,0.052242517,19.14149716,19.24276758,811,2041,2072,770.9039035,-64.87805129,-415.9827994
82,4.261612654,0.052238941,19.14280759,19.24154227,882,2027,2296,859.0759305,-61.36256646,383.5160404
83,4.31283474,0.051222086,19.52282851,19.24488301,967,1897,2304,1049.11324,-532.2143808,325.4548372
84,4.365511417,0.052676678,18.98373329,19.24173183,966,1949,1990,932.9100326,-376.2353218,-548.9964389
85,4.417309284,0.051797867,19.30581434,19.24248327,1036,1949,2324,961.8363919,-303.9402998,126.9624037
86,4.469005108,0.051695824,19.34392237,19.24365668,1052,1981,2016,929.6384519,-231.4452577,-216.0155739
87,4.521282196,0.052277088,19.12883894,19.24232911,1118,1975,2254,905.7438421,-199.5706771,-161.1917007
88,4.573935032,0.052652836,18.99232936,19.23945124,1146,1986,2078,687.0622618,341.6119626,-867.4640848
89,4.626677752,0.05274272,18.95996275,19.23626515,1195,1979,2187,875.0123757,114.6304422,752.739904
90,4.679635525,0.052957773,18.88296919,19.23226703,1236,1999,2113,759.6243808,189.9060952,-801.4037218
91,4.731265545,0.05163002,19.3685766,19.23375451,1282,2003,2133,876.2599559,83.81616969,445.7496297
92,4.781210184,0.049944639,20.02216886,19.2419903,1333,1987,2104,829.8148532,46.31524762,-578.9405953
93,4.831364155,0.050153971,19.93860079,19.24922176,1390,1995,2101,953.6539647,35.17576099,89.89361143
94,4.886063099,0.054698944,18.28188856,19.23839257,1450,1990,2134,988.2400684,42.62996373,-205.3989162
95,4.937709332,0.051646233,19.36249654,19.23969064,1496,2008,1974,1007.538194,34.87632211,-538.6454193
96,4.989309072,0.051599741,19.37994224,19.24114113,1560,1987,2170,1068.722672,-61.50921852,142.2400678
97,5.039993763,0.05068469,19.72982355,19.24605556,1599,1977,2005,1019.989453,-38.34546818,-379.6201349
98,5.093719006,0.053725243,18.61322446,19.23938087,1648,1939,2035,993.9519819,-215.7415155,-254.2667861
99,5.144948959,0.051229954,19.51983023,19.2421734,1712,1914,2139,1011.389579,-293.3801833,19.30132785
100,5.196637392,0.051688433,19.34668838,19.24321296,1754,1911,2046,995.5224662,-374.2855784,277.8202231
101,5.247082949,0.050445557,19.82335148,19.24879042,1815,1881,2082,985.0828246,-409.4854094,-339.9501512
102,5.300129414,0.053046465,18.85139757,19.24481311,1874,1856,2061,1065.837726,-468.9685996,217.0433188
103,5.3539083,0.053778887,18.59465786,19.23828243,1924,1839,2027,1056.664894,-382.8495993,-30.62796795
104,5.407502413,0.053594112,18.65876596,19.23253881,1969,1820,2043,975.0313223,-356.6262424,-364.2140348
105,5.460439205,0.052936792,18.89045322,19.22922242,2016,1818,1989,982.3944395,-348.71253,-213.7270345
106,5.512731075,0.05229187,19.12343157,19.22821893,2083,1806,2018,1008.458722,-282.2179259,-240.8259634
107,5.565509319,0.052778244,18.94720104,19.22555401,2149,1785,2054,1039.692536,-268.4297093,-26.46490092
108,5.616270781,0.050761461,19.6999845,19.22984205,2211,1771,1985,1099.78347,-260.5758745,-160.9439225
109,5.666690111,0.050419331,19.83366277,19.23521454,2291,1737,1991,1248.964211,-321.9379798,-201.6960837
110,5.716692924,0.050002813,19.99887473,19.24189413,2374,1711,2056,1404.18417,-419.6863302,262.7942442
111,5.768685579,0.051992655,19.23348603,19.24181834,2424,1707,1962,1342.676551,-389.8093212,-220.4982019
112,5.819694519,0.05100894,19.6044067,19.24499639,2445,1789,2115,1164.072599,15.7307108,239.8933397
113,5.871250629,0.05155611,19.39634299,19.24632538,2456,1854,1850,958.1516593,324.5983172,-527.9611184
114,5.922618628,0.051367998,19.46737339,19.24824257,2512,1903,2380,858.5620803,644.8927843,1511.224657
115,5.974734545,0.052115917,19.18799579,19.24771706,2464,2015,1947,349.4315045,1180.301971,-423.2003777
116,6.023518562,0.048784018,20.49851673,19.25784719,2517,1972,1873,365.0207248,1040.112818,-349.3209086
117,6.075088501,0.051569939,19.39114193,19.25897869,2573,1967,2193,502.3600336,698.5944217,306.1256455
118,6.129922867,0.054834366,18.23673867,19.24983439,2605,1965,1862,575.0003011,428.355929,46.30874908
119,6.181645155,0.051722288,19.33402477,19.25053882,2696,1922,2022,711.4183263,73.461675,-1384.172613
120,6.234479427,0.052834272,18.92710839,19.2477979,2761,1887,1970,1126.275245,-485.3980855,87.21996849
121,6.285857677,0.05137825,19.46348888,19.24956087,2828,1849,1974,1180.43826,-466.8614341,383.357763
122,6.338145256,0.052287579,19.12500114,19.2485333,2895,1847,1994,1237.138816,-461.0455214,-764.5671563
123,6.388156891,0.050011635,19.99534715,19.25437996,0,0,0,-10091.43616,-7612.158181,-7213.149381
124,6.436610222,0.048453331,20.63841597,19.26479866,3001,1818,1957,1207.139172,-411.6146686,-257.2591679
125,6.487511635,0.050901413,19.64582006,19.26778818,3055,1840,2002,1166.354497,-186.4580318,126.9501493
126,6.539622307,0.052110672,19.18992716,19.26716775,3117,1868,1983,1147.525235,75.4428355,35.73607998
127,6.59061265,0.050990343,19.61155661,19.26983222,3176,1890,1918,1110.366043,169.9136649,-300.312524
128,6.644922972,0.054310322,18.41270622,19.26282675,3244,1892,2030,12458.19088,7265.997885,7795.970247
129,6.69771862,0.052795649,18.94095493,19.26028956,3285,1895,1874,1080.839438,293.0444955,-315.8791315
130,6.747780323,0.050061703,19.97534933,19.26559458,3371,1873,2074,1214.461997,126.8267275,276.71286
131,6.799704552,0.051924229,19.25883206,19.26554294,3415,1868,1807,1140.1685,0,-673.3881073
132,6.849769354,0.050064802,19.97411268,19.27072186,3504,1838,2013,1280.959894,-203.0790076,371.0097255
133,6.903142929,0.053373575,18.73586313,19.26658645,3552,1834,1857,1199.468561,-225.8739498,-673.7274708
134,6.955547333,0.052404404,19.08236579,19.26519849,3624,1840,1962,1305.308289,-211.7756811,338.8410898
135,7.005538225,0.049990892,20.0036437,19.27046797,3674,1843,1902,1177.649876,-116.5989976,-668.5009196
136,7.056677341,0.051139116,19.55450294,19.27252635,3720,1848,1887,1179.268151,-77.3290591,309.3162364
137,7.107438326,0.050760984,19.70016956,19.27558056,3767,1839,1928,1029.881257,3.915898314,-332.8513567
138,7.158842564,0.051404238,19.45364903,19.27685918,3808,1853,1937,1007.401891,74.7681091,314.8130909
139,7.210749626,0.051907063,19.26520114,19.27677526,3843,1854,1889,853.7537347,54.57786432,-284.5845782
140,7.263261318,0.052511692,19.04337798,19.27508785,3890,1849,1930,836.4637119,23.23510311,108.4304812
141,7.315119743,0.051858425,19.28326973,19.27514586,3936,1860,1909,832.0436277,46.22464599,84.74518431
142,7.367717028,0.052597284,19.01238843,19.27327006,3996,1867,1914,877.0818436,107.2414481,-53.62072406
143,7.418680906,0.050963879,19.62174047,19.27566394,4044,1877,1925,907.9922938,92.33819937,-46.16909968
144,7.469385624,0.050704718,19.72203074,19.27869403,4097,1875,1872,985.812902,81.50421631,-65.97960368
145,7.520864964,0.05147934,19.42526862,19.27969731,4170,1874,1972,1088.725171,97.20760454,163.3087756
146,7.574106216,0.053241253,18.78242801,19.27620182,4231,1892,1861,1143.470748,124.0375048,-186.0562573
147,7.626183271,0.052077055,19.20231473,19.27569726,4312,1892,1946,1218.299367,96.38444357,123.3720878
148,7.680730343,0.054547071,18.33278989,19.26900091,4381,1892,1938,1275.641054,56.7792754,49.20870534
149,7.731798649,0.051068306,19.58161684,19.27106573,4450,1877,1972,1338.809397,7.585322362,379.2661181
150,7.783681631,0.051882982,19.27414263,19.27108624,4513,1877,1948,1309.313883,11.45172493,-91.61379941
151,7.835331678,0.051650047,19.36106649,19.27167939,4579,1885,1917,1331.112218,-26.77524577,214.2019662
152,7.888434887,0.053103209,18.83125384,19.26871454,4632,1870,1911,1232.519978,-84.73574846,-134.8068725
153,7.9393785,0.050943613,19.62954608,19.27102984,4691,1867,1930,1194.720965,-96.34846489,-30.83150876
154,7.990116358,0.050737858,19.70914901,19.27381193,4745,1862,1888,1143.218507,-58.12975458,-325.5266256
155,8.040796757,0.050680399,19.73149424,19.27669666,4798,1877,1928,1109.677624,0,-77.87211398
156,8.093028069,0.052231312,19.14560377,19.27585061,4853,1908,1887,1071.394454,89.93457091,-117.3059621
157,8.144710541,0.051682472,19.3489196,19.27631427,4895,1932,1873,1024.681775,241.5599621,-148.05288
158,8.196852446,0.052141905,19.17843246,19.27569162,4951,1955,1950,1006.113651,340.530774,77.39335774
159,8.24976778,0.052915335,18.89811348,19.27326977,5005,1965,1844,995.35331,394.3130421,-168.4444063
160,8.301702738,0.051934958,19.25485353,19.27315456,5056,1990,1917,989.0994471,433.210223,-42.17090666
161,8.354199409,0.052496672,19.04882668,19.27174492,5103,1996,1855,954.7046639,336.0560417,-122.202197
162,8.404256105,0.050056696,19.97734731,19.27594756,5152,2012,1813,991.3036259,308.5770042,-231.4327531
163,8.455021143,0.050765038,19.69859668,19.2784852,5191,2033,1794,935.4292544,304.0145077,-608.0290154
164,8.504744053,0.04972291,20.11145368,19.28335515,5230,2039,1796,886.5190808,291.5662755,-189.1240706
165,8.555115938,0.050371885,19.8523441,19.28670531,5279,2054,1758,887.9309291,254.8321949,-633.0987342
166,8.605789661,0.050673723,19.73409366,19.28933968,5330,2071,1805,901.0906353,297.7171703,-198.4781135
167,8.65712738,0.051337719,19.47885532,19.29046353,5356,2100,1674,807.4961074,348.3316542,-550.2056811
168,8.711117506,0.053990126,18.5219054,19.28570013,5418,2099,1782,879.9581401,255.8468601,-46.51761093
169,8.762002945,0.050885439,19.65198731,19.28782735,5481,2121,1784,970.57811,317.0812949,-46.40214072
170,8.813684464,0.051681519,19.34927665,19.28818767,5531,2144,1748,969.7212146,346.3290052,-38.48100058
171,8.865787745,0.052103281,19.1926493,19.2876262,5595,2155,1826,1016.005128,322.0544557,80.51361392
172,8.917020798,0.051233053,19.51864934,19.28895355,5640,2176,1780,1103.430635,295.2842546,411.8438287
173,8.967157364,0.050136566,19.94552233,19.29262452,5696,2183,1797,1084.061465,327.5581406,58.4925251
174,9.019082546,0.051925182,19.25847835,19.29242793,5754,2198,1819,1063.301064,299.9054284,136.3206493
175,9.072105885,0.053023338,18.85961978,19.28989831,5799,2215,1770,1039.171834,275.3029859,85.30515057
176,9.12369132,0.051585436,19.38531648,19.29043781,5865,2233,1829,1045.14179,301.9298504,11.61268655
177,9.175913572,0.052222252,19.14892529,19.28963243,5908,2235,1702,1027.035323,226.10106,-298.9132657
178,9.226127625,0.050214052,19.9147441,19.29303466,5972,2242,1798,1066.43443,227.9696788,3.863892862
179,9.277165651,0.051038027,19.59323396,19.29468619,6028,2261,1855,1068.956643,245.782002,140.4468583
180,9.328762293,0.051596642,19.38110641,19.29516418,6091,2268,1870,1139.117825,206.7576873,390.108844
181,9.380794525,0.052032232,19.21885639,19.29474092,6158,2275,1818,1144.079021,163.9976754,-42.95177213
182,9.431608915,0.05081439,19.67946474,19.29681369,6235,2291,1905,1273.108607,218.0247156,790.3395942
183,9.483765125,0.05215621,19.1731723,19.29613372,6307,2305,1880,1297.195946,243.9502823,317.5225897
184,9.534844875,0.05107975,19.5772297,19.2976396,6370,2276,1717,1327.623115,58.22908397,-535.7075725
185,9.58539629,0.050551414,19.78184013,19.30019317,6437,2253,1648,1352.872007,-58.65052053,-868.0277039
186,9.639092922,0.053696632,18.62314182,19.29642151,6518,2226,1659,1388.058792,-188.9302245,-613.0592999
187,9.69256711,0.053474188,18.70061127,19.29313441,6576,2205,1615,1306.500991,-329.4987836,-1111.100549
188,9.743120193,0.050553083,19.78118707,19.29566671,6628,2197,1565,1232.983352,-414.8355205,-1209.936935
189,9.795029402,0.051909208,19.26440477,19.29550104,6678,2194,1570,1175.386835,-312.9276639,-560.9800804
190,9.844817638,0.049788237,20.08506563,19.29949411,6720,2202,1554,1100.499756,-198.3232776,-365.5370215
191,9.896099329,0.051281691,19.50013715,19.30053384,6770,2213,1533,990.5065697,-51.09756114,-495.2532849
192,9.947793007,0.051693678,19.34472532,19.30076348,6833,2230,1543,1004.530092,97.71693498,-281.4247727
193,10.00078082,0.052987814,18.87226374,19.29849313,6893,2257,1550,1030.369564,233.2912221,-58.32280552
194,10.05040622,0.049625397,20.1509724,19.30270238,6948,2285,1509,1050.642019,354.1052732,-237.3672711
195,10.10011292,0.049706697,20.11801329,19.30671485,7005,2311,1528,1117.57263,427.4225148,-101.9539944
196,10.15220332,0.052090406,19.19739293,19.30615392,7055,2331,1492,1115.403596,461.8162259,-160.46157
197,10.20359087,0.051387548,19.45996706,19.30692856,7117,2332,1538,1120.260071,402.346927,-19.72288858
198,10.25642228,0.052831411,18.92813336,19.30497737,7155,2354,1449,1017.396393,376.6696568,-392.2024261
199,10.30676651,0.050344229,19.86324997,19.30770429,7223,2354,1535,1064.583464,267.1136692,100.6515275
200,10.35985041,0.053083897,18.83810465,19.30529806,7268,2378,1434,1013.257662,258.1302788,-362.1529285
201,10.41143012,0.051579714,19.38746701,19.30570514,7333,2373,1543,1070.057746,161.6634005,196.3055577
202,10.46206665,0.05063653,19.74858865,19.3078487,7367,2406,1421,972.552766,287.8756187,-455.1546945
203,10.51451778,0.052451134,19.06536482,19.30663908,7431,2411,1531,1062.809366,219.4932387,315.7622031
204,10.56509781,0.050580025,19.77065068,19.30886052,7476,2435,1517,986.1269757,315.7165416,-70.15923148
205,10.617697,0.052599192,19.01169901,19.30738841,7526,2448,1432,1000.645377,271.4929318,-7.756940909
206,10.66785455,0.050157547,19.93717915,19.31034953,7592,2461,1490,1006.861934,342.0998076,-206.0373841
207,10.71966577,0.051811218,19.30083935,19.31030356,7650,2490,1499,1103.593602,327.568419,304.1706747
208,10.77449536,0.054829597,18.23832467,19.30484844,7704,2519,1468,1042.992124,412.6122688,-240.6904901
209,10.82666898,0.052173615,19.16677634,19.30418307,7751,2550,1491,1052.772735,440.2504164,-99.53487676
210,10.8771987,0.050529718,19.79033392,19.30644147,7789,2583,1581,1005.043615,515.8969128,569.3973334
211,10.92732072,0.050122023,19.95130977,19.30939939,7826,2623,1545,901.4954726,624.1122503,211.8899615
212,10.97798443,0.05066371,19.73799406,19.31137736,7872,2650,1478,872.7741702,629.026429,-82.5597188
213,11.02939582,0.05141139,19.45094256,19.31202792,7927,2676,1448,880.0018742,619.552889,-78.9239349
214,11.07907724,0.049681425,20.12824709,19.31568806,7994,2681,1471,962.9552136,519.1240041,-79.25557314
215,11.13316846,0.054091215,18.48729036,19.31166323,8030,2704,1389,936.6146057,470.2504867,-746.1825904
216,11.18411112,0.050942659,19.62991356,19.31311284,8085,2705,1483,1005.207041,318.2508778,-240.6287125
217,11.23720407,0.053092957,18.83489007,19.31085335,8129,2723,1414,989.373588,281.0282954,-246.3809713
218,11.28830242,0.051098347,19.5701048,19.3120269,8185,2723,1454,986.4969513,179.7106849,22.94178957
219,11.34194541,0.053642988,18.64176537,19.30885682,8231,2725,1427,908.1462261,168.6009871,-168.6009871
220,11.39145255,0.049507141,20.19910618,19.31272584,8280,2719,1450,964.5925444,57.87555266,235.3605808
221,11.44262433,0.05117178,19.54202115,19.31375125,8346,2725,1487,1016.452829,77.88910567,15.57782113
222,11.4934876,0.050863266,19.66055424,19.31528599,8394,2734,1411,1033.213048,42.88808878,-11.69675149
223,11.54365039,0.050162792,19.93509444,19.31797936,8448,2727,1455,1043.107617,15.86475464,3.966188659
224,11.59584618,0.052195787,19.15863424,19.31726211,8492,2736,1457,1021.558279,43.05418033,117.4204918
225,11.64788437,0.052038193,19.21665506,19.31681264,8547,2738,1440,1040.6312,74.05240747,-38.9749513
226,11.6995368,0.051652431,19.36017282,19.31700407,8605,2737,1483,1005.585055,46.59081336,-15.53027112
227,11.75107074,0.051533937,19.40468843,19.31738861,8672,2750,1485,1072.21881,61.71043513,285.4107625
228,11.8028481,0.051777363,19.3134595,19.31737137,8727,2755,1454,1078.250845,108.2115543,-3.864698369
229,11.855129,0.052280903,19.1274432,19.31653379,8803,2758,1472,1200.513588,84.92379082,57.90258465
230,11.90758324,0.052454233,19.06423828,19.3154224,8875,2765,1488,1261.256884,103.8229752,184.5741782
231,11.96042967,0.052846432,18.92275348,19.31368742,8946,2778,1452,1303.02538,156.6687407,-118.4568527
232,12.01208973,0.051660061,19.35731362,19.31387504,9008,2790,1439,1284.639208,152.933239,-175.8732248
233,12.06449604,0.052406311,19.08167128,19.31286638,9073,2808,1404,1322.080134,202.515165,-191.0520424
234,12.11347699,0.048980951,20.4161,19.31732732,9149,2823,1454,1344.382689,252.5574416,-69.93898384
235,12.16556883,0.052091837,19.19686575,19.31681151,9198,2847,1388,1259.632728,319.7829217,-389.9791729
236,12.21641588,0.050847054,19.66682296,19.31826833,9267,2866,1441,1256.81415,344.5471812,-43.06839765
237,12.26895857,0.052542686,19.03214448,19.31704298,9330,2889,1398,1259.888559,387.3570413,-160.4205929
238,12.32157135,0.052612782,19.00678829,19.3157182,9381,2896,1378,1184.078232,338.3080662,-99.95465593
239,12.37531853,0.053747177,18.6056283,19.31263421,9426,2903,1301,1056.497346,305.1255874,-583.5526859
240,12.42519259,0.049874067,20.05050027,19.31559597,9494,2892,1377,1134.226118,172.4330247,-42.15029492
241,12.47608614,0.050893545,19.64885718,19.31695544,9545,2906,1298,1073.734408,154.4941595,-552.3166201
242,12.52619576,0.050109625,19.95624599,19.31951285,9601,2922,1345,1059.502116,129.0168628,-207.2089008
243,12.57879615,0.052600384,19.01126814,19.31822387,9651,2940,1272,1061.541799,172.9919969,-416.7534471
244,12.63092756,0.052131414,19.18229174,19.31766284,9699,2957,1308,1061.559938,209.9788888,27.21948558
245,12.68232512,0.051397562,19.45617575,19.31822419,9759,2988,1300,1027.933685,372.3835238,-298.682618
246,12.73210001,0.049774885,20.09045318,19.32124314,9792,3000,1271,959.6693824,365.2183075,-104.9031309
247,12.78618383,0.054083824,18.48981679,19.31772632,9852,3020,1344,968.2349232,378.0359461,-3.857509654
248,12.83690548,0.050721645,19.71544876,19.31929782,9878,3043,1171,881.6479111,400.0428848,-392.2750618
249,12.88781595,0.050910473,19.64232394,19.32057386,9929,3015,1348,895.4170957,225.8008328,155.7247123
250,12.93988609,0.052070141,19.20486451,19.32010825,9957,3041,1136,762.3224691,204.0560144,-631.4186107
251,12.99126959,0.051383495,19.46150206,19.32066749,10041,3000,1482,971.3010081,0,823.0703322
252,13.04289961,0.05163002,19.3685766,19.32085714,10073,3084,959,858.2768873,248.5507728,-1495.188243
253,13.09522009,0.05232048,19.11297437,19.32002657,10185,2978,1670,1184.161531,-250.7182395,1924.744638
254,13.14717865,0.051958561,19.24610655,19.31973443,10220,3089,946,1123.050454,285.5867134,-1551.430524
255,13.19833922,0.051160574,19.54630143,19.32061267,10304,2998,1424,1340.611816,-166.1276891,1112.669173
256,13.24879813,0.050458908,19.81810622,19.3225074,10348,3030,1167,1192.820599,116.5622736,-1223.903872
257,13.30260134,0.053803205,18.5862532,19.31952958,10420,2999,1303,1338.5974,-327.8984985,1327.024512
258,13.35329151,0.050690174,19.7276892,19.32107898,10460,3009,1166,1067.376379,120.3224282,-1956.209801
259,13.40526199,0.051970482,19.2416919,19.32077121,10521,2993,1285,1163.719201,-371.1529677,1310.633917
260,13.45848083,0.053218842,18.79033761,19.31867372,10577,3005,1203,1041.573753,26.70701932,-843.1787527
261,13.50895119,0.050470352,19.81361249,19.32052284,10629,2991,1248,1089.411988,-151.1995286,314.0297902
262,13.56284666,0.053895473,18.5544339,19.31747859,10680,3003,1177,992.5788076,15.27044319,-481.0189606
263,13.61539221,0.052545547,19.03110821,19.31637341,10746,2982,1245,1088.848647,-102.7934038,300.7658851
264,13.66672421,0.051331997,19.48102665,19.31699184,10808,2980,1132,1102.55611,-49.94156595,-587.7738147
265,13.71777773,0.051053524,19.58728647,19.3179978,10873,2925,1294,1133.955473,-306.474452,348.6146892
266,13.76906323,0.051285505,19.4986867,19.31867081,10908,2959,1038,1082.357232,-124.1413313,-814.6774867
267,13.82060981,0.051546574,19.39993155,19.31897389,10974,2881,1404,1146.10053,-475.592737,884.9143549
268,13.87378287,0.053173065,18.8065141,19.31700982,10985,2989,803,923.4097839,27.04547484,-1707.728554
269,13.92552114,0.051738262,19.32805545,19.31705086,11067,2824,1593,997.3842429,-600.7410884,1775.266934
270,13.97738099,0.051859856,19.28273782,19.31692355,11078,3000,758,787.2588618,288.0215348,-2058.393902
271,14.02941632,0.052035332,19.21771164,19.31655557,11154,2864,1423,942.4993288,-363.973318,1475.049763
272,14.08133984,0.051923513,19.25909736,19.3163437,11188,2965,961,824.8338073,323.7665412,-1707.483068
273,14.13337326,0.052033424,19.21841608,19.31598317,11251,2872,1325,1023.804783,-450.3201491,2009.120665
274,14.18466544,0.051292181,19.49614893,19.31663465,11291,2944,985,864.512507,463.1317002,-2346.533948
275,14.23371029,0.049044847,20.38950167,19.32033141,11352,2868,1295,1072.963651,-516.9021969,2102.852119
276,14.28546238,0.05175209,19.32289094,19.32034068,11304,2903,798,587.8821518,152.8493595,-2449.508966
277,14.33729959,0.051837206,19.29116323,19.32023519,11413,2767,1514,882.6717205,-776.751114,2169.41094
278,14.38950133,0.052201748,19.15644668,19.31964101,11456,2919,737,800.6409356,183.5615804,-2296.472537
279,14.43904948,0.049548149,20.18238861,19.32260156,11560,2779,1420,1048.022039,-642.8387969,1694.756828
280,14.49204135,0.052991867,18.87082029,19.32094956,11611,2882,918,1003.00626,54.21655458,-1459.974363
281,14.54404736,0.052006006,19.22854824,19.32061916,11695,2812,1281,1512.954648,-352.1198797,1868.943977
282,14.59644961,0.052402258,19.08314717,19.31976662,11761,2881,1010,1345.263655,440.689818,-1948.31288
283,14.64641094,0.049961329,20.01548057,19.32213981,11835,2845,1207,1462.181065,-285.4918174,1813.25884
284,14.6970377,0.050626755,19.75240176,19.32362193,11874,2860,1038,1225.387687,316.1031931,-1490.758269
285,14.74843574,0.051398039,19.45599525,19.32408325,11928,2825,1183,1240.775038,-223.1046598,1037.240962
286,14.79856539,0.050129652,19.94827332,19.32619768,11970,2840,1051,1088.485057,110.8275695,-910.3693206
287,14.85151577,0.052950382,18.88560493,19.32462682,12047,2809,1145,1115.52713,-280.8320048,526.5600089
288,14.90505314,0.053537369,18.67854216,19.32230615,12095,2830,983,999.9257656,-57.68802494,-861.4745058
289,14.95901656,0.053963423,18.53107065,19.31945184,12155,2769,1263,1067.523594,-345.7104878,854.7786785
290,15.01310515,0.054088593,18.48818676,19.31645699,12198,2894,788,1006.806354,257.2949572,-1472.920407
291,15.06531572,0.052210569,19.15321001,19.31589124,12272,2741,1501,1130.02831,-370.4397439,1683.817018
292,15.1171062,0.051790476,19.30856946,19.31586616,12294,2959,594,931.8422451,565.8961002,-2078.725008
293,15.1687746,0.051668406,19.35418734,19.31599669,12363,2757,1470,1022.130053,-278.416022,1857.37812
294,15.22304678,0.054272175,18.42564819,19.31282248,12414,2909,882,986.94101,533.481627,-1451.832142
295,15.27581882,0.052772045,18.94942668,19.31156708,12461,2801,1231,999.5102146,-353.4389732,1683.585647
296,15.32824826,0.052429438,19.07325436,19.31075195,12494,2848,991,841.1398343,405.4142445,-1932.348268
297,15.37926936,0.051021099,19.59973458,19.31171066,12540,2771,1195,934.9401528,-714.5071087,2284.142406
298,15.42957401,0.050304651,19.8788775,19.31355978,12606,2831,943,941.2802228,286.6450061,-2041.377273
299,15.48063278,0.051058769,19.58527429,19.31445595,12653,2734,1286,933.5301295,-683.5471659,1578.017457
300,15.53364038,0.053007603,18.86521837,19.31292296,12706,2834,896,954.2722371,128.5346279,-1304.821222
301,15.58403492,0.050394535,19.84342149,19.31463845,12784,2728,1326,1133.00304,-468.8288442,1308.813857
302,15.63601685,0.051981926,19.23745574,19.31438185,12851,2860,842,1205.176254,344.8896674,-1367.933175
303,15.68735099,0.051334143,19.48021234,19.3149245,12921,2691,1434,1219.050825,-541.8003665,1900.171285
304,15.73912692,0.051775932,19.31399311,19.31492144,12975,2872,730,1253.610115,537.2614777,-2164.618707
305,15.79026771,0.051140785,19.5538648,19.31569532,13049,2646,1456,1330.53529,-729.272987,2172.302515
306,15.84017015,0.049902439,20.03910065,19.31797431,13097,2799,744,1226.529284,278.2222976,-2280.639115
307,15.89253402,0.052363873,19.09713609,19.31724668,13167,2608,1334,1232.070708,-982.5374,1918.287305
308,15.94304848,0.05051446,19.79631194,19.31876457,13222,2711,887,1180.846224,78.46154314,-2145.923205
309,15.99323368,0.050185204,19.92619197,19.32067061,13270,2623,1207,1162.756468,-981.44529,1880.118086
310,16.04328012,0.050046444,19.98143966,19.32273186,13323,2693,973,1079.218266,185.1213814,-1902.4176
311,16.09554291,0.052262783,19.1340748,19.32211928,13371,2639,1172,1079.755669,-630.5142593,1686.625644
312,16.14691663,0.05137372,19.4652051,19.32257453,13423,2700,1040,1004.570843,361.0176467,-1153.686827
313,16.19790435,0.05098772,19.61256535,19.32348736,13463,2681,1110,942.001129,-117.2615513,871.6441982
314,16.2487483,0.050843954,19.66802185,19.32456545,13499,2690,1049,891.6222549,260.8676466,-615.1804204
315,16.30013442,0.051386118,19.46050879,19.32499401,13540,2676,1119,848.5200472,-66.47392075,570.8936723
316,16.35167503,0.051540613,19.40217507,19.32523728,13589,2712,1022,851.7354851,285.2141762,-586.0565265
317,16.40377688,0.052101851,19.19317625,19.32481783,13645,2702,1135,862.6697067,7.77179916,369.1604601
318,16.45445204,0.050675154,19.73353658,19.32607657,13711,2752,1040,964.4939099,276.1252726,-272.2361843
319,16.507375,0.052922964,18.89538912,19.32469578,13779,2750,1153,1080.869386,231.6148683,401.4657718
320,16.5603292,0.052954197,18.88424446,19.32328737,13838,2816,1030,1142.560465,536.7733726,-341.2345012
321,16.61179566,0.051466465,19.43012795,19.32361838,13900,2787,1183,1196.045858,288.4354964,619.1748656
322,16.66302395,0.051228285,19.52046615,19.32422356,13953,2856,913,1181.367131,590.6835656,-851.5048804
323,16.71598649,0.052962542,18.8812691,19.32282012,14002,2739,1321,1115.950046,-49.85343848,1077.601247
324,16.76707339,0.051086903,19.57448874,19.32358691,14066,2909,814,1110.551138,615.2530696,-1311.765979
325,16.81865621,0.051582813,19.38630208,19.32377926,14123,2740,1394,1102.191832,-293.9178218,1407.711673
326,16.87172079,0.053064585,18.84496044,19.32227329,14178,2912,711,1065.66059,479.1639344,-1809.323016
327,16.92503476,0.053313971,18.7568097,19.32049208,14257,2703,1401,1163.367669,-585.510702,1867.511259
328,16.98523164,0.060196877,16.6121576,19.31089355,14311,2827,840,1133.122426,322.7015324,-1763.85724
329,17.03849745,0.05326581,18.77376876,19.30921438,14381,2711,1205,1146.281734,-720.5199474,1422.844947
330,17.08965516,0.051157713,19.54739457,19.30992737,14447,2748,969,1189.348885,29.36663913,-1560.102704
331,17.1413815,0.051726341,19.33250982,19.30999552,14506,2685,1124,1212.867821,-839.3932786,1527.178079
332,17.19280434,0.051422834,19.44661378,19.31040414,14555,2696,997,1148.513276,-26.97849976,-1557.044844
333,17.24431658,0.051512241,19.41286136,19.3107102,14595,2655,1087,1103.881841,-668.548157,960.0662487
334,17.29389739,0.049580812,20.16909265,19.31317114,14634,2660,1034,990.9801736,-199.7628018,-669.7929236
335,17.34569001,0.051792622,19.3077695,19.31315501,14684,2632,1089,928.0083349,-454.21505,469.8776379
336,17.39903212,0.053342104,18.74691708,19.31141904,14736,2659,1005,892.2173363,-100.8593511,-461.6254914
337,17.45034385,0.051311731,19.48872069,19.31194038,14794,2608,1169,928.032491,-341.7023398,667.872755
338,17.50214887,0.051805019,19.30314885,19.31191436,14846,2680,911,964.2188549,96.03773455,-676.1056513
339,17.55338764,0.051238775,19.51646961,19.31251146,14899,2566,1273,1020.714584,-362.064796,920.5690025
340,17.60576797,0.052380323,19.09113833,19.31185284,14960,2686,891,1068.029568,208.9623069,-766.1951252
341,17.65849566,0.052727699,18.96536382,19.31081823,15020,2558,1314,1091.511008,-388.1782107,1187.594724
342,17.71113968,0.052644014,18.99551188,19.30988102,15068,2704,914,1048.849935,367.4802694,-976.1194655
343,17.76171374,0.050574064,19.77298077,19.31119964,15112,2592,1269,1021.475459,-337.9317309,1374.767723
344,17.81378245,0.05206871,19.20539214,19.31089037,15157,2690,948,992.238578,476.8898592,-1249.912937
345,17.86576605,0.051983595,19.23683812,19.3106749,15210,2609,1265,964.9231902,-297.1963426,1443.525093
346,17.91981435,0.0540483,18.50196961,19.30823575,15271,2691,1007,962.2634156,509.8845987,-1176.951668
347,17.96962881,0.049814463,20.07449135,19.31035992,15314,2613,1259,946.5403456,-350.1429734,1327.465119
348,18.02306533,0.053436518,18.71379429,19.30859117,15377,2709,1012,1012.983026,447.2415623,-982.402406
349,18.07474351,0.051678181,19.3505264,19.30871107,15444,2629,1297,1098.683078,-233.5180062,1336.029249
350,18.12808895,0.053345442,18.74574408,19.30705442,15514,2731,989,1167.689179,468.6121046,-1060.13886
351,18.17976165,0.051672697,19.35257993,19.30718382,15587,2631,1315,1203.048525,-228.4269352,1172.5916
352,18.23138595,0.051624298,19.37072342,19.30736374,15661,2740,971,1332.561333,487.7097674,-1105.987504
353,18.28203964,0.050653696,19.74189601,19.30856769,15718,2599,1378,1315.991746,-424.5134664,1412.472079
354,18.3338809,0.051841259,19.28965498,19.30851422,15775,2743,939,1286.736433,443.1660223,-1391.696807
355,18.38502574,0.051144838,19.5523152,19.30919244,15820,2632,1342,1192.60996,-385.8443989,1375.788614
356,18.43657708,0.051551342,19.3981371,19.30944114,15871,2758,923,1107.260309,495.1480959,-1528.331131
357,18.48974276,0.053165674,18.80912854,19.30800253,15944,2617,1351,1090.017362,-473.7531292,1463.627554
358,18.54156899,0.051826239,19.29524554,19.30796688,16016,2752,908,1147.875145,589.3452924,-1810.407107
359,18.59452248,0.052953482,18.88449953,19.30676093,16070,2622,1342,1126.509195,-462.0597037,1538.926121
360,18.64532995,0.050807476,19.68214282,19.30778382,16127,2755,968,1176.510768,471.3707636,-1433.273704
361,18.69552445,0.050194502,19.92250072,19.30943424,16167,2673,1286,1150.734016,-330.4472681,1411.204215
362,18.74621296,0.050688505,19.72833873,19.31056693,16214,2735,1048,1055.491669,461.2889518,-1184.496207
363,18.79765248,0.051439524,19.44030442,19.31092195,16246,2669,1271,905.8238264,-326.8842504,1429.6263
364,18.8484695,0.050817013,19.67844911,19.31191284,16296,2753,1011,890.0285826,515.9015235,-1303.537437
365,18.9008081,0.0523386,19.10635739,19.31134363,16335,2677,1226,810.5857755,-303.9696658,1005.438125
366,18.95129061,0.050482512,19.80884013,19.31266886,16386,2726,1000,854.3105578,206.7509569,-1115.674975
367,19.00175667,0.050466061,19.8152974,19.31400377,16430,2645,1245,846.6264418,-352.7610174,772.1546715
368,19.05365753,0.051900864,19.26750211,19.31387711,16482,2742,933,920.1316203,284.6169842,-1317.815626
369,19.10356855,0.049911022,20.03565457,19.31576286,16546,2628,1326,986.3856197,-493.1928098,1242.845881
370,19.15520883,0.051640272,19.36473141,19.31589488,16606,2773,931,1063.171312,376.6215717,-1157.326705
371,19.20805097,0.05284214,18.92429028,19.31481755,16630,2550,1353,946.221014,-682.5200757,1368.918106
372,19.25988555,0.051834583,19.29213928,19.31475652,16717,2751,1273,1113.33078,411.1953405,108.6176371
373,19.31020498,0.050319433,19.87303783,19.31621132,16804,2884,1136,1246.634011,549.7578556,785.9214414
374,19.35959935,0.049394369,20.24522264,19.31858161,16877,2891,1285,1295.559072,1029.401921,-160.4771056
375,19.41498303,0.055383682,18.05585977,19.31497954,16945,2962,1183,1310.575025,730.6745714,974.2327619
376,19.46897602,0.053992987,18.52092395,19.3127774,17016,2921,1380,1476.872658,1419.481233,103.3045641
377,19.52169371,0.052717686,18.96896623,19.31184894,17066,2942,960,1320.164948,722.4971492,-1183.987475
378,19.57284522,0.051151514,19.54976345,19.31247071,17089,2589,1664,1069.188357,-1106.703738,1980.812114
379,19.62274814,0.049902916,20.03890917,19.31431813,17134,2863,466,989.5790854,-107.8140638,-3153.561366
380,19.67535853,0.052610397,19.00764964,19.31349812,17161,2464,1581,837.2802397,-1930.396108,1542.766368
381,19.72836995,0.053011417,18.86386083,19.31228991,17233,2616,1262,839.9610716,-1180.590446,-456.7530251
382,19.78084421,0.05247426,19.05696228,19.31161258,17288,2607,1135,853.8502958,-1288.467789,673.0801881
383,19.83175039,0.050906181,19.64397984,19.31246574,17355,2596,1174,1018.170826,26.7939691,-1875.577837
384,19.88300252,0.051252127,19.51138547,19.31297849,17396,2523,1103,1009.420038,-1309.934401,2454.200627
385,19.93353057,0.050528049,19.79098759,19.31419016,17447,2465,1101,1115.223781,3.899383851,-1871.704248
386,19.98395658,0.050426006,19.83103706,19.31549433,17502,2469,1112,1059.512065,-578.9898645,-590.8059842
387,20.03544402,0.051487446,19.42221029,19.31576857,17559,2494,1086,1064.343553,-443.8037692,-192.4458822
388,20.08686805,0.051424026,19.44616298,19.31610239,17617,2493,1136,1028.128698,-404.1879996,-149.1179028
389,20.13937807,0.052510023,19.04398324,19.31539289,17664,2510,1109,1041.547739,-50.52283808,23.31823296
390,20.19077039,0.051392317,19.45816149,19.31575628,17703,2509,1156,990.2626801,170.2013981,212.7517477
391,20.24061608,0.049845695,20.06191287,19.31759381,17745,2550,1145,947.4974233,315.8324744,128.6724896
392,20.29125404,0.05063796,19.74803075,19.31866799,17795,2540,1256,923.7423494,180.0514749,665.4076246
393,20.34161687,0.050362825,19.85591539,19.31999814,17853,2601,1064,933.5498516,427.2177287,-284.8118191
394,20.39213943,0.050522566,19.79313567,19.32117036,17903,2510,1370,949.5004455,0,1036.90216
395,20.4461205,0.053981066,18.52501402,19.31906838,17977,2692,1032,1066.643738,712.3934455,-482.7146844
396,20.49638677,0.050266266,19.89405783,19.32047851,18041,2604,1464,1154.374576,210.5953619,1244.072601
397,20.54665184,0.050265074,19.89452964,19.32188286,18123,2782,946,1279.78168,944.2291665,-1209.549759
398,20.5971303,0.050478458,19.81043066,19.32308017,0,0,0,-69673.34902,-10150.69629,-4152.38018
399,20.62000346,0.022873163,43.7193575,19.35014224,18165,2517,1673,1205.408503,32.20557068,1394.041131
400,20.67125297,0.051249504,19.51238393,19.35054448,18242,2778,671,1212.355507,393.4436741,-1651.548446
401,20.72178197,0.050529003,19.79061406,19.35161757,18286,2431,1615,1119.167794,-790.2695036,689.7728037
402,20.77280784,0.051025867,19.59790298,19.35222254,18358,2600,886,1070.142502,-828.7912144,-273.2278729
403,20.82417679,0.051368952,19.46701198,19.3525057,18424,2439,1316,72189.64521,9556.586228,5156.403229
404,20.87599039,0.051813602,19.29995122,19.35237526,18509,2507,1047,1344.160699,-39.07443891,-2446.059876
405,20.92748547,0.051495075,19.41933273,19.35254002,18588,2471,1242,1345.626128,-1193.951506,2220.67202
406,20.97996879,0.05248332,19.05367259,19.35179238,18665,2514,1157,1463.596302,320.5237285,-1768.673104
407,21.03278112,0.052812338,18.93496937,19.35074575,18731,2515,1236,1430.459242,-325.9759666,1342.25398
408,21.08297205,0.050190926,19.92392027,19.35211027,18791,2581,1134,1418.483171,548.8409001,-703.4439706
409,21.13272977,0.049757719,20.09738427,19.35386505,18838,2564,1295,1282.374207,222.1742547,966.6528978
410,21.18326044,0.050530672,19.78996041,19.35490531,18885,2642,1116,1168.76416,672.9248197,-495.8393408
411,21.23498034,0.051719904,19.33491603,19.35485662,18918,2577,1369,1000.992978,249.259121,838.7767245
412,21.2850554,0.050075054,19.97002333,19.35630386,18968,2687,1007,938.2267303,680.9071629,-906.5566297
413,21.33803916,0.052983761,18.87370742,19.35510554,19006,2548,1502,837.7600223,-128.586422,1433.933434
414,21.38955784,0.051518679,19.41043571,19.35523881,19066,2747,827,884.1604504,709.6550984,-1814.855661
415,21.44298649,0.05342865,18.71655005,19.35364741,19104,2504,1629,842.2828143,-530.7535542,1973.018647
416,21.49351025,0.050523758,19.79266865,19.3546794,19182,2741,839,1013.169052,629.3928958,-2034.013627
417,21.54494452,0.051434278,19.44228692,19.35488855,19236,2553,1480,1036.222526,-518.1112631,1828.855429
418,21.59701824,0.052073717,19.20354558,19.35452363,19306,2687,1056,1156.847263,536.0058987,-1719.846265
419,21.64795232,0.050934076,19.63322146,19.35517936,19369,2599,1319,1182.636151,-577.6572616,1920.320086
420,21.70096159,0.053009272,18.86462442,19.35398108,19443,2611,1141,1307.294498,412.6268769,-1881.887065
421,21.7524879,0.051526308,19.40756164,19.354108,19513,2547,1316,1275.877885,-747.7954978,1838.651817
422,21.80293417,0.050446272,19.82307042,19.35519305,19587,2606,1093,1363.66333,205.9092778,-1503.526236
423,21.8556478,0.052713633,18.97042475,19.35426503,19650,2522,1403,1325.016772,-635.5458354,1336.572151
424,21.90877128,0.053123474,18.82407008,19.35297944,19721,2640,1024,1355.086014,157.8367232,-1135.654472
425,21.96201658,0.053245306,18.78099827,19.35159271,19775,2498,1465,1267.60687,-431.4445068,1237.062126
426,22.01415062,0.052134037,19.18132677,19.35118949,19836,2667,886,1223.389562,454.5100541,-1628.661027
427,22.06639075,0.052240133,19.14237076,19.35069513,19873,2410,1671,1085.682817,-744.0343778,2194.142196
428,22.11820602,0.051815271,19.29932959,19.35057479,19941,2671,690,1111.563399,569.1510187,-2723.521318
429,22.17030597,0.052099943,19.19387891,19.35020656,19971,2396,1589,960.2025574,-937.157696,2170.05778
430,22.22322631,0.052920341,18.89632553,19.34912573,20036,2535,1046,998.6813899,141.5755227,-1603.247136
431,22.27544403,0.052217722,19.15058648,19.34866032,20095,2434,1347,991.1349012,-891.6387335,1764.143589
432,22.32646155,0.051017523,19.6011085,19.34923718,20146,2483,1126,1048.711651,280.4247271,-2093.581867
433,22.37973404,0.053272486,18.77141617,19.34786174,20181,2425,1338,916.7825411,-939.7021046,2475.312861
434,22.43233442,0.052600384,19.01126814,19.34707248,20227,2487,1117,979.3976706,348.1452657,-1805.764455
435,22.4853344,0.052999973,18.86793403,19.34594311,20281,2420,1302,933.8208518,-438.3240733,975.7475023
436,22.53731775,0.051983356,19.23692635,19.34569166,20333,2456,1202,902.9850707,83.46920822,-550.1379632
437,22.5890944,0.051776648,19.3137263,19.34561839,20383,2419,1319,905.6155569,-244.554412,737.4843986
438,22.64146471,0.05237031,19.09478869,19.34503821,20438,2462,1220,983.119197,141.5385614,-451.39325
439,22.69243312,0.050968409,19.61999654,19.34565578,20489,2411,1399,1012.077706,-293.5797927,1089.335546
440,22.74595237,0.053519249,18.68486609,19.344101,20559,2522,1059,1065.978433,391.1143892,-931.7725156
441,22.79878521,0.052832842,18.92762086,19.34313587,20609,2323,1661,1052.978911,-507.4137507,1751.149711
442,22.85010171,0.0513165,19.48690978,19.34345876,20689,2646,707,1173.329759,870.4112921,-2346.659519
443,22.90325046,0.053148746,18.81511919,19.3422327,20729,2312,1799,1104.273507,-569.2131477,2197.16275
444,22.95392323,0.05067277,19.73446506,19.34309859,20811,2565,952,1238.635081,592.3906907,-1719.47168
445,23.0065248,0.052601576,19.0108373,19.34233892,20863,2374,1462,1170.696438,-569.9443187,1551.942976
446,23.06031299,0.053788185,18.59144341,19.34058745,20935,2459,1151,1240.656561,517.5745162,-1940.904436
447,23.11327434,0.052961349,18.8816941,19.33953595,21001,2382,1340,1188.436286,-1005.599935,2411.154389
448,23.16612935,0.052855015,18.91968064,19.33857803,21080,2423,1211,1323.241729,418.4610595,-2216.712639
449,23.21863484,0.052505493,19.04562627,19.33791556,21142,2378,1319,1248.408594,-705.2942811,1384.187172
450,23.26959181,0.050956964,19.62440287,19.33854292,21203,2392,1175,1299.701506,68.80772677,-1097.100977
451,23.3196249,0.050033092,19.98677176,19.33993372,21256,2309,1366,1244.484114,-581.5346327,833.5329735
452,23.36965799,0.050033092,19.98677176,19.34131856,21316,2388,1055,1238.154968,23.58390415,-1120.235447
453,23.41969299,0.050035,19.98600985,19.34269592,21354,2255,1501,1090.231859,-668.4633299,1153.895034
454,23.46972632,0.050033331,19.98667651,19.34406877,21410,2443,883,1071.27948,259.825247,-1742.827811
455,23.52175903,0.052032709,19.21868027,19.3437914,21437,2150,1729,926.117711,-957.779855,2192.60347
456,23.57179189,0.050032854,19.986867,19.34515637,21502,2442,783,973.6120753,526.3837643,-2307.381463
457,23.62182713,0.050035238,19.98591462,19.34651361,21527,2180,1592,835.0890471,-823.2157431,2125.321414
458,23.67185998,0.050032854,19.986867,19.34786706,21590,2342,1043,934.0354504,344.3266279,-1812.662018
459,23.72189307,0.050033092,19.98677176,19.34921461,21629,2214,1398,875.4133027,-915.3865129,2058.620324
460,23.7719264,0.050033331,19.98667651,19.35055629,21669,2274,1166,927.3762664,495.6666251,-2250.486371
461,23.8219595,0.050033092,19.98677176,19.35189253,21702,2198,1355,799.4708702,-975.3544617,2286.486689
462,23.87199283,0.050033331,19.98667651,19.35322297,21754,2261,1141,907.3972757,323.784931,-1802.802517
463,23.92502761,0.053034782,18.85555016,19.35211978,21795,2169,1392,807.3467104,-681.321858,1374.458546
464,23.97706199,0.052034378,19.21806385,19.35182885,21861,2269,1051,904.7674542,214.4922844,-1353.251322
465,24.02909613,0.05203414,19.21815191,19.35153938,21914,2121,1567,946.2353377,-590.9143129,1548.736206
466,24.07912922,0.050033092,19.98677176,19.35285931,22003,2364,839,1162.519039,641.1234566,-1992.889781
467,24.12967372,0.0505445,19.78454615,19.35376356,22059,2114,1777,1192.302162,-574.6505501,2486.243196
468,24.18248725,0.05281353,18.93454197,19.352848,22151,2391,915,1386.39229,864.548001,-1857.609894
469,24.23308516,0.050597906,19.76366369,19.35370577,22192,2160,1579,1298.109028,-427.4739698,2070.699597
470,24.28558993,0.052504778,19.04588572,19.35304027,22268,2277,1148,1371.689529,604.4733517,-1623.553426
471,24.33637619,0.050786257,19.69036632,19.35374422,22332,2182,1406,1273.327789,-704.3940958,2194.458529
472,24.38747287,0.051096678,19.570744,19.35419888,0,0,0,-86089.94193,-8250.334885,-6935.120667
473,24.43358588,0.046113014,21.68585196,19.35859936,22441,2163,1440,1157.103038,-909.7223886,2094.7555
474,24.49282146,0.059235573,16.88174778,19.35260913,22513,2288,1119,1239.193719,494.1333211,-1775.791623
475,24.54285431,0.050032854,19.986867,19.35390212,22566,2134,1475,1154.601763,-554.0538659,1266.962337
476,24.59694338,0.054089069,18.48802377,19.35199804,0,0,0,-85289.33242,-8333.392591,-5369.729598
477,24.64078403,0.043840647,22.80988248,19.35815027,0,0,0,0,0,0
478,24.68649817,0.04571414,21.87506976,19.36281107,22740,2067,1312,1235.047827,-396.537095,-528.7161266
479,24.74502397,0.058525801,17.08648131,19.3574272,22859,1891,1303,1369.147104,-1570.957804,728.1013499
480,24.79843569,0.053411722,18.72248187,19.35605963,22866,2146,968,1191.112457,47.6444983,-2012.980053
481,24.84923339,0.050797701,19.68593032,19.35673397,22857,2001,1604,87722.02359,7679.5629,6155.93148
482,24.90245652,0.053223133,18.78882249,19.35552019,22889,2336,642,84790.42102,8653.520184,2378.236283
483,24.9528985,0.05044198,19.82475694,19.35646875,22892,1980,1815,584.9682315,-334.817343,1935.783029
484,25.00345659,0.05055809,19.77922813,19.35732358,22962,2207,1099,401.9102354,1233.044994,-796.0163885
485,25.05740142,0.053944826,18.53745895,19.35555854,23009,2100,1305,549.5560491,-176.7802675,1295.107612
486,25.10927391,0.051872492,19.27804053,19.3553984,23073,2095,1209,835.5196883,363.6057903,-1527.917948
487,25.15993857,0.050664663,19.73762253,19.35616808,23136,2086,1240,954.4046164,-965.9965753,2310.663808
488,25.20943022,0.049491644,20.20543108,19.35783537,0,0,0,-88912.3546,-7690.305002,-7049.446252
489,25.25790977,0.048479557,20.62725118,19.36027187,23265,2145,1116,1208.927173,-247.3712366,67.82759714
490,25.31770611,0.059796333,16.72343344,19.35404408,23338,2063,1372,1262.760759,-142.0126082,257.1579661
491,25.36995125,0.05224514,19.1405363,19.3536044,23430,2175,1068,1359.917924,304.7435123,-537.1104404
492,25.42103457,0.051083326,19.57585912,19.35405101,23486,2068,1474,1323.224173,-68.0515289,884.6698757
493,25.47508335,0.054048777,18.50180638,19.35224286,23540,2214,1014,86714.04835,8155.68832,3735.261046
494,25.52816415,0.053080797,18.83920462,19.3511761,0,0,0,-88435.68048,-8153.644299,-4242.175775
495,25.59631324,0.06814909,14.67371028,19.33872255,0,0,0,-82480.27861,-7290.976724,-4848.870608
496,25.66378784,0.067474604,14.82039087,19.32684306,0,0,0,-77214.20276,-7167.771703,-3519.623071
497,25.72534275,0.061554909,16.24565807,19.31947049,0,0,0,-75077.29997,-6610.740711,-4711.910932
498,25.77309918,0.047756433,20.93958713,19.32247249,0,0,0,-76885.69316,-7231.305211,-3311.898592
499,25.82251453,0.04941535,20.23662689,19.32422187,0,0,0,0,0,0
500,25.89199376,0.069479227,14.39279109,19.31098874,0,0,0,0,0,0
501,25.95921063,0.067216873,14.87721688,19.29950826,23858,2179,1043,0,0,0
502,26.01742125,0.058210611,17.17899841,19.29476389,23961,2051,1404,78457.0983,6715.725914,4597.210718
503,26.06896496,0.051543713,19.40100837,19.29497396,24042,2115,1167,78042.47066,6865.47814,3788.185811
504,26.12108207,0.052117109,19.1875569,19.29475964,24081,2077,1333,84093.33632,7253.098274,4654.973519
505,26.17275786,0.051675797,19.35141919,19.29487151,24111,2119,1155,90325.6859,7938.290756,4326.911667
506,26.22348762,0.050729752,19.71229838,19.29567903,24141,2062,1296,1098.67515,-454.2225886,982.2078197
507,26.27369499,0.050207376,19.91739203,19.29686708,24168,2123,1148,808.8700855,281.3461167,-1000.341748
508,26.3251195,0.051424503,19.44598266,19.29715837,24194,2075,1299,595.9690889,-156.8339708,517.5521035
509,26.37607741,0.050957918,19.6240356,19.29778989,24232,2132,1105,594.1386367,216.4081127,-897.1099946
510,26.42845225,0.05237484,19.09313717,19.29738432,24259,2092,1321,577.6606213,-105.3840323,647.9166429
511,26.4803319,0.051879644,19.2753827,19.29734121,24300,2172,1123,615.5725164,425.8677786,-669.77387
512,26.53310704,0.052775145,18.94831379,19.29664698,24329,2129,1338,619.2678452,23.07830479,730.812985
513,26.58530354,0.052196503,19.1583717,19.2963755,24375,2217,1056,692.074164,542.9532115,-929.1382423
514,26.6376574,0.052353859,19.10078875,19.29599109,0,0,0,-92663.11056,-8152.762946,-4225.517381
515,26.68265247,0.04499507,22.2246573,19.30092972,24453,2214,1656,767.0994384,482.4027396,1324.630473
516,26.75082541,0.068172932,14.6685785,19.28912444,24497,2322,1062,723.8709586,551.1707807,-224.1427841
517,26.80175352,0.050928116,19.63551927,19.28978265,24504,2225,1349,646.8007186,354.8163942,40.65604517
518,26.85291672,0.051163197,19.5452995,19.29026949,24511,2242,1249,505.4368993,92.91119472,717.2744233
519,26.90545487,0.052538157,19.03378547,19.28976865,24505,2254,1271,87988.27997,8093.270069,4563.685119
520,26.9608705,0.05541563,18.04545024,19.28721107,24501,2273,1285,182.8178812,224.7136456,-1413.029873
521,27.0148828,0.054012299,18.51430186,19.28566575,24496,2301,1245,-3.753590274,-78.82539575,686.9070201
522,27.06725454,0.05237174,19.09426713,19.28529542,24476,2317,1242,-104.5079184,343.3831604,-399.3695452
523,27.11937952,0.052124977,19.1846607,19.28510199,24435,2356,1306,-284.2122263,426.3183394,213.1591697
524,27.17154169,0.05216217,19.17098142,19.28488291,24400,2418,1254,-398.7256227,622.7714488,-64.55557701
525,27.22741985,0.055878162,17.89607885,19.2820327,24355,2410,1340,-549.5512423,515.6747959,207.0227283
526,27.27858424,0.051164389,19.5448441,19.28252564,24314,2519,1197,-688.9708403,825.2507867,-181.7065952
527,27.32739782,0.048813581,20.48610182,19.28467553,24264,2459,1442,-815.3128721,546.1057917,769.1630869
528,27.37868786,0.051290035,19.49696457,19.28507322,24234,2552,1145,-776.2634556,756.9534194,-621.7831659
529,27.42975712,0.05106926,19.58125117,19.28562465,24194,2452,1477,-814.4817021,134.4290188,881.6962115
530,27.48187041,0.052113295,19.18896143,19.28544135,24147,2514,1173,-818.5505153,409.2752577,-657.2016157
531,27.53256679,0.050696373,19.725277,19.28625123,24189,2281,1450,-487.4031569,-928.0156106,986.5039895
532,27.58201122,0.049444437,20.22472214,19.28793356,24136,2413,1077,-503.6312495,-180.9924803,-1436.135985
533,27.63314128,0.051130056,19.55796787,19.28843321,24062,2296,1552,-676.5521923,-1006.961402,1600.911292
534,27.68558311,0.052441835,19.06874525,19.28801708,24013,2412,700,-710.8049656,-157.0839703,-3051.356123
535,27.73752522,0.05194211,19.25220209,19.28795001,23976,2158,1750,-667.4523906,-1389.550006,2252.163914
536,27.78842211,0.050896883,19.64756859,19.28860868,23960,2269,1083,-887.5500928,-46.50917517,-1422.405607
537,27.83872199,0.050299883,19.88076199,19.28967861,23944,2118,1384,-747.1518071,-1147.96762,1194.664608
538,27.8895998,0.05087781,19.65493423,19.29034493,23939,2143,1193,-482.313492,-599.9509291,-1407.727997
539,27.94228673,0.05268693,18.98003937,19.28975983,23891,2030,1383,-476.6520931,-1492.468029,2668.470324
540,27.99247146,0.050184727,19.9263813,19.29090116,23803,2164,1456,-678.2672956,23.52372123,-1152.66234
541,28.04195523,0.049483776,20.2086437,19.29252064,23819,2179,1020,-555.0273118,-354.2727522,-247.9909266
