Index,Time,Difference,Hz,AveHz,0x6103 Linear-Acceleration-X,0x6103 Linear-Acceleration-Y,0x6103 Linear-Acceleration-Z,0x6103 Range,0x6103 Smoothed Range,0x6103 Velocity,
0,0.0,0.0,0,0,-1.0,-24.0,7.0,1949,1724.0,,
1,0.02568793296813965,0.02568793296813965,38.92878423656293,38.92878423656293,1.0,-21.0,11.0,1935,1829.5,2053.4933684786947,
2,0.05329465866088867,0.027606725692749023,36.22305705970239,37.52721286247282,1.0,-15.0,3.0,1527,1678.25,-1712.6220059006464,
3,0.08139276504516602,0.028098106384277344,35.5895869395513,36.85831287750523,11.0,-1.0,3.0,1906,1792.125,1170.0711034203791,
4,0.10839295387268066,0.02700018882751465,37.03677801619469,36.90276772693579,19.0,-6.0,13.0,2066,1929.0625,3120.8974465065194,
5,0.13687586784362793,0.028482913970947266,35.108767348032075,36.52944875361218,-10.0,-20.0,6.0,1939,1934.03125,1647.672067133527,
6,0.16391587257385254,0.02704000473022461,36.982242051245876,36.60414275802785,-18.0,3.0,5.0,2071,2002.515625,2090.1889000559095,
7,0.19129681587219238,0.027380943298339844,36.52175124516736,36.59234978943288,-2.0,9.0,-13.0,1490,1746.2578125,-3634.3975913499144,
8,0.21875405311584473,0.027457237243652344,36.42027022333368,36.57075096918763,-3.0,39.0,-18.0,1715,1730.62890625,-2101.8032901350316,
9,0.24611783027648926,0.02736377716064453,36.544662461227475,36.567850406812795,-6.0,21.0,-11.0,1883,1806.814453125,341.1859024179337,
10,0.27536678314208984,0.029248952865600586,34.189258145240835,36.315200714822524,-4.0,-5.0,0.0,1299,1552.9072265625,-4169.856905734764,
11,0.3028757572174072,0.027508974075317383,36.35177368890892,36.31852248941829,8.0,16.0,4.0,1294,1423.45361328125,-4437.862679473149,
12,0.33528876304626465,0.03241300582885742,30.85181316660537,35.79004524629472,5.0,10.0,9.0,1355,1389.226806640625,-2746.91086161962,
13,0.36326074600219727,0.027971982955932617,35.75005753347596,35.78696609272879,-10.0,-5.0,0.0,1466,1427.6134033203125,-687.2939109032272,
14,0.39050793647766113,0.027247190475463867,36.70103164950167,35.85074384474351,-4.0,-13.0,-16.0,1461,1444.3067016601562,-37.31632009902398,
15,0.4171907901763916,0.02668285369873047,37.477250795239286,35.95477262011916,-2.0,-3.0,-3.0,1710,1577.1533508300781,2470.7054340746527,
16,0.44608473777770996,0.02889394760131836,34.6093242016668,35.86762479189103,-15.0,-32.0,-1.0,1733,1655.076675415039,2583.7895187536396,
17,0.47405099868774414,0.02796626091003418,35.75737218561113,35.861120527240665,2.0,-10.0,2.0,1701,1678.0383377075195,1702.4191116730883,
18,0.5020196437835693,0.027968645095825195,35.75432405015813,35.8551706549558,-3.0,13.0,-6.0,2099,1888.5191688537598,4614.009477411189,
19,0.5277187824249268,0.025699138641357422,38.91181000092773,36.00402455393548,-10.0,33.0,-6.0,1719,1803.7595844268799,657.9303162174233,
20,0.5534887313842773,0.025769948959350586,38.804888654509796,36.13443032522076,-13.0,11.0,-15.0,1883,1843.37979221344,1097.694033921714,
21,0.5846478939056396,0.031159162521362305,32.09328874979914,35.91905524488101,-6.0,-16.0,-13.0,1579,1711.18989610672,-1572.3572358186,
22,0.6104397773742676,0.02579188346862793,38.771887334880155,36.03959115284119,4.0,-8.0,24.0,1752,1731.59494805336,-390.6074303405482,
23,0.6354217529296875,0.024981975555419922,40.028859918688326,36.19643157313354,0.0,-1.0,32.0,1935,1833.29747402668,1840.2143676111198,
24,0.6620967388153076,0.026674985885620117,37.48830474692313,36.248479403392466,3.0,16.0,10.0,1682,1757.64873701334,-497.8642696324065,
25,0.690410852432251,0.02831411361694336,35.31807541386686,36.21032304449938,7.0,0.0,22.0,1560,1658.82436850667,-1994.075384639373,
26,0.7162187099456787,0.025807857513427734,38.74788906749441,36.30176039658606,13.0,15.0,23.0,1733,1695.912184253335,-278.50040716596254,
27,0.7453360557556152,0.029117345809936523,34.343789661581795,36.22527018718775,1.0,22.0,11.0,1355,1525.4560921266675,-3066.30429084972,
28,0.7727017402648926,0.027365684509277344,36.54211535110647,36.23649144416476,9.0,0.0,-1.0,1303,1414.2280460633337,-3565.406190187123,
29,0.7982487678527832,0.025547027587890625,39.143497088248466,36.32952679401858,-12.0,-24.0,-14.0,1916,1665.1140230316669,3127.5741593775983,
30,0.8271820545196533,0.028933286666870117,34.56226772691689,36.267711365451554,-5.0,-24.0,-10.0,1508,1586.5570115158334,206.23284777043455,
31,0.8550529479980469,0.027870893478393555,35.87972523289335,36.255064756610615,-2.0,0.0,-4.0,1313,1449.7785057579167,-2350.6711782946695,
32,0.8803048133850098,0.02525186538696289,39.60103480182035,36.35104513055126,-3.0,-18.0,-1.0,1289,1369.3892528789584,-2767.084389623318,
33,0.9071338176727295,0.026829004287719727,37.27309404686792,36.37831525745802,7.0,-3.0,-10.0,1372,1370.6946264394792,-1359.2145390678654,
34,0.9344887733459473,0.027354955673217773,36.55644746589968,36.38352965789266,3.0,19.0,-2.0,1555,1462.8473132197396,1004.7801570281162,
35,0.95847487449646,0.023986101150512695,41.69081059589484,36.51634584410723,15.0,1.0,6.0,1738,1600.4236566098698,3370.2247158909117,
36,0.9860877990722656,0.027612924575805664,36.21492527003808,36.5079053141816,10.0,11.0,25.0,1322,1461.211828304935,-835.6606214388387,
37,1.0107200145721436,0.02463221549987793,40.59724144606301,36.607566355221316,23.0,50.0,59.0,1327,1394.1059141524674,-1779.9878103726683,
38,1.0390419960021973,0.02832198143005371,35.3082640940812,36.57215025591674,17.0,79.0,94.0,1757,1575.5529570762337,2313.296150134879,
39,1.066206932067871,0.027164936065673828,36.81216099984202,36.57826527572923,-25.0,48.0,254.0,1963,1769.2764785381169,4722.338805823036,
40,1.0929930210113525,0.026786088943481445,37.332811150967075,36.59675700672615,-123.0,-145.0,366.0,1823,1796.1382392690584,2862.5819231868704,
41,1.1195108890533447,0.026517868041992188,37.71042221103359,36.623136407962484,-33.0,61.0,703.0,1729,1762.5691196345292,798.3381242580381,
42,1.144730806350708,0.02521991729736328,39.65120060502931,36.68984862379302,-7.0,-1.0,662.0,1696,1729.2845598172646,-260.7173170532093,
43,1.1720869541168213,0.02735614776611328,36.55485445354715,36.68669790152294,-20.0,28.0,517.0,1658,1693.6422799086322,-781.8078357529275,
44,1.199535846710205,0.02744889259338379,36.431342233494604,36.6808546161188,-20.0,-5.0,390.0,1691,1692.321139954316,-414.9693687834803,
45,1.227691888809204,0.028156042098999023,35.51635547652314,36.65414784457655,-8.0,-8.0,316.0,1710,1701.160569977158,-50.51251494118725,
46,1.253565788269043,0.025873899459838867,38.648986850713676,36.6953218015929,-4.0,4.0,134.0,1630,1665.580284988579,-712.8272408047116,
47,1.2807507514953613,0.02718496322631836,36.785041483222535,36.69722617388621,11.0,4.0,-70.0,1551,1608.2901424942895,-1410.1237545184406,
48,1.306980848312378,0.0262300968170166,38.12414445040312,36.725863322312165,101.0,5.0,-214.0,1536,1572.1450712471446,-1394.061835957352,
49,1.338728904724121,0.031748056411743164,31.497991153565984,36.60188394161676,66.0,-34.0,-317.0,1705,1638.5725356235723,349.13492466259333,
50,1.3645570278167725,0.025828123092651367,38.71748622278018,36.64192773239948,-19.0,-24.0,-541.0,1832,1735.2862678117863,2046.8237591067095,
51,1.3919317722320557,0.027374744415283203,36.53002142521208,36.6397269014257,8.0,1.0,-689.0,1818,1776.6431339058931,1778.79548180203,
52,1.4190587997436523,0.02712702751159668,36.86360400425386,36.644006583373155,86.0,-2.0,-694.0,1583,1679.8215669529466,-895.1982107113721,
53,1.4473848342895508,0.028326034545898438,35.30321190492223,36.61776657070962,103.0,-30.0,-730.0,1494,1586.9107834764732,-2087.6236440168295,
54,1.4746947288513184,0.027309894561767578,36.61676531699055,36.61774802847647,84.0,-68.0,-756.0,1485,1535.9553917382366,-1976.722632465579,
55,1.501478910446167,0.026784181594848633,37.335469686045165,36.63055113018981,93.0,-30.0,-723.0,1433,1484.4776958691182,-1949.333293047251,
56,1.528336763381958,0.026857852935791016,37.23305814469596,36.641139140094495,70.0,-73.0,-705.0,1419,1451.738847934559,-1584.1503608925245,
57,1.5561840534210205,0.0278472900390625,35.91013698630137,36.62805814948088,20.0,-99.0,-646.0,1419,1435.3694239672795,-1085.9893089721888,
58,1.586763858795166,0.030579805374145508,32.70131996475936,36.55238281267608,68.0,1.0,-475.0,1438,1436.6847119836398,-521.4888273516897,
59,1.614393711090088,0.027629852294921875,36.19273781582217,36.546227599066526,26.0,-68.0,-315.0,1419,1427.8423559918199,-420.75894971889556,
60,1.6402158737182617,0.025822162628173828,38.72642328218197,36.58055074420414,24.0,-60.0,-120.0,1513,1470.42117799591,614.0832670340919,
61,1.6672797203063965,0.027063846588134766,36.94966259668411,36.58654229224956,12.0,-67.0,-31.0,1461,1465.710588997955,220.01429646400067,
62,1.695214033126831,0.02793431282043457,35.79826740067426,36.57355283075417,-8.0,-26.0,111.0,1475,1470.3552944989774,193.14335299349113,
63,1.7214887142181396,0.026274681091308594,38.059453377372876,36.59623178454187,-6.0,-22.0,318.0,1504,1487.1776472494887,416.6964515996481,
64,1.747358798980713,0.025870084762573242,38.65468587280083,36.62670771299697,10.0,-18.0,418.0,1508,1497.5888236247442,409.56860197573803,
65,1.7743017673492432,0.026942968368530273,37.11543532701514,36.63412909581225,-4.0,-36.0,600.0,1551,1524.2944118123721,700.3790666117701,
66,1.7997360229492188,0.025434255599975586,39.317053965635225,36.672044765679644,11.0,-14.0,685.0,1546,1535.1472059061862,563.5394788380922,
67,1.8299338817596436,0.030197858810424805,33.114930640538766,36.61334470487729,-17.0,-47.0,714.0,1616,1575.573602953093,951.128406546648,
68,1.8571257591247559,0.027191877365112305,36.77568806937247,36.615721722608434,-20.0,-34.0,747.0,1635,1605.2868014765465,1021.9258634942555,
69,1.883362054824829,0.026236295700073242,38.11513681015603,36.63660942049598,-34.0,-48.0,785.0,1602,1603.6434007382732,479.64370976052703,
70,1.9084868431091309,0.025124788284301758,39.801330410605324,36.67827224104016,-46.0,-21.0,756.0,1565,1584.3217003691366,-144.69283536309644,
71,1.9348998069763184,0.0264129638671875,37.86019641825534,36.69440647211196,-65.0,-63.0,651.0,1583,1583.6608501845683,-84.85637657694609,
72,1.9622766971588135,0.027376890182495117,36.527158246753814,36.692073092571,-110.0,-53.0,524.0,1560,1571.8304250922843,-258.494093024586,
73,1.9905498027801514,0.02827310562133789,35.36930160389928,36.67328488744302,-91.0,-61.0,405.0,1551,1561.4152125461421,-313.4364434189014,
74,2.0150818824768066,0.024532079696655273,40.7629525244181,36.7230734609375,-5.0,-88.0,352.0,1532,1546.7076062730712,-456.4809498379632,
75,2.0413239002227783,0.02624201774597168,38.106825842441424,36.74086213942576,42.0,-112.0,189.0,1508,1527.3538031365356,-596.9964776754107,
76,2.0671069622039795,0.025783061981201172,38.78515285458009,36.76636061395086,23.0,-110.0,69.0,1522,1524.6769015682678,-350.41025708867113,
77,2.0955886840820312,0.028481721878051758,35.11023681368815,36.74385178011672,62.0,-100.0,-144.0,1438,1481.3384507841338,-936.0167636289926,
78,2.1218879222869873,0.026299238204956055,38.02391507338609,36.75971722197796,69.0,-74.0,-221.0,1471,1476.169225392067,-566.2854754660675,
79,2.1472277641296387,0.025339841842651367,39.463545440004516,36.79162561127837,97.0,23.0,-368.0,1447,1461.5846126960334,-570.923000660425,
80,2.1755478382110596,0.0283200740814209,35.31064209524932,36.77234698998094,86.0,-154.0,-513.0,1415,1438.2923063480166,-696.6946468440756,
81,2.20510196685791,0.029554128646850586,33.83622004049726,36.73299521627944,58.0,-133.0,-673.0,1363,1400.6461531740083,-985.2490846590425,
82,2.230632781982422,0.02553081512451172,39.168353815696086,36.76086923062453,63.0,-106.0,-719.0,1359,1379.8230765870042,-900.4273579750793,
83,2.258441925048828,0.02780914306640625,35.95939643347051,36.751000359774814,15.0,-17.0,-769.0,1363,1371.411538293502,-601.4505990432212,
84,2.2849347591400146,0.026492834091186523,37.74605603002187,36.76253760156165,7.0,-50.0,-799.0,1363,1367.205769146751,-380.10089845291054,
85,2.3112847805023193,0.026350021362304688,37.950633369525875,36.77608260005358,140.0,-66.0,-662.0,1400,1383.6028845733754,121.09000871035443,
86,2.345486640930176,0.034201860427856445,29.238175569698786,36.66616492255697,142.0,-90.0,-593.0,1415,1399.3014422866877,290.04359766161446,
87,2.3713438510894775,0.025857210159301758,38.67393248688372,36.68805768510931,103.0,-51.0,-572.0,1499,1449.1507211433438,1108.9556213418873,
88,2.398685932159424,0.02734208106994629,36.573660850533216,36.68675370133919,44.0,-33.0,-473.0,1602,1525.5753605716718,1952.0422322089216,
89,2.4260189533233643,0.02733302116394043,36.585783693727485,36.685616111152115,124.0,40.0,-220.0,1762,1643.787680285836,3138.466295602543,
90,2.451542854309082,0.025523900985717773,39.178964083882114,36.71157526037402,0.0,-18.0,-94.0,1897,1770.393840142918,4049.382242720699,
91,2.4778647422790527,0.026321887969970703,37.99119581167008,36.72516842719244,-35.0,-7.0,-24.0,1743,1756.6969200714589,1764.5099351345514,
92,2.506669044494629,0.028804302215576172,34.71703610508716,36.70209284391118,-16.0,29.0,157.0,1672,1714.3484600357294,147.14845953964607,
93,2.5320029258728027,0.025333881378173828,39.47283028101413,36.72981537647399,38.0,36.0,316.0,1729,1721.6742300178648,218.1586673611123,
94,2.5591390132904053,0.02713608741760254,36.8512963792755,36.73110351248164,42.0,81.0,553.0,1809,1765.3371150089324,913.596291470582,
95,2.5884668827056885,0.029327869415283203,34.09726038533453,36.70126152075696,28.0,66.0,577.0,1780,1772.6685575044662,581.7891976204522,
96,2.6153368949890137,0.026870012283325195,37.2162092616747,36.70655210192462,-20.0,54.0,694.0,1832,1802.334278752233,842.9174437379272,
97,2.6416208744049072,0.026283979415893555,38.0459893145143,36.719879427002084,-38.0,11.0,709.0,1809,1805.6671393761167,484.85971171048334,
98,2.6670658588409424,0.025444984436035156,39.300475994153146,36.74449945626352,-55.0,10.0,718.0,1785,1795.3335696880583,39.37275212551913,
99,2.695352792739868,0.02828693389892578,35.352011058292035,36.72988570055238,-24.0,-40.0,752.0,1823,1809.1667848440293,264.20236364556854,
100,2.721357822418213,0.026005029678344727,38.45409954800913,36.74636211975222,-27.0,-62.0,727.0,1799,1804.0833924220146,34.36254270391116,
101,2.7476017475128174,0.026243925094604492,38.1040563252328,36.75933023824401,-19.0,-84.0,640.0,1827,1815.5416962110073,235.4851978356583,
102,2.7765066623687744,0.02890491485595703,34.596192550067634,36.736810821472616,-34.0,-44.0,536.0,1715,1765.2708481055038,-751.8473714387726,
103,2.800952672958374,0.02444601058959961,40.90647004895937,36.773202558689114,-34.0,-6.0,447.0,1687,1726.135424052752,-1176.3697116529959,
104,2.826079845428467,0.025127172470092773,39.79755387082388,36.800092597607545,11.0,3.0,299.0,1630,1678.0677120263758,-1544.673535234973,
105,2.852783679962158,0.026703834533691406,37.44780543552016,36.80615559375074,26.0,32.0,218.0,1588,1633.033856013188,-1615.546306614032,
106,2.8789150714874268,0.026131391525268555,38.268149594445404,36.819425848930585,20.0,39.0,27.0,1565,1599.0169280065938,-1458.6555981569268,
107,2.903634786605835,0.024719715118408203,40.45354063386123,36.850364410007714,-5.0,10.0,-141.0,1560,1579.508464003297,-1123.9210197092589,
108,2.9295778274536133,0.02594304084777832,38.54598255723121,36.86538005166209,-20.0,24.0,-303.0,1541,1560.2542320016485,-933.0471552988417,
109,2.9553756713867188,0.02579784393310547,38.76292928172711,36.881943996261946,97.0,-28.0,-396.0,1541,1550.6271160008241,-653.1111860128897,
110,2.9809207916259766,0.025545120239257812,39.14641977152244,36.9013495122087,125.0,-42.0,-470.0,1536,1543.313558000412,-469.7053987601982,
111,3.008049726486206,0.027128934860229492,36.861012242171775,36.90098571929609,-80.0,-83.0,-741.0,1607,1575.156779000206,352.0339801716923,
112,3.03503680229187,0.026987075805664062,37.054774188988624,36.902353182480226,-4.0,-18.0,-754.0,1701,1638.078389500103,1341.7900244264363,
113,3.063123941421509,0.028087139129638672,35.60348369353004,36.89044327326824,186.0,-54.0,-677.0,1794,1716.0391947500516,2058.7331414387268,
114,3.091042995452881,0.02791905403137207,35.81783246940675,36.880755190950495,92.0,-84.0,-729.0,1850,1783.0195973750258,2228.912990696733,
115,3.1184048652648926,0.02736186981201172,36.547209926457775,36.87782855938796,28.0,39.0,-729.0,1766,1774.509798687513,958.9517958161541,
116,3.145127773284912,0.02672290802001953,37.42107704935584,36.88244432716462,19.0,32.0,-695.0,1658,1716.2548993437565,-610.5046405145135,
117,3.172027826309204,0.026900053024291992,37.174647912290496,36.88492232936516,61.0,-22.0,-544.0,1588,1652.1274496718784,-1497.210001789856,
118,3.1988449096679688,0.02681708335876465,37.28966295930796,36.88831541765745,85.0,-88.0,-427.0,1588,1620.0637248359392,-1346.42774707101,
119,3.225942850112915,0.02709794044494629,36.9031735836772,36.88844022634646,86.0,-4.0,-244.0,1541,1580.5318624179695,-1402.6394639836956,
120,3.251171827316284,0.02522897720336914,39.63696157553535,36.90976865380115,75.0,36.0,-117.0,1541,1560.7659312089847,-1093.0504599094493,
121,3.279238700866699,0.02806687355041504,35.62919105342292,36.89880824107737,41.0,-10.0,-1.0,1527,1543.8829656044923,-847.2884334901398,
122,3.305208683013916,0.025969982147216797,38.50599489561721,36.91143637222689,18.0,-54.0,203.0,1490,1516.9414828022461,-942.348516376894,
123,3.3346478939056396,0.029439210891723633,33.96830178899714,36.88545355112102,-21.0,-2.0,335.0,1555,1535.9707414011232,-147.97845873468475,
124,3.360412836074829,0.025764942169189453,38.812429441267376,36.900228051991284,-12.0,3.0,464.0,1536,1535.9853707005616,-73.70533004122812,
125,3.3888309001922607,0.02841806411743164,35.18888534657785,36.88587707132518,-3.0,0.0,586.0,1546,1540.9926853502807,51.24824553098831,
126,3.415855884552002,0.02702498435974121,37.00279662287937,36.88680209543595,-16.0,-10.0,683.0,1560,1550.4963426751403,201.45507234815406,
127,3.441869020462036,0.02601313591003418,38.44211645448963,36.898556930836236,-31.0,-13.0,733.0,1583,1566.74817133757,413.10488119384485,
128,3.467552900314331,0.025683879852294922,38.93492750125318,36.91364016058613,-33.0,-49.0,739.0,1597,1581.874085668785,501.01562953493317,
129,3.495645761489868,0.02809286117553711,35.59623185945854,36.90305276957449,-34.0,-58.0,727.0,1574,1577.9370428343925,180.4358699806387,
130,3.5227158069610596,0.027070045471191406,36.94120133873525,36.90334591939367,-55.0,-79.0,692.0,1574,1575.9685214171964,53.85816198419176,
131,3.5498359203338623,0.027120113372802734,36.8730021978022,36.90311409877205,-62.0,-83.0,627.0,1607,1591.4842607085982,312.9850254882884,
132,3.578035831451416,0.02819991111755371,35.46110467623162,36.891749053964816,-36.0,-75.0,545.0,1621,1606.2421303542992,418.1576928963368,
133,3.6061899662017822,0.02815413475036621,35.51876159103034,36.881029908716144,-6.0,-104.0,397.0,1551,1578.6210651771496,-281.4541680105751,
134,3.6330838203430176,0.02689385414123535,37.18321646084698,36.88326684060606,14.0,-107.0,240.0,1541,1559.810532588575,-490.4451364976819,
135,3.6597087383270264,0.02662491798400879,37.55880114262176,36.888181451760275,56.0,-156.0,102.0,1504,1531.9052662942875,-769.2667420383651,
136,3.686661720275879,0.02695298194885254,37.10164618882078,36.88974208076321,66.0,-93.0,2.0,1461,1496.4526331471438,-1042.3088967628737,
137,3.713129997253418,0.026468276977539062,37.781076601570945,36.896095774006874,25.0,-115.0,-213.0,1429,1462.726316573572,-1158.262723358913,
138,3.739177942276001,0.026047945022583008,38.390744418917556,36.90650782883062,25.0,-127.0,-260.0,1410,1436.363158286786,-1085.1819976111885,
139,3.7668416500091553,0.027663707733154297,36.14844436783591,36.90094060621374,110.0,-150.0,-426.0,1382,1409.181579143393,-1033.8768995530302,
140,3.793076992034912,0.026235342025756836,38.11652232390335,36.90934834541619,57.0,-111.0,-586.0,1386,1397.5907895716964,-737.8387445071355,
141,3.8214409351348877,0.028363943099975586,35.25602898282717,36.897076886266994,14.0,-190.0,-695.0,1359,1378.2953947858482,-709.058871156046,
142,3.847578763961792,0.026137828826904297,38.2587248016054,36.9063269945343,88.0,-196.0,-714.0,1341,1359.647697392924,-711.2479969477719,
143,3.8741140365600586,0.0265352725982666,37.68568784423659,36.91166513182301,116.0,-102.0,-733.0,1331,1345.323848696462,-625.5260438253601,
144,3.9004158973693848,0.026301860809326172,38.0201236425606,36.91913985303979,142.0,-72.0,-713.0,1363,1354.161924348231,-144.75065739139862,
145,3.926734685897827,0.026318788528442383,37.995669858409805,36.92635525408473,103.0,-76.0,-670.0,1377,1365.5809621741155,144.56166697080158,
146,3.9557199478149414,0.028985261917114258,34.50029200562625,36.90857844490417,116.0,-110.0,-607.0,1391,1378.2904810870577,291.5218903591695,
147,3.9814867973327637,0.025766849517822266,38.809556415048945,36.92088093786389,104.0,-41.0,-528.0,1443,1410.6452405435289,773.597876390212,
148,4.00915789604187,0.027671098709106445,36.1387890850501,36.91548296117653,95.0,29.0,-383.0,1499,1454.8226202717644,1185.0574423595426,
149,4.034939765930176,0.025781869888305664,38.78694618863109,36.92744096407868,57.0,1.0,-319.0,1607,1530.911310135882,2068.1526808412573,
150,4.063482761383057,0.02854299545288086,35.0348652667101,36.914147003528974,70.0,14.0,-74.0,1794,1662.455655067941,3338.3955410667913,
151,4.093661785125732,0.03017902374267578,33.135598040764734,36.88629103377728,38.0,-1.0,83.0,1864,1763.2278275339704,3338.77087079788,
152,4.1194469928741455,0.025785207748413086,38.78192527114867,36.89815653968382,42.0,17.0,229.0,1682,1722.6139137669852,881.8425510588918,
153,4.146507978439331,0.027060985565185547,36.95356910010396,36.898518173739625,28.0,34.0,379.0,1757,1739.8069568834926,758.5934289529073,
154,4.172903776168823,0.026395797729492188,37.88481826721584,36.90475703740972,23.0,29.0,455.0,1790,1764.9034784417463,854.6852936633065,
155,4.1994359493255615,0.02653217315673828,37.69009021961828,36.90971879804319,37.0,3.0,594.0,1790,1777.4517392208732,663.8151872639475,
156,4.227025747299194,0.027589797973632812,36.245281714483234,36.905382017054016,22.0,13.0,647.0,1827,1802.2258696104366,780.8802612325071,
157,4.251585006713867,0.02455925941467285,40.717840188721375,36.927404662513936,6.0,-2.0,733.0,1841,1821.6129348052182,785.1398417809733,
158,4.278376817703247,0.026791810989379883,37.324837816913316,36.92989344608941,10.0,-1.0,746.0,1832,1826.806467402609,489.4938018377208,
159,4.305903673171997,0.02752685546875,36.328159645232816,36.92604667184082,-32.0,-24.0,691.0,1841,1833.9032337013045,373.6531304508187,
160,4.334382057189941,0.028478384017944336,35.11435197200432,36.91414321323831,-12.0,-37.0,686.0,1841,1837.4516168506523,249.126152644272,
161,4.361174821853638,0.02679276466369629,37.32350925901208,36.91665814294734,-22.0,-54.0,560.0,1813,1825.2258084253262,-103.5919606586458,
162,4.3898680210113525,0.028693199157714844,34.85146408747964,36.90315955391249,-35.0,-56.0,528.0,1780,1802.6129042126631,-445.8423898699459,
163,4.416773796081543,0.02690577507019043,37.16674198722209,36.904765225832875,-45.0,-20.0,345.0,1733,1767.8064521063316,-869.742407398287,
164,4.442875862121582,0.026102066040039062,38.31114358786993,36.913027752633624,-53.0,-44.0,151.0,1682,1724.9032260531658,-1256.7070305519817,
165,4.469043970108032,0.026168107986450195,38.21445557003198,36.9206481528557,-45.0,-74.0,69.0,1672,1698.451613026583,-1133.7705106560063,
166,4.4928138256073,0.023769855499267578,42.07009167686413,36.94789199896605,-16.0,-113.0,-28.0,1593,1645.7258065132914,-1675.9750122033888,
167,4.518719911575317,0.025906085968017578,38.600968175375954,36.957369181525664,35.0,16.0,-191.0,1579,1612.3629032566457,-1481.9076895256585,
168,4.543222904205322,0.024502992630004883,40.81134150019947,36.978154834642815,39.0,34.0,-252.0,1518,1565.181451628323,-1703.7230122021401,
169,4.568498849868774,0.02527594566345215,39.563307079186906,36.99245760012709,12.0,38.0,-465.0,1541,1553.0907258141615,-1091.0360551990316,
170,4.597729921340942,0.02923107147216797,34.210172588170046,36.97476861590403,-10.0,-81.0,-621.0,1485,1519.0453629070807,-1127.8668980385733,
171,4.626445055007935,0.028715133666992188,34.824842245101294,36.961424585578854,93.0,-34.0,-635.0,1494,1506.5226814535404,-781.9836520718862,
172,4.656611680984497,0.0301666259765625,33.14921598381386,36.93672820140242,108.0,-52.0,-700.0,1522,1514.2613407267702,-262.72658219922357,
173,4.682713747024536,0.026102066040039062,38.31114358786993,36.944389374628486,163.0,-108.0,-678.0,1522,1518.130670363385,-57.24406945103682,
174,4.709714889526367,0.027001142501831055,37.03546988547563,36.94491154590853,144.0,-50.0,-666.0,1588,1553.0653351816925,618.2888286932879,
175,4.737679719924927,0.02796483039855957,35.75920131636159,36.937912722131635,58.0,20.0,-673.0,1780,1666.5326675908464,2337.8950055713703,
176,4.764458894729614,0.0267791748046875,37.34245014245014,36.940186470007966,48.0,-50.0,-602.0,1809,1737.7663337954232,2498.967317139858,
177,4.790506839752197,0.026047945022583008,38.390744418917556,36.948073746859706,66.0,-57.0,-498.0,1719,1728.3831668977116,1069.3702774648825,
178,4.8155927658081055,0.025085926055908203,39.8629892223764,36.96325845155426,116.0,12.0,-305.0,1616,1672.191583448856,-585.2971039725577,
179,4.844511985778809,0.028919219970703125,34.57907927714022,36.9490261403954,79.0,-17.0,-190.0,1546,1609.095791724428,-1383.5457440327398,
180,4.870358943939209,0.02584695816040039,38.68927220736094,36.95826161313968,66.0,-46.0,-88.0,1513,1561.0478958622139,-1621.2419330184362,
181,4.89612889289856,0.025769948959350586,38.804888654509796,36.96798102323775,75.0,22.0,99.0,1546,1553.523947931107,-956.6039473636849,
182,4.92346978187561,0.02734088897705078,36.5752555024591,36.96580014972014,46.0,-1.0,273.0,1518,1535.7619739655534,-803.1263416909169,
183,4.9503538608551025,0.026884078979492188,37.19673643135864,36.96705430435419,14.0,14.0,330.0,1532,1533.8809869827767,-436.54645936003874,
184,4.975022792816162,0.02466893196105957,40.536817790835904,36.98475517854762,-26.0,-50.0,458.0,1522,1527.9404934913882,-338.6775808040495,
185,5.001182794570923,0.026160001754760742,38.22629713004566,36.99124939020992,-14.0,-45.0,536.0,1612,1569.970246745694,633.9821276987755,
186,5.026887893676758,0.02570509910583496,38.90278718174651,37.001024079722654,-6.0,-66.0,633.0,1597,1583.485123372847,579.8742484562333,
187,5.052374839782715,0.02548694610595703,39.23577174929841,37.01229737104031,-23.0,-86.0,665.0,1635,1609.2425616864234,795.2436094871746,
188,5.076966762542725,0.024591922760009766,40.66375816803366,37.02998439679423,-37.0,-161.0,691.0,1640,1624.6212808432117,710.3000631064601,
189,5.10736083984375,0.03039407730102539,32.901146828571875,37.00541354461693,13.0,-146.0,684.0,1724,1674.310640421606,1172.568489206457,
190,5.135369777679443,0.02800893783569336,35.702889051567105,36.998309415969004,4.0,-200.0,645.0,1855,1764.655320210803,2199.067284059757,
191,5.1605448722839355,0.025175094604492188,39.721797105841354,37.0115956215817,4.0,-196.0,574.0,1855,1809.8276601054015,1996.696902074551,
192,5.189050674438477,0.028505802154541016,35.08057744099296,37.000987665393524,7.0,-227.0,493.0,1846,1827.9138300527006,1315.5850937608689,
193,5.213379621505737,0.024328947067260742,41.10329958938879,37.02013166350955,-4.0,-204.0,330.0,1654,1740.9569150263503,-1129.315517968116,
194,5.239173889160156,0.025794267654418945,38.76830361681871,37.028738519518456,9.0,-178.0,257.0,1485,1612.9784575131753,-3045.4116076255104,
195,5.268059730529785,0.028885841369628906,34.61903661395226,37.015525634594454,42.0,-269.0,103.0,1466,1539.4892287565876,-2794.768954340466,
196,5.296897888183594,0.028838157653808594,34.67627897747941,37.00278996075042,92.0,-127.0,-46.0,1466,1502.7446143782938,-2034.4677267210418,
197,5.320839881896973,0.023941993713378906,41.767616012746466,37.024230078835984,57.0,-182.0,-126.0,1541,1521.8723071891468,-617.7747990937818,
198,5.352904796600342,0.03206491470336914,31.186735073239646,36.9892623768969,60.0,-152.0,-361.0,1466,1493.9361535945734,-744.5061101065369,
199,5.380059719085693,0.027154922485351562,36.82573575893798,36.988437004528045,106.0,-236.0,-389.0,1424,1458.9680767972868,-1016.1156331208315,
200,5.407986879348755,0.027927160263061523,35.80743586460068,36.98233824562913,46.0,-231.0,-605.0,1419,1438.9840383986434,-865.8464031979862,
201,5.434473991394043,0.026487112045288086,37.75421036050227,36.98610027728549,96.0,-172.0,-592.0,1466,1452.4920191993217,-177.93162725177592,
202,5.461248874664307,0.026774883270263672,37.34843546864704,36.98787669924978,71.0,-217.0,-687.0,1405,1428.7460095996607,-532.4039672112933,
203,5.4894678592681885,0.028218984603881836,35.437136170464434,36.97990501160568,83.0,-202.0,-714.0,1355,1391.8730047998304,-919.5388296585354,
204,5.5163187980651855,0.02685093879699707,37.242645687749174,36.981183914089904,75.0,-73.0,-687.0,1374,1382.9365023999153,-626.1789111131463,
205,5.543757677078247,0.027438879013061523,36.44463753508216,36.97852827291003,86.0,-33.0,-600.0,1386,1384.4682511999576,-285.1774406504029,
206,5.569727897644043,0.0259702205657959,38.50564139285944,36.985648811881205,118.0,-111.0,-537.0,1443,1413.7341255999788,420.86191202263893,
207,5.5966267585754395,0.026898860931396484,37.176295403378774,36.98656510956782,167.0,13.0,-402.0,1485,1449.3670627999895,872.7812557301406,
208,5.623166799545288,0.026540040969848633,37.678916966860406,36.989832849493226,122.0,44.0,-295.0,1536,1492.6835313999948,1252.449439703677,
209,5.649211883544922,0.02604508399963379,38.394961598667166,36.99631104451529,76.0,21.0,-216.0,1733,1612.8417656999973,2932.9601157079624,
210,5.676883935928345,0.02767205238342285,36.13754361780037,36.992124970344065,46.0,-6.0,-107.0,1823,1717.9208828499986,3365.130647518046,
211,5.703027963638306,0.026144027709960938,38.24965346173488,36.99788977808034,38.0,20.0,91.0,1654,1685.9604414249993,1071.3274192638728,
212,5.729243755340576,0.026215791702270508,38.14494757041389,37.00313846873454,60.0,-15.0,209.0,1780,1732.9802207124997,1432.447217479003,
213,5.757317781448364,0.028074026107788086,35.62011362960824,36.99639451661738,71.0,35.0,350.0,1832,1782.4901103562497,1597.997556189372,
214,5.784448862075806,0.027131080627441406,36.858096945411084,36.99574585282167,89.0,30.0,486.0,1832,1807.2450551781249,1255.208856156174,
215,5.811182022094727,0.0267331600189209,37.40672630142606,36.99763648471986,41.0,12.0,579.0,1892,1849.6225275890624,1420.2056839891748,
216,5.840440034866333,0.029258012771606445,34.17867125174181,36.9835147198705,47.0,-6.0,597.0,1930,1889.8112637945312,1396.901643389433,
217,5.8670408725738525,0.02660083770751953,37.59280106119815,36.98627719032794,-2.0,-72.0,666.0,1972,1930.9056318972657,1470.877024105589,
218,5.895662784576416,0.028621912002563477,34.938266874359634,36.97633463201247,-45.0,-132.0,646.0,1299,1614.9528159486329,-4783.983389606588,
219,5.923608064651489,0.027945280075073242,35.784218204776,36.970710690138255,-79.0,-161.0,599.0,1308,1461.4764079743163,-5138.008330922377,
220,5.95034384727478,0.026735782623291016,37.40305694768946,36.97265328637413,-106.0,-172.0,533.0,1391,1426.2382039871582,-3228.012440694176,
221,5.977200746536255,0.02685689926147461,37.23438027093727,36.973829284229396,-125.0,-172.0,482.0,1331,1378.619101993579,-2500.5400962418234,
222,6.003607988357544,0.026407241821289062,37.86840014445648,36.977764109600756,-141.0,-120.0,360.0,1400,1389.3095509967895,-1047.854947832172,
223,6.030488729476929,0.026880741119384766,37.20135525872315,36.97876076112699,-160.0,-130.0,230.0,1396,1392.6547754983949,-461.70403136388325,
224,6.056464910507202,0.025976181030273438,38.496805932887874,36.98527165762791,-119.0,-128.0,127.0,1443,1417.8273877491974,253.6805686395494,
225,6.084409713745117,0.02794480323791504,35.78482881007431,36.97975819933836,-116.0,-129.0,11.0,1579,1498.4136938745987,1568.7238688866387,
226,6.1144397258758545,0.030030012130737305,33.30001984835854,36.96168580149458,-42.0,-1.0,-125.0,1565,1531.7068469372994,1338.6932633445044,
227,6.142098903656006,0.027659177780151367,36.15436467231556,36.958050262733664,-8.0,-11.0,-227.0,1574,1552.8534234686497,1051.617151414987,
228,6.169489860534668,0.02739095687866211,36.5083996309385,36.95605392894523,9.0,-81.0,-333.0,1341,1446.9267117343247,-1407.7987860864853,
229,6.1959779262542725,0.026488065719604492,37.75285106076562,36.95946027013044,-27.0,-98.0,-478.0,1139,1292.9633558671624,-3610.1772144775605,
230,6.224251747131348,0.028273820877075195,35.36840685055106,36.9522328697587,72.0,-106.0,-517.0,1551,1421.981677933581,476.4976457714829,
231,6.251789808273315,0.027538061141967773,36.313377141719265,36.949418819920304,54.0,-196.0,-632.0,1729,1575.4908389667905,3025.4668525396664,
232,6.279585838317871,0.027796030044555664,35.97636059527383,36.94511166394796,88.0,-247.0,-614.0,1846,1710.7454194833954,3945.7172066837707,
233,6.305902719497681,0.02631688117980957,37.99842364174994,36.94950752722053,177.0,-102.0,-556.0,1710,1710.3727097416977,1965.7774120116674,
234,6.332687854766846,0.02678513526916504,37.334140371178066,36.95113439451459,107.0,-2.0,-578.0,1560,1635.1863548708488,-420.62025736690566,
235,6.360934734344482,0.02824687957763672,35.4021405179108,36.944255807431674,102.0,-27.0,-537.0,1878,1756.5931774354244,1938.7205674486315,
236,6.389601945877075,0.028667211532592773,34.88305790966325,36.93500815841592,89.0,-57.0,-473.0,1832,1794.2965887177122,1626.9654233002636,
237,6.415417671203613,0.025815725326538086,38.73607994163226,36.94225569502723,141.0,13.0,-308.0,1649,1721.6482943588562,-593.5723573038073,
238,6.4423606395721436,0.026942968368530273,37.11543532701514,36.94297995956437,131.0,9.0,-219.0,1532,1626.824147179428,-2056.5059296906184,
239,6.46883487701416,0.0264742374420166,37.77257049198044,36.946375126878486,124.0,7.0,-81.0,1499,1562.912073589714,-2235.314617323367,
240,6.495791673660278,0.026956796646118164,37.09639587847698,36.94699769593499,132.0,5.0,23.0,1527,1544.956036794857,-1450.7094333369412,
241,6.52354884147644,0.02775716781616211,36.026730343062304,36.94308203346811,96.0,-35.0,126.0,1527,1535.9780183974285,-887.0790405780754,
242,6.551933765411377,0.028384923934936523,35.229969341900805,36.935660320248296,43.0,-56.0,258.0,1527,1531.4890091987143,-522.6133485121446,
243,6.578871965408325,0.026938199996948242,37.12200518643738,36.936423337875055,5.0,-84.0,372.0,1541,1536.2445045993572,-173.03991179269832,
244,6.607517957687378,0.028645992279052734,34.90889721181856,36.92763327508226,-5.0,-80.0,425.0,1579,1557.6222522996786,286.61684264900566,
245,6.634881019592285,0.027363061904907227,36.54561771907048,36.92605779614347,-70.0,-169.0,454.0,1607,1582.3111261498393,594.443494145667,
246,6.663820028305054,0.028939008712768555,34.55543380650689,36.915762874011804,-111.0,-239.0,467.0,1429,1505.6555630749197,-1027.2113707951164,
247,6.6917548179626465,0.027934789657592773,35.79765633668183,36.91109532838517,-49.0,-259.0,517.0,1513,1509.32778153746,-447.8772781399406,
248,6.71977686882019,0.028022050857543945,35.68618175320974,36.90598733281185,-7.0,-337.0,521.0,1621,1565.16389076873,772.3501321396168,
249,6.746686935424805,0.026910066604614258,37.160814749842736,36.90700374617601,21.0,-336.0,462.0,1616,1590.581945384365,858.4528755063095,
250,6.774046897888184,0.027359962463378906,36.54975774687162,36.90556085136313,59.0,-349.0,422.0,1588,1589.2909726921825,405.6340681746053,
251,6.800452709197998,0.026405811309814453,37.87045163154378,36.90930747309047,24.0,-315.0,331.0,1630,1609.6454863460913,588.2343464942766,
252,6.82996392250061,0.029511213302612305,33.88542482973687,36.8962417458476,54.0,-269.0,268.0,1733,1671.3227431730456,1339.0971982042067,
253,6.8591468334198,0.029182910919189453,34.2666296302348,36.88505380396712,118.0,-347.0,171.0,1855,1763.1613715865228,2243.048731898794,
254,6.885713815689087,0.02656698226928711,37.64070717042089,36.88796932298601,108.0,-286.0,24.0,1841,1802.0806857932614,1853.9996206141213,
255,6.913291931152344,0.027578115463256836,36.26063576868878,36.88546679924382,28.0,-223.0,-144.0,1743,1772.5403428966306,391.42400317860915,
256,6.940778970718384,0.02748703956604004,36.380782208189856,36.88346813520609,55.0,-209.0,-189.0,1859,1815.7701714483153,982.079490307419,
257,6.967906951904297,0.027127981185913086,36.86230807765659,36.88338575327317,189.0,-394.0,-202.0,1846,1830.8850857241578,769.6250584554468,
258,6.99444580078125,0.026538848876953125,37.68060945809975,36.88641063902196,30.0,-282.0,-435.0,1317,1573.9425428620789,-4456.063276150802,
259,7.021893739700317,0.027447938919067383,36.432608034744845,36.884636766242735,18.0,-318.0,-465.0,1223,1398.4712714310394,-5424.469664778091,
260,7.048242807388306,0.02634906768798828,37.95200694922002,36.888627010331646,38.0,-267.0,-518.0,1247,1322.7356357155197,-4149.394518878546,
261,7.07453989982605,0.02629709243774414,38.027017715643076,36.892858573943094,79.0,-271.0,-510.0,1372,1347.3678178577597,-1606.3530460903185,
262,7.1049699783325195,0.030430078506469727,32.86222215257809,36.87559564628721,28.0,-179.0,-548.0,1457,1402.1839089288799,97.5127581123918,
263,7.13155198097229,0.026582002639770508,37.619437991622796,36.87836822920325,22.0,-162.0,-545.0,1433,1417.5919544644398,338.5773858547449,
264,7.158834934234619,0.0272829532623291,36.652923544781665,36.87750903956628,91.0,-87.0,-456.0,1419,1418.29597723222,182.190939267987,
265,7.186055898666382,0.027220964431762695,36.73639126588598,36.87697448181273,114.0,-88.0,-382.0,1410,1414.14798861611,14.90440325006746,
266,7.213649749755859,0.02759385108947754,36.23995783543724,36.87453774824631,66.0,-5.0,-302.0,1471,1442.573994308055,522.530825478026,
267,7.240342855453491,0.026693105697631836,37.462856938700774,36.876706715469034,31.0,-19.0,-298.0,1485,1463.7869971540276,658.6152581684748,
268,7.267761707305908,0.027418851852416992,36.47125727154944,36.875177089335956,114.0,37.0,-104.0,1551,1507.3934985770138,1124.4995951391952,
269,7.297324895858765,0.029563188552856445,33.825850625418354,36.86282354683942,68.0,-47.0,-56.0,1743,1625.196749288507,2554.6473784474347,
270,7.326296806335449,0.02897191047668457,34.51619115020944,36.853543766683906,31.0,44.0,9.0,1757,1691.0983746442535,2414.660238167936,
271,7.356257915496826,0.029961109161376953,33.37660146738179,36.83938261994682,169.0,12.0,259.0,1859,1775.0491873221267,2608.326527890067,
272,7.384584903717041,0.028326988220214844,35.302023364643304,36.83348536802501,179.0,-39.0,309.0,2000,1887.5245936610634,3289.467975207479,
273,7.4128098487854,0.028224945068359375,35.42965265576429,36.82814014779179,78.0,-117.0,305.0,1841,1864.2622968305318,1232.6464392632295,
274,7.43892502784729,0.02611517906188965,38.291906696489704,36.83327886412257,52.0,-133.0,330.0,1560,1712.131148415266,-2296.37265074198,
275,7.465598821640015,0.02667379379272461,37.48998015695668,36.83562518828048,87.0,-224.0,417.0,1490,1601.0655742076328,-3230.109411953572,
276,7.493668794631958,0.02806997299194336,35.625256935124945,36.831091360444276,43.0,-259.0,416.0,1494,1547.5327871038164,-2568.6143534901876,
277,7.5205607414245605,0.02689194679260254,37.18585373205784,36.83235991622748,-6.0,-252.0,397.0,1541,1544.266393551908,-1345.0389931713937,
278,7.546283960342407,0.02572321891784668,38.875383488891565,36.839324025037875,-127.0,-255.0,280.0,1555,1549.633196775954,-568.2012298635939,
279,7.574855804443359,0.02857184410095215,34.999490983736514,36.83238429916256,-153.0,-200.0,258.0,1593,1571.3165983879771,95.35339467657303,
280,7.605973958969116,0.031118154525756836,32.13558179268919,36.81316837402768,-102.0,-220.0,248.0,1565,1568.1582991939886,-3.0701936988154728,
281,7.633232831954956,0.027258872985839844,36.68530245250673,36.81271175479561,-84.0,-262.0,229.0,1588,1578.0791495969943,180.43960196076125,
282,7.662304878234863,0.029072046279907227,34.397303525591084,36.80354729828543,-165.0,-242.0,73.0,1579,1578.5395747984971,98.13849368384325,
283,7.690993785858154,0.028688907623291016,34.85667747029004,36.796285093919515,-193.0,-184.0,17.0,1546,1562.2697873992486,-234.48611910097654,
284,7.716675043106079,0.025681257247924805,38.938903588172494,36.803415773445046,-163.0,-242.0,-92.0,1504,1533.1348936996242,-684.4834679611527,
285,7.743539810180664,0.02686476707458496,37.223475536701606,36.804873092445646,-154.0,-291.0,-138.0,1630,1581.567446849812,559.1722447024337,
286,7.769652843475342,0.026113033294677734,38.2950532293702,36.80988144022057,-207.0,-149.0,-235.0,1382,1481.783723424906,-1631.0253776395507,
287,7.795809984207153,0.026157140731811523,38.23047825651029,36.81464794311407,-206.0,-56.0,-266.0,1355,1418.391861712453,-2027.2632842385954,
288,7.82806396484375,0.03225398063659668,31.003925105149946,36.79070601536002,-27.0,-178.0,-272.0,1341,1379.6959308562264,-1613.494513189553,
289,7.859449863433838,0.03138589859008789,31.86144239680345,36.7710215118968,-50.0,-232.0,-312.0,1327,1353.3479654281132,-1226.489347975175,
290,7.88655686378479,0.02710700035095215,36.89083952680417,36.77143334015446,-63.0,-169.0,-347.0,1322,1337.6739827140566,-902.3578645126696,
291,7.915026903152466,0.02847003936767578,35.12464408937125,36.76550990421751,-20.0,-145.0,-365.0,1336,1336.8369913570282,-465.87844401708617,
292,7.942497968673706,0.027471065521240234,36.40193713006197,36.76425239914291,75.0,-138.0,-297.0,1841,1588.918495678514,4355.188313972544,
293,7.970433950424194,0.02793598175048828,35.796128767965044,36.76085917309512,92.0,-61.0,-258.0,1691,1639.959247839257,3091.1248253661424,
294,7.998605728149414,0.028171777725219727,35.49651746346087,36.75640605278601,27.0,-41.0,-285.0,1593,1616.4796239196285,1128.8399724337785,
295,8.024739742279053,0.026134014129638672,38.26430930355612,36.76131681202897,32.0,-49.0,-251.0,1565,1590.7398119598142,71.96192309403688,
296,8.052090883255005,0.02735114097595215,36.56154603858123,36.76063823566084,43.0,-44.0,-197.0,1672,1631.3699059799071,778.7304880807733,
297,8.080600023269653,0.028509140014648438,35.0764701946879,36.75469632759089,37.0,42.0,-105.0,1691,1661.1849529899537,912.2685479409449,
298,8.112170934677124,0.0315709114074707,31.67472700086091,36.73492612515577,47.0,45.0,-56.0,1630,1645.5924764949768,209.19055584760653,
299,8.141443729400635,0.029272794723510742,34.161411967844664,36.72567298110062,29.0,83.0,4.0,1527,1586.2962382474884,-908.2263335341564,
300,8.16802978515625,0.026586055755615234,37.61370280692314,36.72856342237997,-26.0,72.0,52.0,1415,1500.6481191237442,-2064.884616113311,
301,8.195626974105835,0.02759718894958496,36.235574638664026,36.726903377985906,-78.0,101.0,90.0,1410,1455.3240595618722,-1853.6139796473888,
302,8.224377870559692,0.028750896453857422,34.78152417281699,36.72010269385252,-129.0,56.0,93.0,1424,1439.662029780936,-1199.1816235341987,
303,8.249599933624268,0.025222063064575195,39.647827278828615,36.72905382538764,-199.0,-1.0,59.0,1447,1443.331014890468,-526.8571678114433,
304,8.27558708190918,0.02598714828491211,38.480559276316995,36.734553934494656,-218.0,-45.0,74.0,1452,1447.665507445234,-180.0317350625072,
305,8.30223274230957,0.026645660400390625,37.529563350035794,36.73710548316345,-260.0,-101.0,93.0,1518,1482.8327537226169,569.8898309754225,
306,8.328722953796387,0.026490211486816406,37.74979299420384,36.74032642189395,-234.0,-153.0,130.0,1485,1483.9163768613084,305.39819007237924,
307,8.367313861846924,0.03859090805053711,25.9128393322707,36.69038894308139,-198.0,-246.0,110.0,1480,1481.9581884306542,127.3279839432626,
308,8.391995906829834,0.024682044982910156,40.51528148062285,36.70163849214153,-201.0,-272.0,94.0,1490,1485.9790942153272,145.11805680817704,
309,8.420017719268799,0.028021812438964844,35.686485382704284,36.6982600633807,-161.0,-286.0,114.0,1508,1496.9895471076636,269.0212115037468,
310,8.446830034255981,0.026812314987182617,37.296294649605635,36.70015837217039,-217.0,-335.0,47.0,1513,1504.9947735538317,283.7932478884235,
311,8.47423267364502,0.027402639389038086,36.49283508069779,36.69948796275258,-111.0,-303.0,79.0,1532,1518.4973867769158,388.27094269844133,
312,8.500813007354736,0.026580333709716797,37.621800046642626,36.70237184726493,-119.0,-395.0,-5.0,1508,1513.248693388458,95.4028247658711,
313,8.527387857437134,0.02657485008239746,37.629563173429744,36.70526135703069,-12.0,-379.0,35.0,1551,1532.124346694229,402.8427066375702,
314,8.55494499206543,0.0275571346282959,36.28824308072986,36.703918060400134,-21.0,-350.0,-7.0,1565,1548.5621733471144,499.67127796818795,
315,8.581982851028442,0.027037858963012695,36.98517702041356,36.70480417730632,-9.0,-362.0,-30.0,1579,1563.7810866735572,531.2727407025033,
316,8.614964962005615,0.03298211097717285,30.319466231015564,36.68035812027648,0.0,-366.0,-63.0,1630,1596.8905433367786,767.566896965159,
317,8.642356872558594,0.027391910552978516,36.50712855775089,36.679809069970894,12.0,-387.0,-120.0,1672,1634.4452716683893,1069.2910960593404,
318,8.669598817825317,0.027241945266723633,36.708098126219795,36.67989796092631,112.0,-303.0,-63.0,1766,1700.2226358341945,1741.9265171709064,
319,8.696949005126953,0.027350187301635742,36.56282090397943,36.67952977670051,87.0,-238.0,-104.0,1541,1620.6113179170973,-584.4439208808448,
320,8.724678754806519,0.02772974967956543,36.06235222299603,36.67756819398176,50.0,-307.0,-132.0,1266,1443.3056589585485,-3489.251522687221,
321,8.75257396697998,0.027895212173461914,35.848445739780004,36.67492570882654,0.0,-229.0,-191.0,1799,1621.1528294792743,1443.1465598492086,
322,8.780273914337158,0.027699947357177734,36.10115164139023,36.67311557037096,10.0,-178.0,-194.0,1532,1576.5764147396371,-83.0566741479671,
323,8.808178901672363,0.027904987335205078,35.83588797183917,36.6704631690296,43.0,-130.0,-187.0,1546,1561.2882073698186,-315.4615803715156,
324,8.836166858673096,0.027987957000732422,35.72965329244399,36.667483217791364,37.0,-130.0,-179.0,1527,1544.1441036849092,-464.0072305215199,
325,8.86314082145691,0.026973962783813477,37.072787858967445,36.66871671644917,27.0,-76.0,-210.0,1485,1514.5720518424546,-780.162817515613,
326,8.888985872268677,0.025845050811767578,38.692127451523035,36.67459985700227,80.0,-46.0,-182.0,1475,1494.7860259212273,-772.8631271094389,
327,8.91503095626831,0.02604508399963379,38.394961598667166,36.679625859300096,93.0,-2.0,-190.0,1424,1459.3930129606138,-1065.8882502966624,
328,8.941648721694946,0.026617765426635742,37.56889370583019,36.682273058231424,117.0,-2.0,-181.0,1410,1434.6965064803069,-996.854338580329,
329,8.968921661376953,0.027272939682006836,36.66638109641493,36.68222473352391,210.0,31.0,-127.0,1461,1447.8482532401536,-257.3136899001253,
330,8.996120691299438,0.02719902992248535,36.766017128180856,36.68247807292739,216.0,39.0,-137.0,1490,1468.9241266200768,258.7811158887514,
331,9.024690866470337,0.028570175170898438,35.00153548300955,36.6771565804844,224.0,24.0,-134.0,1546,1507.4620633100385,803.8340371922111,
332,9.051078796386719,0.026387929916381836,37.896113987296594,36.68071038477068,241.0,79.0,-126.0,1743,1625.2310316550193,2633.410142879963,
333,9.07897686958313,0.027898073196411133,35.844769384598294,36.678141687488406,293.0,39.0,-73.0,1313,1469.1155158275096,-1481.2572596573618,
334,9.110702753067017,0.03172588348388672,31.520004809571045,36.66017968674948,359.0,-17.0,-10.0,1480,1474.5577579137548,-654.8588814620318,
335,9.13738489151001,0.026682138442993164,37.47825543055767,36.66256855517434,334.0,-39.0,-10.0,1513,1493.7788789568774,32.75760132689186,
336,9.165835857391357,0.028450965881347656,35.14819159990614,36.65786789418104,325.0,-103.0,2.0,1485,1489.3894394784388,-60.761629238729896,
337,9.191617965698242,0.025782108306884766,38.786587508553886,36.66383886467368,329.0,-118.0,27.0,1508,1498.6947197392194,150.0792189438278,
338,9.219666957855225,0.028048992156982422,35.651904867143806,36.660760257942016,284.0,-165.0,63.0,1513,1505.8473598696096,202.5422322107068,
339,9.2462739944458,0.026607036590576172,37.58404272478001,36.66341709142904,277.0,-223.0,99.0,1536,1520.9236799348048,384.5856448367308,
340,9.274162769317627,0.027888774871826172,35.8567202968181,36.66099123522462,254.0,-247.0,108.0,1621,1570.9618399674023,1089.3949766465007,
341,9.3001868724823,0.02602410316467285,38.42591591619104,36.66592990824325,228.0,-289.0,112.0,1612,1591.4809199837011,938.9297100151982,
342,9.324498891830444,0.02431201934814453,41.13191856588083,36.67757420183078,242.0,-292.0,156.0,1522,1556.7404599918505,-245.0060306554226,
343,9.356598854064941,0.03209996223449707,31.152684626068613,36.658619798687305,134.0,-239.0,137.0,1461,1508.8702299959252,-868.1461043479255,
344,9.383142709732056,0.026543855667114258,37.6735020164731,36.6614907863661,120.0,-232.0,173.0,1405,1456.9351149979625,-1412.3618819747185,
345,9.408766984939575,0.02562427520751953,39.02549406379099,36.66792902324338,92.0,-209.0,148.0,1447,1451.9675574989813,-803.1116338313758,
346,9.435787916183472,0.027020931243896484,37.00834700972347,36.668903866159376,76.0,-238.0,158.0,1490,1470.9837787494907,-49.676359489421486,
347,9.46295976638794,0.027171850204467773,36.80279379118517,36.66928831638177,39.0,-224.0,123.0,1466,1468.4918893747454,-70.69242514931034,
348,9.49058485031128,0.027625083923339844,36.198985051955674,36.667919363113434,7.0,-196.0,124.0,1471,1469.7459446873727,-12.648447816594278,
349,9.516846656799316,0.02626180648803711,38.07811166591012,36.67181079886968,2.0,-132.0,80.0,1308,1388.8729723436863,-1546.069259736772,
350,9.541795015335083,0.0249483585357666,40.08279737387831,36.6807293006712,-25.0,-102.0,49.0,1944,1666.4364861718432,4789.726411709454,
351,9.569349765777588,0.027554750442504883,36.2913829354607,36.679608185632915,17.0,-77.0,1.0,1780,1723.2182430859216,3425.2074478132586,
352,9.598245859146118,0.028896093368530273,34.60675418114011,36.67336773464508,22.0,-58.0,-28.0,1626,1674.6091215429608,871.5017638074262,
353,9.626139879226685,0.027894020080566406,35.84997777701802,36.67098176723755,18.0,-42.0,-90.0,1518,1596.3045607714803,-967.8574998446535,
354,9.653283834457397,0.02714395523071289,36.8406148440931,36.6714587564904,50.0,-19.0,-150.0,1471,1533.6522803857401,-1638.0030153199175,
355,9.683313846588135,0.030030012130737305,33.30001984835854,36.66100320863631,63.0,51.0,-199.0,1424,1478.82614019287,-1731.8572859756894,
356,9.708927869796753,0.025614023208618164,39.04111399663046,36.667282399684005,72.0,138.0,-254.0,1433,1455.9130700964351,-1313.2045338116948,
357,9.736575841903687,0.027647972106933594,36.169017971094476,36.665867528455436,63.0,125.0,-272.0,1438,1446.9565350482176,-818.5768054647069,
358,9.765236854553223,0.028661012649536133,34.890602513871215,36.660657117914745,36.0,110.0,-332.0,1433,1439.9782675241088,-531.0263819419214,
359,9.792739629745483,0.027502775192260742,36.35996705821161,36.65981263399837,39.0,110.0,-338.0,1433,1436.4891337620543,-328.9455852959586,
360,9.819562911987305,0.02682328224182129,37.281045286876136,36.66150960350051,35.0,200.0,-345.0,1513,1474.7445668810271,548.6284746407649,
361,9.848109006881714,0.02854609489440918,35.03106129573795,36.656783525419804,40.0,212.0,-348.0,1536,1505.3722834405135,810.7749453923091,
362,9.879151821136475,0.031042814254760742,32.21357418799874,36.64282182864119,20.0,234.0,-311.0,1551,1528.1861417202567,772.8454308006542,
363,9.90637993812561,0.027228116989135742,36.7267409787834,36.64305248408263,-1.0,244.0,-294.0,1560,1544.0930708601284,678.5275485442908,
364,9.932792663574219,0.0264127254486084,37.86053816921369,36.64628995376796,-31.0,260.0,-247.0,1485,1514.546535430064,-220.06009193684156,
365,9.959239721298218,0.026447057723999023,37.81138947235569,36.64938391024301,-25.0,276.0,-188.0,1569,1541.773267715032,404.7102432748215,
366,9.986659049987793,0.027419328689575195,36.47062301639059,36.64889310509177,-50.0,289.0,-126.0,1555,1548.386633857516,322.951913363358,
367,10.013720750808716,0.02706170082092285,36.952592396810715,36.649713840917805,-134.0,312.0,-87.0,1522,1535.1933169287581,-82.2876747334875,
368,10.043437004089355,0.02971625328063965,33.651617872415535,36.6408431546056,-172.0,262.0,-8.0,1532,1533.596658464379,-68.00890762476473,
369,10.071012735366821,0.02757573127746582,36.26377084756314,36.63981068201477,-180.0,216.0,68.0,1504,1518.7983292321896,-302.3260639138383,
370,10.104429960250854,0.0334172248840332,29.924687147729056,36.61760252241031,-212.0,213.0,127.0,1532,1525.3991646160948,-52.39906506840792,
371,10.130859851837158,0.02642989158630371,37.835947859816876,36.620781002386664,-243.0,180.0,202.0,1480,1502.6995823080474,-455.6296388576557,
372,10.1598379611969,0.02897810935974121,34.50880758250167,36.6147571861644,-254.0,167.0,255.0,1508,1505.3497911540237,-182.087045869208,
373,10.18700385093689,0.027165889739990234,36.81086868757789,36.61528016068194,-264.0,143.0,272.0,1490,1497.6748955770117,-232.30330957273392,
374,10.214963912963867,0.02796006202697754,35.765299770620686,36.612953622416086,-263.0,104.0,286.0,1457,1477.3374477885059,-479.8391131489966,
375,10.2425856590271,0.027621746063232422,36.203359400624926,36.611849047071544,-264.0,35.0,287.0,1410,1443.668723894253,-849.3800124265218,
376,10.270027875900269,0.027442216873168945,36.44020468979418,36.61139040160978,-232.0,26.0,279.0,1475,1459.3343619471266,-139.26047759178869,
377,10.29628586769104,0.026257991790771484,38.083643561479654,36.6151449993242,-207.0,-36.0,233.0,1494,1476.6671809735633,260.41821206332986,
378,10.325286865234375,0.02900099754333496,34.48157252197075,36.60915235902453,-148.0,-27.0,227.0,1499,1487.8335904867818,322.7267857516983,
379,10.357577800750732,0.03229093551635742,30.96844312526765,36.59156680170238,-88.0,-58.0,173.0,1490,1488.9167952433909,178.13597532488362,
380,10.382802963256836,0.025225162506103516,39.64295570972193,36.598980192994354,-83.0,-71.0,104.0,1513,1500.9583976216954,327.7503425410468,
381,10.409445762634277,0.026642799377441406,37.53359344238823,36.60137231970954,-11.0,-54.0,-9.0,1522,1511.4791988108477,361.3169085314415,
382,10.4336838722229,0.024238109588623047,41.25734296000472,36.612188434899814,37.0,-35.0,-7.0,1522,1516.7395994054239,289.1735299844411,
383,10.458632946014404,0.024949073791503906,40.08164825503612,36.62046483292583,115.0,-43.0,-66.0,1508,1512.369799702712,57.012377677692314,
384,10.482868909835815,0.024235963821411133,41.260995740411005,36.631193550431824,104.0,-42.0,-124.0,1508,1510.184899851356,-16.56938289116657,
385,10.508398056030273,0.025529146194458008,39.170914388710926,36.637363558860116,11.0,-31.0,-321.0,1419,1464.592449925678,-901.2336678507448,
386,10.533219814300537,0.024821758270263672,40.287234655652675,36.6459645583341,16.0,-38.0,-356.0,1372,1418.296224962839,-1383.1902732997623,
387,10.562809705734253,0.02958989143371582,33.795325077149926,36.63797898298864,89.0,-46.0,-411.0,1368,1393.1481124814195,-1116.539454843033,
388,10.587882995605469,0.02507328987121582,39.88307897114059,36.64566374232134,144.0,-34.0,-392.0,1359,1376.0740562407098,-898.7526941244778,
389,10.616021871566772,0.02813887596130371,35.53802224990044,36.64272782273283,91.0,43.0,-475.0,1364,1370.037028120355,-556.64836689446,
390,10.643711805343628,0.02768993377685547,36.11420699156191,36.6413528600241,130.0,72.0,-453.0,1400,1385.0185140601775,-7.801941311267797,
391,10.668011903762817,0.024300098419189453,41.15209670139911,36.65162764414301,144.0,41.0,-427.0,1405,1395.0092570300887,201.6690397526717,
392,10.693228006362915,0.025216102600097656,39.657199046934686,36.65871519495738,118.0,58.0,-426.0,1391,1393.0046285150443,61.08554385819568,
393,10.720431804656982,0.027203798294067383,36.759572659310614,36.65897112738312,120.0,141.0,-348.0,1410,1401.5023142575221,186.7284201723994,
394,10.746562004089355,0.026130199432373047,38.2698954360481,36.66288807993407,130.0,161.0,-318.0,1382,1391.751157128761,-93.22367176288299,
395,10.770794868469238,0.024232864379882812,41.266273120818575,36.673245087633724,105.0,88.0,-216.0,1391,1391.3755785643805,-54.36119968946632,
396,10.796947956085205,0.026153087615966797,38.236403084945394,36.67703147321487,57.0,71.0,-194.0,1429,1410.1877892821904,332.47503611782105,
397,10.821553707122803,0.024605751037597656,40.64090539126391,36.68604442065399,71.0,139.0,-43.0,1452,1431.0938946410952,591.0590430544337,
398,10.849272012710571,0.027718305587768555,36.07724133185388,36.68448901767042,109.0,146.0,72.0,1443,1437.0469473205476,402.9143806161388,
399,10.87533688545227,0.02606487274169922,38.36581171563426,36.688518636487906,143.0,138.0,164.0,1471,1454.0234736602738,527.1162968757901,
400,10.899926900863647,0.024590015411376953,40.66691229226861,36.69749381239486,162.0,166.0,255.0,1466,1460.011736830137,385.3202349938177,
401,10.927040815353394,0.027113914489746094,36.88143223945693,36.69795022972385,169.0,204.0,306.0,1475,1467.5058684150686,330.85727061852447,
402,10.955281734466553,0.02824091911315918,35.40961241357186,36.69462910618379,159.0,171.0,371.0,1499,1483.2529342075343,444.22738349037564,
403,10.984635829925537,0.029354095458984375,34.06679662118258,36.687606784569375,147.0,173.0,432.0,1551,1517.126467103767,799.0950697536373,
404,11.011989831924438,0.027354001998901367,36.557721975751974,36.687284148118174,160.0,175.0,478.0,1560,1538.5632335518835,791.387208811504,
405,11.03905987739563,0.027070045471191406,36.94120133873525,36.68790680529843,166.0,177.0,492.0,1555,1546.7816167759418,547.4920790851619,
406,11.064941883087158,0.02588200569152832,38.63688200668773,36.69246565321539,138.0,135.0,468.0,1588,1567.390808387971,671.883491826177,
407,11.092344760894775,0.027402877807617188,36.49251757499826,36.691971695186375,114.0,130.0,436.0,1626,1596.6954041939855,870.6409846526908,
408,11.118902921676636,0.02655816078186035,37.65320980672035,36.69426766957302,90.0,91.0,366.0,1621,1608.8477020969926,664.1070036141932,
409,11.14624285697937,0.027339935302734375,36.57653132412446,36.69397888131417,33.0,65.0,290.0,1560,1584.4238510484963,-114.61637465844115,
410,11.172533988952637,0.0262911319732666,38.03563882364677,36.69713606648291,24.0,60.0,201.0,1551,1567.7119255242483,-375.13256897321173,
411,11.19910979270935,0.026575803756713867,37.628212834291766,36.699345537942854,4.0,47.0,109.0,1527,1547.3559627621241,-570.5455341166683,
412,11.228898048400879,0.02978825569152832,33.57027717082463,36.69104467990725,14.0,0.0,3.0,1508,1527.6779813810622,-615.5704116206223,
413,11.255606889724731,0.02670884132385254,37.4407855389422,36.69282376741752,28.0,2.0,-99.0,1480,1503.838990690531,-754.0604747648183,
