Index,Time,Difference,Hz,AveHz,Pressure,Acceleration-X,Acceleration-Y,Acceleration-Z,Magnetic-X,Magnetic-Y,Magnetic-Z,Angular-Vel-X,Angular-Vel-Y,Angular-Vel-Z,Heading,Roll,Pitch,Quaternion-X,Quaternion-Y,Quaternion-Z,Quaternion-W,Linear-Acceleration-X,Linear-Acceleration-Y,Linear-Acceleration-Z,Gravity-X,Gravity-Y,Gravity-Z,Position-X,Position-Y,Position-Z
0,0.0,0.0,0,0,2.6778834639093056e-38,87.0,-126.0,986.0,-21.875,-1.375,-21.0625,-0.0625,5.375,-125.0,27.0,-0.8125,0.625,0.003662109375,-0.00872802734375,0.233642578125,-0.9722900390625,97.0,-110.0,-3.0,-14.0,-11.0,980.0,3187,3277,-1,
1,0.09500956535339355,0.09500956535339355,10.52525602322716,10.52525602322716,2.6778834639093056e-38,82.0,-116.0,970.0,-23.25,-3.1875,-21.875,-0.875,4.6875,-124.875,37.875,-1.125,0.8125,0.00384521484375,-0.01190185546875,0.324951171875,-0.9456787109375,99.0,-101.0,2.0,-19.0,-14.0,980.0,3158,3246,12,
2,0.18501830101013184,0.09000873565673828,11.110032739640394,10.809741463848365,2.6778834639093056e-38,72.0,-116.0,979.0,-22.0625,-8.75,-20.375,-0.875,4.125,-125.125,48.8125,-1.3125,1.125,0.00457763671875,-0.01483154296875,0.41339111328125,-0.91046142578125,95.0,-96.0,0.0,-22.0,-20.0,980.0,3145,3158,102,
3,0.28102803230285645,0.09600973129272461,10.41561086085216,10.675091646256057,2.6778834639093056e-38,128.0,-117.0,983.0,-20.5625,-15.0,-21.5625,-0.25,4.1875,-125.3125,60.9375,-1.5,1.5,0.00469970703125,-0.01806640625,0.5072021484375,-0.86163330078125,92.0,-94.0,5.0,-25.0,-25.0,979.0,3123,3108,190,
4,0.37903785705566406,0.09800982475280762,10.203058749692884,10.553035601962511,2.676448534281837e-38,86.0,-120.0,967.0,-15.75,-20.0625,-22.375,-0.375,5.3125,-125.4375,73.0625,-1.625,1.8125,0.00445556640625,-0.0211181640625,0.59539794921875,-0.8031005859375,96.0,-93.0,-4.0,-28.0,-31.0,979.0,3088,3122,294,
5,0.47104716300964355,0.09200930595397949,10.86846585387974,10.614648367806085,2.676448534281837e-38,80.0,-122.0,966.0,-8.0625,-23.0625,-23.0625,-0.875,4.6875,-125.4375,84.0,-1.625,2.1875,0.00457763671875,-0.0235595703125,0.669189453125,-0.74267578125,99.0,-83.0,-4.0,-28.0,-37.0,979.0,3050,3107,186,
6,0.5530552864074707,0.08200812339782715,12.19391395104763,10.848824968249959,2.676448534281837e-38,86.0,-133.0,976.0,-0.375,-25.6875,-25.0625,-0.75,4.1875,-125.8125,92.5,-1.5625,2.4375,0.00482177734375,-0.0255126953125,0.72247314453125,-0.69091796875,114.0,-90.0,-2.0,-27.0,-42.0,979.0,2959,3114,142,
7,0.635063648223877,0.08200836181640625,12.193878500325612,11.022517222608075,2.676448534281837e-38,89.0,-141.0,970.0,2.0625,-24.0,-25.5,-0.4375,4.25,-125.8125,103.5,-1.5,2.8125,0.00482177734375,-0.0274658203125,0.78509521484375,-0.61871337890625,115.0,-93.0,-8.0,-25.0,-48.0,979.0,2910,3171,130,
8,0.7240724563598633,0.08900880813598633,11.234843168242573,11.048618035021633,2.676448534281837e-38,62.0,-136.0,964.0,10.5625,-23.6875,-27.375,-0.4375,4.9375,-126.0625,114.4375,-1.3125,3.0625,0.004638671875,-0.02923583984375,0.84063720703125,-0.540771484375,98.0,-73.0,2.0,-23.0,-53.0,978.0,2854,3165,45,
9,0.8230822086334229,0.09900975227355957,10.100015170596976,10.934509221069,2.676950759651451e-38,56.0,-140.0,955.0,16.0625,-19.0625,-29.25,-0.5,4.5,-126.125,126.6875,-1.125,3.3125,0.004150390625,-0.03082275390625,0.89337158203125,-0.4482421875,92.0,-76.0,5.0,-19.0,-57.0,978.0,2813,3131,103,
10,0.9210920333862305,0.09800982475280762,10.203058749692884,10.85667841815631,2.676950759651451e-38,70.0,-135.0,970.0,20.5625,-14.25,-32.5,-0.125,3.875,-126.0625,138.875,-0.875,3.5625,0.0037841796875,-0.03204345703125,0.93597412109375,-0.3505859375,90.0,-69.0,-13.0,-15.0,-61.0,978.0,2765,3091,149,
11,1.015101432800293,0.0940093994140625,10.637234215224801,10.836355505533106,2.676950759651451e-38,87.0,-133.0,973.0,22.375,-9.25,-32.0,-0.1875,4.875,-126.4375,149.9375,-0.625,3.6875,0.00311279296875,-0.032958984375,0.96527099609375,-0.25909423828125,98.0,-72.0,-11.0,-10.0,-64.0,978.0,2732,3091,225,
12,1.1071107387542725,0.09200930595397949,10.86846585387974,10.839024119215455,2.676950759651451e-38,72.0,-142.0,970.0,22.875,-6.0,-33.1875,-0.375,4.625,-126.4375,159.6875,-0.375,3.8125,0.00244140625,-0.0335693359375,0.98388671875,-0.17572021484375,68.0,-69.0,0.0,-6.0,-65.0,978.0,2715,3134,278,
13,1.1911191940307617,0.08400845527648926,11.903563715209291,10.914105040997487,2.677309492058318e-38,65.0,-143.0,978.0,23.25,-1.1875,-34.0,-0.9375,3.875,-126.6875,170.75,0.0,3.875,0.0023193359375,-0.0341796875,0.99615478515625,-0.08026123046875,66.0,-75.0,0.0,0.0,-67.0,978.0,2701,3223,350,
14,1.279127836227417,0.08800864219665527,11.362520487084671,10.94495765277907,2.677309492058318e-38,55.0,-142.0,978.0,22.5625,3.75,-31.5625,-0.9375,4.0625,-126.6875,183.0,0.375,3.9375,0.00238037109375,-0.03485107421875,0.9990234375,0.026611328125,71.0,-76.0,9.0,6.0,-68.0,978.0,2597,3173,274,
15,1.3731372356414795,0.0940093994140625,10.637234215224801,10.92388991475608,2.677309492058318e-38,88.0,-145.0,969.0,19.0625,6.6875,-31.5625,-0.1875,4.375,-126.4375,194.0625,0.6875,3.875,0.00213623046875,-0.0345458984375,0.99188232421875,0.12255859375,54.0,-75.0,-4.0,12.0,-66.0,978.0,2540,3230,301,
16,1.464146375656128,0.09100914001464844,10.987907366656188,10.927869143431728,2.677309492058318e-38,73.0,-147.0,981.0,16.375,9.75,-31.5625,-0.1875,4.5625,-126.625,205.125,1.0,3.6875,0.00177001953125,-0.03375244140625,0.9754638671875,0.21746826171875,66.0,-87.0,-7.0,17.0,-63.0,978.0,2525,3307,294,
17,1.5571556091308594,0.09300923347473145,10.751620700881036,10.917341786726572,2.6768790131700775e-38,81.0,-153.0,974.0,12.6875,11.5,-30.75,-0.6875,4.375,-126.6875,216.125,1.3125,3.5,0.00152587890625,-0.03271484375,0.9500732421875,0.31036376953125,58.0,-93.0,-4.0,22.0,-60.0,978.0,2563,3438,306,
18,1.65016508102417,0.09300947189331055,10.751593140396299,10.907999573490159,2.6768790131700775e-38,72.0,-160.0,970.0,8.875,12.0,-29.1875,-0.5,4.75,-126.3125,227.1875,1.5625,3.25,0.0010986328125,-0.03173828125,0.91583251953125,0.40032958984375,45.0,-104.0,-8.0,26.0,-56.0,978.0,2553,3326,131,
19,1.7461745738983154,0.09600949287414551,10.415636725743928,10.880928106508108,2.6768790131700775e-38,74.0,-152.0,984.0,8.0,12.1875,-26.375,-0.3125,4.5625,-126.4375,239.4375,1.75,2.9375,0.0006103515625,-0.0299072265625,0.86785888671875,0.49591064453125,44.0,-102.0,5.0,30.0,-50.0,978.0,2552,3428,199,
20,1.8391838073730469,0.09300923347473145,10.751620700881036,10.874388910897661,2.6768790131700775e-38,85.0,-147.0,981.0,7.5625,12.875,-26.375,-0.4375,3.875,-126.6875,250.5,1.875,2.5625,0.0003662109375,-0.0279541015625,0.81622314453125,0.5770263671875,53.0,-103.0,2.0,32.0,-44.0,979.0,2564,3528,234,
21,1.9331932067871094,0.0940093994140625,10.637234215224801,10.862856297173302,2.677309492058318e-38,81.0,-149.0,975.0,7.5,13.6875,-25.6875,-1.0625,4.6875,-126.3125,262.75,1.9375,2.25,-0.0001220703125,-0.026123046875,0.75006103515625,0.66082763671875,48.0,-111.0,-4.0,33.0,-38.0,979.0,2572,3431,47,
22,2.032203197479248,0.09900999069213867,10.099990849503225,10.825689098063066,2.677309492058318e-38,99.0,-147.0,982.0,6.1875,16.5625,-26.875,-0.5625,5.6875,-126.1875,274.9375,1.9375,1.9375,-0.00067138671875,-0.02410888671875,0.68328857421875,0.729736328125,49.0,-116.0,0.0,33.0,-32.0,979.0,2609,3445,12,
23,2.1302127838134766,0.09800958633422852,10.203083569701421,10.79704345723892,2.677309492058318e-38,93.0,-147.0,975.0,4.0,20.0625,-28.375,-0.25,5.375,-126.0,285.9375,1.8125,1.5,-0.00091552734375,-0.02099609375,0.60186767578125,0.79833984375,61.0,-121.0,-4.0,31.0,-26.0,979.0,2758,3526,-36,
24,2.226222515106201,0.09600973129272461,10.41561086085216,10.780593510822115,2.677309492058318e-38,84.0,-139.0,970.0,-3.0,22.1875,-29.5625,-0.9375,4.25,-125.6875,298.125,1.625,1.1875,-0.0013427734375,-0.01800537109375,0.5137939453125,0.85772705078125,55.0,-119.0,-10.0,28.0,-20.0,980.0,2791,3539,-82,
25,2.3172316551208496,0.09100914001464844,10.987907366656188,10.788735750589504,2.675802815949476e-38,101.0,-133.0,970.0,-11.5,20.25,-27.5625,-0.6875,4.125,-125.5,309.0625,1.4375,0.9375,-0.001953125,-0.015380859375,0.4295654296875,0.90289306640625,76.0,-117.0,-9.0,25.0,-16.0,980.0,2894,3637,-93,
26,2.400239944458008,0.0830082893371582,12.046989619774703,10.832250358982753,2.675802815949476e-38,104.0,-130.0,990.0,-15.0625,17.0,-23.25,-0.1875,4.375,-125.5,318.8125,1.25,0.6875,-0.00213623046875,-0.0125732421875,0.3515625,0.93609619140625,83.0,-118.0,9.0,21.0,-12.0,980.0,3024,3554,-78,
27,2.483248233795166,0.0830082893371582,12.046989619774703,10.872855815439646,2.675802815949476e-38,95.0,-132.0,967.0,-16.75,14.875,-22.5,0.25,5.1875,-125.3125,329.6875,0.875,0.5,-0.00238037109375,-0.00885009765625,0.26092529296875,0.96533203125,79.0,-123.0,-13.0,15.0,-8.0,980.0,3031,3386,-34,
28,2.5732572078704834,0.09000897407531738,11.110003311039003,10.881150906469855,2.675802815949476e-38,88.0,-131.0,974.0,-18.6875,12.0,-20.875,-0.375,4.625,-125.3125,340.625,0.5,0.375,-0.00250244140625,-0.0052490234375,0.16802978515625,0.98577880859375,79.0,-124.0,-6.0,9.0,-6.0,980.0,3114,3351,-61,
29,2.664266347885132,0.09100914001464844,10.987907366656188,10.884797619059338,2.6767355202073307e-38,88.0,-126.0,967.0,-20.1875,8.375,-19.6875,-0.75,4.5625,-125.1875,351.5625,0.1875,0.3125,-0.0029296875,-0.001953125,0.07354736328125,0.997314453125,84.0,-120.0,-13.0,3.0,-6.0,980.0,3149,3342,-144,
30,2.7582757472991943,0.0940093994140625,10.637234215224801,10.876359997500225,2.6767355202073307e-38,82.0,-125.0,989.0,-20.875,5.0,-19.375,-1.0625,5.3125,-125.0,2.4375,-0.0625,0.375,-0.00372314453125,0.0010986328125,-0.02154541015625,0.999755859375,84.0,-118.0,8.0,-2.0,-7.0,980.0,3215,3265,-222,
31,2.856285333633423,0.09800958633422852,10.203083569701421,10.853257423188014,2.6767355202073307e-38,66.0,-122.0,976.0,-20.75,2.25,-20.5,-0.4375,4.3125,-125.1875,14.5625,-0.4375,0.5,-0.0042724609375,0.0045166015625,-0.12689208984375,0.99188232421875,73.0,-113.0,-4.0,-7.0,-9.0,980.0,3248,3176,-260,
32,2.9522950649261475,0.09600973129272461,10.41561086085216,10.839024994542843,2.6767355202073307e-38,83.0,-124.0,971.0,-22.25,-2.0625,-20.1875,-0.1875,5.375,-124.875,26.625,-0.75,0.625,-0.004150390625,0.0081787109375,-0.230712890625,0.97296142578125,97.0,-112.0,-9.0,-13.0,-11.0,980.0,3218,3247,-171,
33,3.044304370880127,0.09200930595397949,10.86846585387974,10.839914798157814,2.676161548356343e-38,92.0,-128.0,973.0,-22.5625,-6.1875,-22.5,-0.8125,4.3125,-124.9375,37.5625,-1.0,0.875,-0.00439453125,0.01123046875,-0.32208251953125,0.9466552734375,110.0,-113.0,-7.0,-18.0,-15.0,980.0,3189,3169,-47,
34,3.1343135833740234,0.09000921249389648,11.109973882593517,10.847670182190164,2.676161548356343e-38,135.0,-117.0,980.0,-22.5,-8.6875,-20.875,-0.8125,3.75,-124.9375,48.4375,-1.1875,1.1875,-0.00506591796875,0.01409912109375,-0.4105224609375,0.9117431640625,156.0,-96.0,0.0,-21.0,-20.0,980.0,3155,3096,54,
35,3.2243223190307617,0.09000873565673828,11.110032739640394,10.85499417766679,2.676161548356343e-38,66.0,-130.0,977.0,-19.875,-14.5625,-20.875,-0.3125,4.1875,-125.3125,59.375,-1.375,1.4375,-0.00518798828125,0.01702880859375,-0.49530029296875,0.8685302734375,89.0,-104.0,-2.0,-23.0,-25.0,980.0,3116,3070,169,
36,3.318331718444824,0.0940093994140625,10.637234215224801,10.848824968249959,2.676161548356343e-38,78.0,-119.0,968.0,-14.6875,-20.0625,-23.375,-0.3125,4.75,-125.375,70.25,-1.5,1.75,-0.0048828125,0.01971435546875,-0.57562255859375,0.81744384765625,104.0,-89.0,-11.0,-26.0,-30.0,979.0,3076,3096,289,
37,3.4133412837982178,0.09500956535339355,10.52525602322716,10.839818501485444,2.6767355202073307e-38,81.0,-126.0,963.0,-7.6875,-24.5,-22.0625,-0.6875,4.6875,-125.4375,82.4375,-1.5625,2.0625,-0.0048828125,0.02252197265625,-0.65887451171875,0.75189208984375,108.0,-90.0,-15.0,-26.0,-36.0,979.0,3038,3097,203,
38,3.504350423812866,0.09100914001464844,10.987907366656188,10.843664418313097,2.6767355202073307e-38,57.0,-116.0,973.0,-0.0625,-24.5625,-22.875,-0.6875,4.5,-125.3125,93.375,-1.5,2.4375,-0.00518798828125,0.02496337890625,-0.72747802734375,0.6856689453125,83.0,-74.0,-5.0,-26.0,-42.0,979.0,2944,3130,184,
39,3.5943593978881836,0.09000897407531738,11.110003311039003,10.850334004694664,2.6767355202073307e-38,97.0,-128.0,993.0,8.25,-24.25,-26.5,-0.5,5.4375,-125.75,104.3125,-1.4375,2.75,-0.0050048828125,0.02703857421875,-0.78955078125,0.613037109375,121.0,-80.0,14.0,-24.0,-47.0,979.0,2899,3171,160,
40,3.68336820602417,0.08900880813598633,11.234843168242573,10.85962569112145,2.6767355202073307e-38,65.0,-137.0,971.0,11.6875,-23.25,-27.25,-0.125,4.6875,-125.6875,115.3125,-1.25,3.0625,-0.0047607421875,0.02874755859375,-0.844482421875,0.53472900390625,87.0,-84.0,-7.0,-22.0,-52.0,979.0,2842,3162,65,
41,3.7753775119781494,0.09200930595397949,10.86846585387974,10.859841133746016,2.6767355202073307e-38,72.0,-138.0,970.0,17.875,-17.5625,-30.0,-0.1875,4.375,-126.0,126.25,-1.0625,3.3125,-0.00439453125,0.03021240234375,-0.8917236328125,0.4515380859375,91.0,-82.0,-8.0,-19.0,-56.0,978.0,2819,3127,135,
42,3.8663864135742188,0.09100890159606934,10.987936151986148,10.862856297173302,2.6768790131700775e-38,81.0,-131.0,984.0,21.1875,-14.0,-31.5625,-0.3125,3.75,-125.75,137.25,-0.875,3.5,-0.00396728515625,0.03131103515625,-0.93084716796875,0.36407470703125,96.0,-71.0,6.0,-15.0,-60.0,978.0,2780,3063,173,
43,3.9573957920074463,0.09100937843322754,10.987878581477048,10.865731470894305,2.6768790131700775e-38,90.0,-130.0,973.0,22.75,-8.75,-31.875,-0.5,5.25,-126.3125,148.25,-0.625,3.625,-0.0030517578125,0.0323486328125,-0.96142578125,0.2730712890625,75.0,-74.0,-12.0,-11.0,-62.0,978.0,2740,3082,264,
44,4.057405710220337,0.10000991821289062,9.999008277072129,10.84436784055558,2.6768790131700775e-38,72.0,-142.0,972.0,22.5,-2.875,-33.5,-0.5,4.0625,-126.5,159.25,-0.375,3.75,-0.0025634765625,0.033203125,-0.98504638671875,0.16900634765625,65.0,-72.0,-5.0,-6.0,-65.0,978.0,2719,3144,322,
45,4.1544153690338135,0.09700965881347656,10.30825190224337,10.831849009470996,2.6768790131700775e-38,88.0,-146.0,984.0,21.5,0.375,-33.0,-0.8125,4.4375,-126.25,171.5,0.0,3.875,-0.00250244140625,0.0340576171875,-0.9967041015625,0.0736083984375,88.0,-79.0,6.0,0.0,-66.0,978.0,2729,3241,378,
46,4.246424674987793,0.09200930595397949,10.86846585387974,10.832642404078964,2.677596477983812e-38,71.0,-148.0,975.0,21.0625,2.6875,-31.5,-0.875,4.375,-126.375,182.5625,0.3125,3.9375,-0.00244140625,0.03448486328125,-0.9991455078125,-0.02252197265625,65.0,-80.0,-2.0,6.0,-67.0,978.0,2642,3275,400,
47,4.344434499740601,0.09800982475280762,10.203058749692884,10.818439086331328,2.677596477983812e-38,86.0,-138.0,981.0,19.5625,6.75,-31.5,-0.375,5.0,-126.5625,194.8125,0.6875,3.8125,-0.0020751953125,0.03399658203125,-0.99102783203125,-0.12908935546875,73.0,-73.0,3.0,12.0,-65.0,978.0,2584,3337,420,
48,4.442444086074829,0.09800958633422852,10.203083569701421,10.804863059607113,2.677596477983812e-38,87.0,-156.0,971.0,16.0,9.5625,-30.6875,-0.5,4.9375,-126.5625,207.0625,1.0625,3.625,-0.0015869140625,0.03302001953125,-0.97161865234375,-0.23419189453125,68.0,-94.0,-6.0,18.0,-62.0,978.0,2579,3415,410,
49,4.538453817367554,0.09600973129272461,10.41561086085216,10.796628537342162,2.6767355202073307e-38,85.0,-148.0,969.0,12.25,10.5,-30.25,-0.4375,4.625,-126.625,219.3125,1.3125,3.375,-0.001220703125,0.0318603515625,-0.94110107421875,-0.33660888671875,62.0,-90.0,1.0,23.0,-57.0,978.0,2671,3489,301,
50,4.630462884902954,0.09200906753540039,10.868494016801671,10.79805653188988,2.6767355202073307e-38,61.0,-154.0,981.0,9.875,12.1875,-28.25,-0.4375,4.875,-126.5,230.375,1.5625,3.125,-0.0008544921875,0.0306396484375,-0.9044189453125,-0.425537109375,34.0,-100.0,2.0,27.0,-53.0,978.0,2652,3486,282,
51,4.727472543716431,0.09700965881347656,10.30825190224337,10.78800554173227,2.6767355202073307e-38,80.0,-154.0,963.0,6.5,13.0,-26.25,-0.5,5.5625,-126.25,242.625,1.6875,2.75,-0.00030517578125,0.028564453125,-0.85394287109375,-0.51953125,50.0,-101.0,-2.0,29.0,-47.0,979.0,2615,3534,279,
52,4.821481943130493,0.0940093994140625,10.637234215224801,10.785065797889814,2.6767355202073307e-38,85.0,-147.0,957.0,6.6875,12.25,-26.25,-0.875,4.1875,-126.0625,254.8125,1.8125,2.375,0.0001220703125,0.0264892578125,-0.7938232421875,-0.60760498046875,56.0,-108.0,-6.0,31.0,-41.0,979.0,2609,3571,250,
53,4.921491861343384,0.10000991821289062,9.999008277072129,10.76909227795268,2.6770225061328244e-38,87.0,-144.0,980.0,7.375,14.0625,-27.1875,-0.6875,3.8125,-126.0,267.0625,1.875,2.0625,0.00067138671875,0.02459716796875,-0.7247314453125,-0.6885986328125,65.0,-121.0,1.0,32.0,-36.0,979.0,2660,3494,71,
54,5.017501592636108,0.09600973129272461,10.41561086085216,10.762328422426934,2.6770225061328244e-38,77.0,-146.0,978.0,4.1875,19.5625,-28.25,-0.5625,4.4375,-125.8125,278.0,1.8125,1.75,0.00103759765625,0.022216796875,-0.65557861328125,-0.75482177734375,65.0,-114.0,-8.0,31.0,-30.0,979.0,2768,3571,-58,
55,5.106510639190674,0.08900904655456543,11.234813074724574,10.770564067348522,2.6770225061328244e-38,95.0,-144.0,971.0,-0.875,21.25,-28.25,-0.5,4.25,-125.6875,287.75,1.6875,1.4375,0.001220703125,0.019775390625,-0.589111328125,-0.80780029296875,65.0,-119.0,-7.0,29.0,-24.0,979.0,2876,3619,-100,
56,5.201520204544067,0.09500956535339355,10.52525602322716,10.766083336767238,2.6770225061328244e-38,108.0,-141.0,986.0,-7.5,21.5,-27.5,-0.5625,3.9375,-125.5,299.9375,1.5625,1.125,0.0018310546875,0.0169677734375,-0.50018310546875,-0.86572265625,81.0,-121.0,6.0,26.0,-19.0,980.0,2861,3651,-114,
57,5.296529769897461,0.09500956535339355,10.52525602322716,10.761763357577333,2.6770225061328244e-38,93.0,-140.0,991.0,-12.5,20.0,-25.0625,-0.6875,5.375,-125.3125,310.875,1.3125,0.875,0.0023193359375,0.01409912109375,-0.41546630859375,-0.90948486328125,70.0,-125.0,11.0,23.0,-15.0,980.0,2998,3490,-195,
58,5.382538318634033,0.08600854873657227,11.626751232168894,10.775585154537106,2.6777399709465587e-38,95.0,-133.0,971.0,-15.75,15.6875,-22.75,-0.25,5.5625,-125.1875,323.0,1.0,0.625,0.00262451171875,0.01025390625,-0.3170166015625,-0.9483642578125,68.0,-120.0,-14.0,17.0,-11.0,980.0,3116,3385,-175,
59,5.463546276092529,0.0810079574584961,12.344466289158612,10.798846942721639,2.6777399709465587e-38,93.0,-132.0,990.0,-18.6875,12.0625,-21.25,-0.375,5.4375,-125.1875,331.5,0.75,0.5,0.00286865234375,0.007568359375,-0.2459716796875,-0.96923828125,80.0,-123.0,10.0,12.0,-8.0,980.0,3170,3321,-145,
60,5.554555416107178,0.09100914001464844,10.987907366656188,10.801944621168268,2.6777399709465587e-38,93.0,-129.0,970.0,-19.75,9.5625,-19.5625,-0.3125,4.875,-124.8125,342.375,0.375,0.375,0.00311279296875,0.00396728515625,-0.15283203125,-0.98822021484375,86.0,-122.0,-10.0,6.0,-7.0,980.0,3211,3273,-141,
61,5.649564981460571,0.09500956535339355,10.52525602322716,10.79729150831535,2.6777399709465587e-38,99.0,-120.0,976.0,-20.1875,7.0,-19.25,-0.8125,3.25,-125.0,354.5,0.0,0.4375,0.00384521484375,0.00054931640625,-0.04779052734375,-0.99884033203125,98.0,-112.0,-3.0,0.0,-7.0,980.0,3230,3215,-164,
62,5.743574380874634,0.0940093994140625,10.637234215224801,10.794671730282113,2.6782421963161727e-38,85.0,-122.0,985.0,-20.5,4.6875,-19.25,-1.0625,3.875,-125.0,5.375,-0.1875,0.5,0.0047607421875,-0.00225830078125,0.0472412109375,-0.99884033203125,89.0,-112.0,5.0,-4.0,-9.0,980.0,3264,3173,-224,
63,5.830583095550537,0.08700871467590332,11.493101624646176,10.80509427060166,2.6782421963161727e-38,76.0,-122.0,965.0,-21.875,1.6875,-20.0625,-0.1875,5.1875,-124.75,0.25,-0.5,0.625,0.00494384765625,-0.00555419921875,0.14178466796875,-0.9898681640625,85.0,-110.0,-14.0,-9.0,-11.0,980.0,3272,3084,-250,
64,5.9215919971466064,0.09100890159606934,10.987936151986148,10.807904366062235,2.6782421963161727e-38,91.0,-118.0,971.0,-22.1875,-2.0,-21.375,-0.25,3.875,-124.9375,27.125,-0.8125,0.75,0.00494384765625,-0.0087890625,0.23492431640625,-0.97198486328125,94.0,-112.0,-10.0,-14.0,-13.0,980.0,3214,3142,-182,
65,6.017601490020752,0.09600949287414551,10.415636725743928,10.801645823139387,2.6782421963161727e-38,99.0,-118.0,973.0,-22.0625,-8.0,-21.375,-1.125,4.625,-125.0,39.25,-1.0625,1.0,0.00537109375,-0.0115966796875,0.32611083984375,-0.94525146484375,96.0,-105.0,1.0,-18.0,-17.0,980.0,3166,3092,-57,
66,6.1126110553741455,0.09500956535339355,10.52525602322716,10.797349839881186,2.6772377455769447e-38,63.0,-124.0,981.0,-19.875,-13.75,-21.375,-0.6875,6.125,-125.0625,50.125,-1.25,1.3125,0.00604248046875,-0.01507568359375,0.4239501953125,-0.90557861328125,72.0,-100.0,-18.0,-22.0,-23.0,980.0,3126,3052,49,
67,6.207620620727539,0.09500956535339355,10.52525602322716,10.79318535934426,2.6772377455769447e-38,76.0,-122.0,987.0,-16.1875,-17.75,-21.375,-0.25,5.0625,-125.0,62.25,-1.375,1.625,0.00592041015625,-0.01812744140625,0.51708984375,-0.855712890625,100.0,-93.0,7.0,-24.0,-28.0,979.0,3086,3102,192,
68,6.306630611419678,0.09900999069213867,10.099990849503225,10.782302657280987,2.6772377455769447e-38,75.0,-128.0,975.0,-11.375,-23.0,-22.0625,-0.375,4.75,-125.4375,74.375,-1.5,1.9375,0.00567626953125,-0.02081298828125,0.60455322265625,-0.7962646484375,100.0,-94.0,-3.0,-25.0,-33.0,979.0,3039,3112,205,
69,6.403640270233154,0.09700965881347656,10.30825190224337,10.77512119485246,2.6772377455769447e-38,54.0,-123.0,971.0,-3.375,-26.1875,-24.0625,-0.8125,4.6875,-125.625,85.3125,-1.5,2.25,0.00579833984375,-0.02325439453125,0.67755126953125,-0.73504638671875,79.0,-84.0,-8.0,-25.0,-39.0,979.0,2985,3135,176,
70,6.496649503707886,0.09300923347473145,10.751620700881036,10.774784750208292,2.677309492058318e-38,67.0,-119.0,989.0,6.1875,-23.75,-26.0625,-0.5625,3.75,-125.5625,97.4375,-1.375,2.625,0.00592041015625,-0.025634765625,0.7515869140625,-0.65911865234375,92.0,-73.0,9.0,-24.0,-45.0,979.0,2928,3189,187,
71,6.582658052444458,0.08600854873657227,11.626751232168894,10.785916484547498,2.677309492058318e-38,93.0,-125.0,980.0,9.0625,-24.1875,-26.5,-0.375,3.8125,-125.375,107.1875,-1.3125,2.875,0.00579833984375,-0.0272216796875,0.80474853515625,-0.59295654296875,116.0,-76.0,0.0,-22.0,-49.0,979.0,2887,3173,107,
72,6.667666673660278,0.08500862121582031,11.763512755502704,10.798380231637303,2.677309492058318e-38,53.0,-129.0,967.0,15.25,-20.0,-29.1875,-0.25,4.875,-125.8125,118.1875,-1.125,3.125,0.00537109375,-0.0286865234375,0.857666015625,-0.51336669921875,72.0,-75.0,-11.0,-19.0,-53.0,978.0,2812,3189,54,
73,6.756675481796265,0.08900880813598633,11.234843168242573,10.80412995957487,2.677309492058318e-38,57.0,-133.0,985.0,19.25,-14.875,-31.875,-0.3125,6.1875,-126.1875,129.125,-0.9375,3.3125,0.0047607421875,-0.03009033203125,0.90283203125,-0.428955078125,74.0,-75.0,6.0,-16.0,-57.0,978.0,2777,3144,117,
74,6.851685047149658,0.09500956535339355,10.52525602322716,10.80026292667735,2.6770225061328244e-38,66.0,-134.0,978.0,21.25,-9.875,-33.0625,-0.0625,5.75,-126.0,140.125,-0.75,3.5,0.00390625,-0.03118896484375,0.939697265625,-0.34051513671875,80.0,-74.0,0.0,-13.0,-60.0,978.0,2680,3085,150,
75,6.941694021224976,0.09000897407531738,11.110003311039003,10.804279152996292,2.6770225061328244e-38,62.0,-140.0,969.0,22.375,-7.6875,-31.75,-0.3125,5.3125,-126.1875,151.125,-0.5,3.625,0.00323486328125,-0.031982421875,0.968017578125,-0.2489013671875,72.0,-78.0,-9.0,-9.0,-62.0,978.0,2653,3130,251,
76,7.036703586578369,0.09500956535339355,10.52525602322716,10.800511782954803,2.6770225061328244e-38,45.0,-142.0,979.0,22.1875,-2.0625,-32.1875,-1.0,4.625,-126.3125,163.375,-0.1875,3.75,0.00311279296875,-0.03265380859375,0.989013671875,-0.14434814453125,49.0,-77.0,0.0,-3.0,-64.0,978.0,2628,3201,332,
77,7.127712726593018,0.09100914001464844,10.987907366656188,10.802904515598415,2.6770225061328244e-38,90.0,-146.0,960.0,21.875,2.0,-33.25,-0.75,5.4375,-126.4375,174.375,0.125,3.8125,0.00286865234375,-0.0333251953125,0.99822998046875,-0.0487060546875,87.0,-80.0,-18.0,2.0,-65.0,978.0,2694,3092,221,
78,7.21372127532959,0.08600854873657227,11.626751232168894,10.812727165763171,2.67608980187497e-38,69.0,-149.0,978.0,19.6875,6.75,-32.875,-0.5,5.5,-126.4375,184.1875,0.4375,3.8125,0.002685546875,-0.03338623046875,0.998779296875,0.03668212890625,61.0,-84.0,0.0,7.0,-65.0,978.0,2640,3155,249,
79,7.302730321884155,0.08900904655456543,11.234813074724574,10.817871743566926,2.67608980187497e-38,76.0,-150.0,979.0,17.1875,10.25,-32.0625,-0.25,4.9375,-126.5,195.1875,0.75,3.6875,0.00225830078125,-0.0328369140625,0.99066162109375,0.1324462890625,63.0,-87.0,0.0,12.0,-63.0,978.0,2612,3241,281,
80,7.394739389419556,0.09200906753540039,10.868494016801671,10.818501611356927,2.67608980187497e-38,78.0,-145.0,980.0,13.0625,10.5,-30.875,-0.4375,4.8125,-126.5625,207.4375,1.0625,3.5,0.00177001953125,-0.03192138671875,0.97088623046875,0.2374267578125,59.0,-85.0,1.0,18.0,-60.0,978.0,2614,3336,275,
81,7.483748435974121,0.08900904655456543,11.234813074724574,10.823453072077596,2.67608980187497e-38,85.0,-145.0,980.0,11.875,10.75,-29.6875,-0.5,5.125,-126.5,217.25,1.25,3.3125,0.0013427734375,-0.03106689453125,0.94708251953125,0.31951904296875,63.0,-88.0,1.0,22.0,-56.0,978.0,2710,3471,237,
82,7.567756652832031,0.08400821685791016,11.903597497984993,10.835443548427747,2.67608980187497e-38,61.0,-159.0,974.0,8.875,11.75,-27.5,-0.6875,4.75,-126.5625,228.25,1.5,3.0625,0.00091552734375,-0.02996826171875,0.91204833984375,0.40899658203125,36.0,-106.0,-4.0,25.0,-52.0,978.0,2673,3454,210,
83,7.651764869689941,0.08400821685791016,11.903597497984993,10.847170739495457,2.6772377455769447e-38,83.0,-146.0,975.0,8.375,12.25,-27.5,-0.125,4.25,-126.375,236.8125,1.5625,2.875,0.00042724609375,-0.028564453125,0.87384033203125,0.4853515625,59.0,-107.0,0.0,27.0,-48.0,979.0,2630,3522,260,
84,7.735773324966431,0.08400845527648926,11.903563715209291,10.858642888216288,2.6772377455769447e-38,84.0,-149.0,979.0,7.875,11.875,-25.5,-0.6875,4.9375,-126.25,249.0625,1.6875,2.5,-6.103515625e-05,-0.02679443359375,0.82330322265625,0.56695556640625,55.0,-106.0,0.0,29.0,-43.0,979.0,2627,3590,290,
85,7.822782278060913,0.08700895309448242,11.493070131692159,10.865699309871314,2.6772377455769447e-38,91.0,-148.0,970.0,7.375,14.875,-24.6875,-0.9375,4.8125,-126.0625,258.875,1.75,2.25,-0.0006103515625,-0.025390625,0.77203369140625,0.63507080078125,60.0,-109.0,-9.0,30.0,-39.0,979.0,2623,3478,66,
86,7.912791013717651,0.09000873565673828,11.110032739640394,10.868478625419273,2.6772377455769447e-38,88.0,-156.0,977.0,6.1875,17.25,-26.6875,-0.6875,5.5,-125.75,268.625,1.75,2.0,-0.0013427734375,-0.0235595703125,0.70782470703125,0.70599365234375,74.0,-110.0,6.0,30.0,-34.0,979.0,2652,3524,49,
87,8.00480031967163,0.09200930595397949,10.86846585387974,10.868478478619798,2.6777399709465587e-38,89.0,-142.0,984.0,2.75,22.0,-28.25,-0.5,5.125,-125.6875,280.8125,1.6875,1.625,-0.00164794921875,-0.02099609375,0.63714599609375,0.7705078125,60.0,-113.0,4.0,29.0,-28.0,979.0,2781,3588,24,
88,8.105810403823853,0.10101008415222168,9.900001652241029,10.856409861065426,2.6777399709465587e-38,91.0,-140.0,977.0,-4.5,22.5625,-28.25,-0.625,4.4375,-125.625,292.9375,1.5625,1.3125,-0.00213623046875,-0.01812744140625,0.55194091796875,0.83367919921875,64.0,-117.0,-2.0,27.0,-23.0,980.0,2787,3579,-37,
89,8.193819046020508,0.08800864219665527,11.362520487084671,10.861845923144303,2.6777399709465587e-38,91.0,-136.0,985.0,-9.5625,21.5,-27.0625,-0.75,4.5,-125.25,303.875,1.375,1.125,-0.00286865234375,-0.015625,0.47003173828125,0.88250732421875,67.0,-117.0,5.0,24.0,-19.0,980.0,2889,3564,-143,
90,8.285828351974487,0.09200930595397949,10.86846585387974,10.861919433625882,2.6777399709465587e-38,92.0,-146.0,964.0,-15.0625,17.375,-24.25,-0.0625,4.9375,-125.1875,316.0,1.125,0.8125,-0.003173828125,-0.0126953125,0.3839111328125,0.92730712890625,71.0,-131.0,-16.0,20.0,-15.0,980.0,3024,3481,-126,
91,8.379837989807129,0.0940096378326416,10.637207238051761,10.859398488453888,2.67630504131909e-38,93.0,-134.0,960.0,-18.6875,13.5625,-21.875,0.25,4.3125,-125.1875,326.9375,0.8125,0.625,-0.00347900390625,-0.00885009765625,0.2843017578125,0.95867919921875,75.0,-121.0,-18.0,14.0,-11.0,980.0,3028,3328,-79,
92,8.465846538543701,0.08600854873657227,11.626751232168894,10.867194388787714,2.67630504131909e-38,88.0,-128.0,980.0,-18.6875,11.0,-20.0625,-0.375,5.0,-124.9375,337.8125,0.5,0.5,-0.0037841796875,-0.00531005859375,0.19207763671875,0.98138427734375,83.0,-119.0,-6.0,8.0,-9.0,980.0,3117,3290,-83,
93,8.554855346679688,0.08900880813598633,11.234843168242573,10.87101958259238,2.67630504131909e-38,82.0,-124.0,975.0,-20.1875,8.0,-18.375,-0.875,4.9375,-124.875,347.5,0.1875,0.4375,-0.00408935546875,-0.00250244140625,0.10858154296875,0.99407958984375,78.0,-116.0,-5.0,4.0,-8.0,980.0,3146,3270,-159,
94,8.646864652633667,0.09200930595397949,10.86846585387974,10.870992408950153,2.67630504131909e-38,74.0,-121.0,985.0,-20.5,5.6875,-18.75,-0.9375,4.6875,-124.75,358.375,0.0,0.5625,-0.0050048828125,0.00042724609375,0.0137939453125,0.9998779296875,75.0,-111.0,5.0,-1.0,-9.0,980.0,3208,3220,-226,
95,8.737873554229736,0.09100890159606934,10.987936151986148,10.872210430879194,2.6767355202073307e-38,81.0,-122.0,972.0,-21.1875,3.5625,-19.25,-0.3125,4.4375,-124.6875,10.5,-0.3125,0.625,-0.00543212890625,0.003662109375,-0.091552734375,0.99578857421875,115.0,-113.0,5.0,-6.0,-11.0,980.0,3242,3151,-261,
96,8.828882694244385,0.09100914001464844,10.987907366656188,10.873403048222979,2.6767355202073307e-38,80.0,-120.0,963.0,-21.5625,0.5625,-20.0625,0.0,5.25,-124.8125,21.375,-0.625,0.75,-0.00543212890625,0.00689697265625,-0.185546875,0.98260498046875,97.0,-109.0,-16.0,-11.0,-12.0,980.0,3222,3174,-245,
97,8.921892166137695,0.09300947189331055,10.751593140396299,10.872133197053815,2.6767355202073307e-38,84.0,-120.0,983.0,-22.1875,-5.0,-21.375,-0.8125,4.5625,-124.625,32.25,-0.875,0.9375,-0.0057373046875,0.009765625,-0.27783203125,0.9605712890625,103.0,-114.0,-14.0,-15.0,-16.0,980.0,3171,3178,-185,
98,9.014901161193848,0.09300899505615234,10.75164826150707,10.870890123771675,2.6767355202073307e-38,124.0,-124.0,972.0,-21.0,-11.25,-20.75,-0.8125,4.0625,-124.8125,41.875,-1.0,1.125,-0.00634765625,0.0123291015625,-0.3577880859375,0.9337158203125,88.0,-105.0,-4.0,-18.0,-20.0,980.0,3135,3116,-49,
99,9.103910207748413,0.08900904655456543,11.234813074724574,10.874448203118291,2.676663773725957e-38,60.0,-126.0,983.0,-19.5,-15.6875,-21.6875,-0.5,4.4375,-125.1875,54.0,-1.1875,1.4375,-0.0064697265625,0.015380859375,-0.45416259765625,0.8907470703125,81.0,-101.0,3.0,-21.0,-24.0,980.0,3095,3097,61,
100,9.196919441223145,0.09300923347473145,10.751620700881036,10.873206038075342,2.676663773725957e-38,82.0,-117.0,977.0,-15.75,-19.6875,-21.5625,-0.375,4.75,-125.0,64.875,-1.3125,1.6875,-0.0062255859375,0.01800537109375,-0.53662109375,0.8436279296875,105.0,-87.0,-2.0,-23.0,-29.0,979.0,3061,3130,199,
101,9.294929504394531,0.09801006317138672,10.2030339298051,10.866139431423166,2.676663773725957e-38,65.0,-126.0,982.0,-10.25,-22.5625,-23.1875,-0.8125,4.875,-125.125,77.0,-1.375,2.0,-0.00604248046875,0.020751953125,-0.6226806640625,0.78216552734375,89.0,-91.0,2.0,-24.0,-34.0,979.0,3023,3137,143,
102,9.38493824005127,0.09000873565673828,11.110032739640394,10.868478554787249,2.676663773725957e-38,93.0,-123.0,980.0,-2.1875,-24.5,-23.5625,-0.5625,4.4375,-125.25,86.75,-1.375,2.3125,-0.00616455078125,0.0230712890625,-0.69427490234375,0.7193603515625,117.0,-83.0,1.0,-24.0,-40.0,979.0,2936,3158,155,
103,9.474947214126587,0.09000897407531738,11.110003311039003,10.870772962875517,2.6768790131700775e-38,80.0,-111.0,983.0,4.25,-23.5,-26.0,-0.6875,5.4375,-125.3125,97.625,-1.3125,2.5625,-0.00604248046875,0.02484130859375,-0.75262451171875,0.657958984375,115.0,-85.0,4.0,-23.0,-44.0,979.0,2885,3198,139,
106,9.675967454910278,0.05500531196594238,18.18006232960136,10.954976904785683,2.6768790131700775e-38,74.0,-131.0,957.0,17.875,-16.75,-29.75,-0.1875,4.6875,-125.625,123.1875,-1.0,3.125,-0.00518798828125,0.02838134765625,-0.8743896484375,0.4656982421875,99.0,-82.0,0.0,-18.0,-53.0,979.0,2802,3171,197,
107,9.767976760864258,0.09200930595397949,10.86846585387974,10.954162015280305,2.6768790131700775e-38,57.0,-132.0,972.0,21.25,-12.5,-31.75,-0.125,6.1875,-126.0,134.1875,-0.8125,3.3125,-0.00439453125,0.02978515625,-0.92083740234375,0.3887939453125,72.0,-74.0,-6.0,-14.0,-57.0,978.0,2726,3119,236,
108,9.86198616027832,0.0940093994140625,10.637234215224801,10.95114090050113,2.6758745624308495e-38,54.0,-141.0,987.0,23.1875,-7.75,-32.25,-0.375,6.6875,-126.0625,146.375,-0.625,3.5,-0.00335693359375,0.03094482421875,-0.9569091796875,0.2886962890625,65.0,-81.0,8.0,-11.0,-59.0,978.0,2694,3160,354,
109,9.951995134353638,0.09000897407531738,11.110003311039003,10.9525777021071,2.6758745624308495e-38,63.0,-141.0,975.0,23.25,-2.1875,-32.875,-0.75,4.5625,-126.125,157.375,-0.3125,3.5625,-0.00299072265625,0.0316162109375,-0.98016357421875,0.19561767578125,70.0,-79.0,-2.0,-6.0,-61.0,978.0,2673,3210,425,
110,10.040003776550293,0.08800864219665527,11.362520487084671,10.956171177636307,2.6758745624308495e-38,83.0,-148.0,967.0,22.5,0.375,-32.0625,-1.25,4.125,-126.0625,167.1875,-0.0625,3.6875,-0.0029296875,0.032470703125,-0.99322509765625,0.11126708984375,88.0,-80.0,-8.0,-1.0,-63.0,978.0,2717,3284,469,
111,10.129012823104858,0.08900904655456543,11.234813074724574,10.958619752835403,2.6758745624308495e-38,81.0,-137.0,980.0,21.0625,5.1875,-33.25,-0.875,4.4375,-126.1875,178.1875,0.25,3.75,-0.00274658203125,0.03314208984375,-0.99932861328125,0.01544189453125,76.0,-72.0,1.0,4.0,-65.0,978.0,2627,3299,481,
112,10.217021465301514,0.08800864219665527,11.362520487084671,10.962098922897269,2.6758745624308495e-38,81.0,-145.0,977.0,16.6875,6.75,-30.875,-0.1875,5.25,-126.3125,189.25,0.5625,3.6875,-0.00225830078125,0.03289794921875,-0.9962158203125,-0.08062744140625,72.0,-81.0,-1.0,9.0,-63.0,978.0,2571,3342,499,
113,10.304030179977417,0.08700871467590332,11.493101624646176,10.966582786178103,2.677094252614198e-38,72.0,-146.0,974.0,14.5,9.6875,-30.875,-0.1875,4.9375,-126.3125,200.25,0.8125,3.5625,-0.001708984375,0.0322265625,-0.98388671875,-0.17596435546875,57.0,-84.0,-3.0,14.0,-61.0,978.0,2560,3381,452,
114,10.396039485931396,0.09200930595397949,10.86846585387974,10.965714410210955,2.677094252614198e-38,91.0,-151.0,984.0,13.25,10.5,-29.0,-0.8125,4.75,-126.1875,211.25,1.0625,3.4375,-0.00128173828125,0.0316162109375,-0.96246337890625,-0.26959228515625,72.0,-92.0,6.0,19.0,-59.0,978.0,2584,3498,450,
115,10.488048553466797,0.09200906753540039,10.868494016801671,10.964861519637708,2.677094252614198e-38,48.0,-135.0,982.0,10.375,12.375,-27.75,-0.5625,4.8125,-126.375,222.3125,1.3125,3.25,-0.000732421875,0.0308837890625,-0.93212890625,-0.36077880859375,25.0,-80.0,3.0,23.0,-55.0,978.0,2563,3420,288,
116,10.576057434082031,0.08800888061523438,11.362489705691127,10.968170390809572,2.677094252614198e-38,87.0,-160.0,961.0,8.0,10.6875,-25.75,0.0625,4.3125,-126.125,233.3125,1.5,2.9375,-0.00018310546875,0.02935791015625,-0.893310546875,-0.448486328125,61.0,-109.0,-17.0,26.0,-51.0,978.0,2523,3494,317,
117,10.669066667556763,0.09300923347473145,10.751620700881036,10.966282585503164,2.6765202807632104e-38,85.0,-152.0,962.0,7.5,13.0,-25.0,-0.625,4.5625,-126.125,245.5,1.625,2.625,0.00030517578125,0.0274658203125,-0.84051513671875,-0.54107666015625,56.0,-107.0,-16.0,28.0,-45.0,979.0,2544,3563,322,
118,10.760075807571411,0.09100914001464844,10.987907366656188,10.966465488743896,2.6765202807632104e-38,88.0,-149.0,985.0,7.375,14.5,-25.875,-1.3125,5.0625,-125.8125,256.5,1.75,2.375,0.0009765625,0.026123046875,-0.78485107421875,-0.619140625,58.0,-107.0,6.0,30.0,-41.0,979.0,2556,3454,89,
119,10.852084875106812,0.09200906753540039,10.868494016801671,10.965634840635058,2.6765202807632104e-38,96.0,-147.0,987.0,6.5,17.6875,-27.0625,-0.5,5.6875,-125.8125,267.5,1.75,2.125,0.00164794921875,0.0242919921875,-0.72210693359375,-0.69134521484375,66.0,-111.0,7.0,30.0,-36.0,979.0,2633,3510,50,
120,10.942094087600708,0.09000921249389648,11.109973882593517,10.966822167612397,2.6765202807632104e-38,89.0,-143.0,978.0,5.0,19.5,-28.25,-0.375,5.375,-125.6875,278.4375,1.6875,1.75,0.001953125,0.02178955078125,-0.65283203125,-0.7572021484375,59.0,-112.0,-1.0,29.0,-30.0,979.0,2733,3578,-14,
121,11.029102802276611,0.08700871467590332,11.493101624646176,10.970973992102364,2.676161548356343e-38,95.0,-139.0,967.0,-1.1875,21.5,-28.25,-0.625,4.875,-125.4375,288.1875,1.625,1.5,0.0023193359375,0.0196533203125,-0.58636474609375,-0.809814453125,64.0,-122.0,-10.0,28.0,-26.0,979.0,2786,3571,-102,
122,11.115111351013184,0.08600854873657227,11.626751232168894,10.976048385595277,2.676161548356343e-38,89.0,-141.0,976.0,-9.6875,21.875,-27.5,-0.875,5.6875,-125.25,299.0625,1.5,1.25,0.00299072265625,0.017333984375,-0.506591796875,-0.86199951171875,63.0,-119.0,-3.0,26.0,-22.0,980.0,2919,3625,-77,
123,11.208120584487915,0.09300923347473145,10.751620700881036,10.974185999589665,2.676161548356343e-38,104.0,-129.0,986.0,-15.75,17.75,-23.875,-0.25,4.25,-125.125,311.1875,1.3125,1.0,0.00341796875,0.0145263671875,-0.42236328125,-0.90631103515625,74.0,-118.0,2.0,23.0,-18.0,980.0,3056,3593,-45,
124,11.298129558563232,0.09000897407531738,11.110003311039003,10.97526801735215,2.676161548356343e-38,90.0,-135.0,990.0,-19.0,13.5625,-21.1875,0.0,5.0625,-125.0625,322.125,1.0,0.75,0.0037841796875,0.0111083984375,-0.33441162109375,-0.94586181640625,82.0,-110.0,17.0,18.0,-14.0,980.0,3075,3494,68,
125,11.386138439178467,0.08800888061523438,11.362489705691127,10.978261037990594,2.6770225061328244e-38,87.0,-129.0,962.0,-18.25,11.6875,-21.5,-0.1875,5.0,-125.0,331.75,0.6875,0.625,0.00396728515625,0.0076904296875,-0.2435302734375,-0.9698486328125,74.0,-118.0,-18.0,12.0,-11.0,980.0,3153,3415,37,
126,11.471147060394287,0.08500862121582031,11.763512755502704,10.984080261252366,2.6770225061328244e-38,92.0,-125.0,963.0,-19.75,9.1875,-18.75,-0.75,5.0625,-124.9375,342.6875,0.4375,0.5625,0.00439453125,0.004638671875,-0.150390625,-0.98858642578125,84.0,-115.0,-16.0,7.0,-9.0,980.0,3197,3324,21,
127,11.561155796051025,0.09000873565673828,11.110032739640394,10.985060857269973,2.6770225061328244e-38,84.0,-127.0,973.0,-21.25,5.0625,-19.25,-0.8125,3.8125,-125.0625,353.5625,0.125,0.5625,0.005126953125,0.00177001953125,-0.05596923828125,-0.9984130859375,84.0,-115.0,-1.0,2.0,-10.0,980.0,3238,3267,-131,
128,11.654165267944336,0.09300947189331055,10.751593140396299,10.983197599923669,2.6770225061328244e-38,86.0,-120.0,991.0,-22.375,3.6875,-19.25,-0.8125,4.6875,-124.5625,3.1875,-0.0625,0.625,0.00567626953125,-0.000732421875,0.02825927734375,-0.99957275390625,122.0,-111.0,6.0,-1.0,-11.0,980.0,3267,3205,-213,
129,11.742173910140991,0.08800864219665527,11.362520487084671,10.986040658841771,2.6770225061328244e-38,97.0,-114.0,984.0,-21.875,1.25,-20.0625,-0.3125,4.375,-124.875,15.3125,-0.375,0.6875,0.00579833984375,-0.004150390625,0.13323974609375,-0.99102783203125,104.0,-102.0,3.0,-6.0,-12.0,980.0,3288,3079,-266,
130,11.830182790756226,0.08800888061523438,11.362489705691127,10.988841195385278,2.675802815949476e-38,87.0,-117.0,965.0,-23.0,-4.25,-21.25,-0.3125,4.8125,-124.6875,26.1875,-0.625,0.8125,0.00567626953125,-0.00726318359375,0.22650146484375,-0.97393798828125,93.0,-104.0,-20.0,-11.0,-14.0,980.0,3218,3110,-206,
131,11.919191837310791,0.08900904655456543,11.234813074724574,10.990678041604223,2.675802815949476e-38,69.0,-121.0,985.0,-22.0625,-7.5,-20.75,-1.125,4.9375,-124.6875,37.0625,-0.875,1.0,0.00628662109375,-0.01025390625,0.31781005859375,-0.94805908203125,86.0,-107.0,-8.0,-15.0,-18.0,980.0,3190,3068,-100,
132,12.015201330184937,0.09600949287414551,10.415636725743928,10.986083076975646,2.675802815949476e-38,54.0,-123.0,969.0,-20.5625,-13.75,-22.0,-0.5625,6.125,-124.6875,46.6875,-1.0625,1.25,0.006591796875,-0.012939453125,0.39654541015625,-0.91790771484375,72.0,-101.0,-10.0,-18.0,-21.0,980.0,3110,3043,19,
133,12.113211154937744,0.09800982475280762,10.203058749692884,10.979747508635215,2.675802815949476e-38,81.0,-124.0,973.0,-16.1875,-18.1875,-22.75,0.0625,4.375,-124.9375,58.8125,-1.1875,1.5,0.00634765625,-0.01593017578125,0.49102783203125,-0.8709716796875,102.0,-98.0,-6.0,-21.0,-26.0,980.0,3066,3088,172,
134,12.20221996307373,0.08900880813598633,11.234843168242573,10.981608297958063,2.676448534281837e-38,75.0,-124.0,983.0,-12.0,-21.875,-22.75,-0.6875,4.6875,-125.1875,69.6875,-1.3125,1.75,0.00616455078125,-0.01849365234375,0.57147216796875,-0.82037353515625,98.0,-93.0,3.0,-22.0,-30.0,979.0,3029,3098,174,
135,12.290228843688965,0.08800888061523438,11.362489705691127,10.984335744840303,2.676448534281837e-38,41.0,-116.0,972.0,-6.1875,-24.5,-23.5625,-0.875,4.25,-125.4375,81.8125,-1.3125,2.0625,0.00616455078125,-0.02117919921875,0.65484619140625,-0.75543212890625,95.0,-82.0,5.0,-23.0,-36.0,979.0,2980,3122,133,
136,12.382237911224365,0.09200906753540039,10.868494016801671,10.98347495622883,2.676448534281837e-38,76.0,-109.0,983.0,2.5,-25.6875,-23.5625,-0.5,3.625,-125.4375,92.75,-1.3125,2.375,0.00604248046875,-0.02325439453125,0.7237548828125,-0.68963623046875,89.0,-91.0,-10.0,-22.0,-41.0,979.0,2927,3169,158,
137,12.473247289657593,0.09100937843322754,10.987878581477048,10.983507086690722,2.676448534281837e-38,91.0,-129.0,986.0,9.75,-24.25,-27.1875,-0.375,4.75,-125.4375,103.6875,-1.25,2.625,0.00567626953125,-0.02508544921875,0.78607177734375,-0.6175537109375,81.0,-90.0,-13.0,-21.0,-45.0,979.0,2895,3169,112,
138,12.563256025314331,0.09000873565673828,11.110032739640394,10.984413572559289,2.675587576505356e-38,87.0,-120.0,991.0,16.375,-19.6875,-29.1875,-0.25,4.625,-125.5,113.375,-1.125,2.8125,0.0052490234375,-0.02655029296875,0.83563232421875,-0.54864501953125,107.0,-70.0,12.0,-19.0,-49.0,979.0,2866,3139,172,
139,12.659265756607056,0.09600973129272461,10.41561086085216,10.980099689229911,2.675587576505356e-38,63.0,-134.0,975.0,19.6875,-15.25,-31.5,0.0,6.0625,-125.9375,125.5625,-1.0,3.0625,0.00439453125,-0.0281982421875,0.8890380859375,-0.45697021484375,81.0,-81.0,-3.0,-17.0,-53.0,979.0,2820,3095,218,
140,12.75427532196045,0.09500956535339355,10.52525602322716,10.976711452899757,2.675587576505356e-38,58.0,-135.0,993.0,20.75,-11.375,-32.1875,-0.5,4.75,-125.75,136.5625,-0.8125,3.25,0.00360107421875,-0.0294189453125,0.9285888671875,-0.369873046875,73.0,-79.0,15.0,-14.0,-56.0,978.0,2725,3048,215,
141,12.848284721374512,0.0940093994140625,10.637234215224801,10.974227537581825,2.675587576505356e-38,64.0,-131.0,976.0,22.875,-7.0,-33.5,-0.5625,4.125,-126.0,148.75,-0.625,3.4375,0.0028076171875,-0.0303955078125,0.962646484375,-0.26910400390625,74.0,-72.0,-2.0,-10.0,-58.0,978.0,2700,3102,308,
142,12.942294120788574,0.0940093994140625,10.637234215224801,10.971779707270935,2.676950759651451e-38,72.0,-146.0,959.0,22.1875,-2.5,-32.5625,-0.8125,5.125,-126.25,160.9375,-0.3125,3.5625,0.00244140625,-0.03143310546875,0.98577880859375,-0.1651611328125,94.0,-80.0,-7.0,-5.0,-61.0,978.0,2689,3196,394,
143,13.034303188323975,0.09200906753540039,10.868494016801671,10.971050614205312,2.676950759651451e-38,76.0,-145.0,983.0,21.0625,3.75,-32.75,-1.0625,4.25,-126.5,171.9375,0.0,3.6875,0.00238037109375,-0.03228759765625,0.99700927734375,-0.06988525390625,65.0,-84.0,0.0,0.0,-63.0,978.0,2732,3083,266,
144,13.124312400817871,0.09000921249389648,11.109973882593517,10.972003378327562,2.676950759651451e-38,66.0,-149.0,984.0,19.375,6.75,-32.0625,-0.5625,4.5625,-126.1875,182.9375,0.3125,3.6875,0.00201416015625,-0.03253173828125,0.9991455078125,0.0260009765625,63.0,-87.0,-9.0,5.0,-63.0,978.0,2668,3147,271,
145,13.212321043014526,0.08800864219665527,11.362520487084671,10.974604653333246,2.676950759651451e-38,71.0,-139.0,977.0,16.75,9.1875,-30.875,-0.1875,4.4375,-126.125,192.75,0.5625,3.625,0.00146484375,-0.0321044921875,0.9932861328125,0.111083984375,61.0,-77.0,0.0,9.0,-62.0,978.0,2615,3205,255,
146,13.298329591751099,0.08600854873657227,11.626751232168894,10.978822489898523,2.6763767878004635e-38,87.0,-152.0,981.0,13.75,10.375,-29.5625,-0.375,4.75,-126.4375,203.75,0.8125,3.5,0.0008544921875,-0.03143310546875,0.97808837890625,0.20587158203125,73.0,-92.0,2.0,14.0,-59.0,978.0,2614,3339,290,
147,13.394339323043823,0.09600973129272461,10.41561086085216,10.974785426489754,2.6763767878004635e-38,85.0,-145.0,987.0,11.0625,11.6875,-29.375,-0.6875,4.8125,-126.1875,214.75,1.0625,3.3125,0.0003662109375,-0.03057861328125,0.95062255859375,0.30889892578125,66.0,-88.0,8.0,19.0,-56.0,978.0,2659,3255,37,
148,13.487347602844238,0.09300827980041504,10.751730944232962,10.973247250540904,2.6763767878004635e-38,77.0,-154.0,965.0,8.5,12.5,-27.75,-0.375,5.625,-126.0625,225.75,1.25,3.125,-0.0003662109375,-0.02947998046875,0.9166259765625,0.39862060546875,55.0,-100.0,-13.0,22.0,-53.0,978.0,2670,3342,114,
149,13.582347869873047,0.0950002670288086,10.526286201877227,10.970121029700346,2.6763767878004635e-38,85.0,-150.0,968.0,8.0,12.25,-25.75,-0.25,4.6875,-125.75,237.9375,1.4375,2.8125,-0.0008544921875,-0.02789306640625,0.87432861328125,0.48455810546875,63.0,-103.0,-7.0,25.0,-48.0,979.0,2634,3439,114,
150,13.675347805023193,0.09299993515014648,10.752695670007947,10.968642416897243,2.6765202807632104e-38,78.0,-146.0,965.0,6.375,12.5625,-25.375,-0.875,3.75,-126.1875,250.1875,1.5625,2.5625,-0.001220703125,-0.0263671875,0.82391357421875,0.56610107421875,70.0,-111.0,2.0,27.0,-43.0,979.0,2614,3374,-69,
151,13.763347625732422,0.08799982070922852,11.363659515900926,10.971168069437212,2.6765202807632104e-38,95.0,-156.0,974.0,6.25,16.375,-27.0,-0.5,3.625,-125.9375,259.9375,1.625,2.3125,-0.0018310546875,-0.02496337890625,0.76605224609375,0.642333984375,66.0,-116.0,-5.0,28.0,-39.0,979.0,2677,3466,-12,
152,13.8573477268219,0.09400010108947754,10.63828643171471,10.968909996087707,2.6765202807632104e-38,102.0,-147.0,985.0,3.5625,19.875,-27.375,-0.1875,4.5,-125.6875,272.125,1.625,1.9375,-0.00238037109375,-0.0225830078125,0.69354248046875,0.72003173828125,74.0,-113.0,6.0,28.0,-34.0,979.0,2739,3550,-58,
153,13.944347620010376,0.08699989318847656,11.494266985289281,10.972187740102118,2.6765202807632104e-38,88.0,-137.0,986.0,0.5625,22.6875,-27.375,-1.0625,4.75,-125.5625,283.0625,1.5625,1.6875,-0.00286865234375,-0.020263671875,0.62176513671875,0.782958984375,60.0,-108.0,6.0,27.0,-29.0,979.0,2799,3542,-180,
154,14.034347772598267,0.09000015258789062,11.111092273131861,10.973078513892991,2.6770225061328244e-38,80.0,-136.0,968.0,-6.5625,21.5,-28.5625,-0.6875,4.625,-125.3125,294.0,1.5,1.4375,-0.00347900390625,-0.01800537109375,0.54449462890625,0.83856201171875,54.0,-111.0,-11.0,25.0,-24.0,980.0,2788,3617,-158,
155,14.133347749710083,0.0989999771118164,10.101012436301284,10.966969945473783,2.6770225061328244e-38,87.0,-141.0,968.0,-12.75,18.875,-25.375,-0.25,5.875,-124.9375,304.875,1.3125,1.1875,-0.0040283203125,-0.015380859375,0.46234130859375,0.8865966796875,71.0,-115.0,-5.0,23.0,-20.0,980.0,2937,3546,-190,
156,14.227347612380981,0.09399986267089844,10.638313414361951,10.964798516924198,2.6770225061328244e-38,98.0,-129.0,967.0,-16.75,17.0625,-23.0625,-0.1875,6.25,-124.75,317.0,1.0625,0.9375,-0.00445556640625,-0.01177978515625,0.3663330078125,0.930419921875,80.0,-113.0,-12.0,18.0,-16.0,980.0,3032,3415,-140,
157,14.315347671508789,0.08800005912780762,11.363628728335758,10.967250227004284,2.6770225061328244e-38,101.0,-125.0,976.0,-19.6875,12.375,-19.5,-0.3125,5.375,-124.875,327.875,0.75,0.75,-0.0047607421875,-0.0084228515625,0.2764892578125,0.96099853515625,88.0,-112.0,-3.0,13.0,-13.0,980.0,3122,3374,-97,
158,14.398347854614258,0.08300018310546875,12.048166191745565,10.973481235165847,2.6770225061328244e-38,93.0,-127.0,978.0,-19.6875,10.875,-20.25,-0.75,4.375,-124.9375,337.5625,0.5,0.6875,-0.00506591796875,-0.00567626953125,0.1944580078125,0.98089599609375,84.0,-115.0,-2.0,9.0,-11.0,980.0,3179,3324,-92,
159,14.486347675323486,0.08799982070922852,11.363659515900926,10.975851440514973,2.6775247315024384e-38,92.0,-124.0,979.0,-20.375,6.0625,-18.0,-0.75,3.4375,-125.125,348.4375,0.25,0.625,-0.00567626953125,-0.00286865234375,0.10064697265625,0.994873046875,88.0,-112.0,-1.0,4.0,-11.0,980.0,3221,3208,-56,
160,14.58434772491455,0.09800004959106445,10.204076469071287,10.970665470809559,2.6775247315024384e-38,91.0,-119.0,979.0,-21.5625,5.0,-18.75,-0.8125,5.1875,-124.625,0.5,0.0,0.75,-0.006591796875,0.000244140625,-0.004638671875,0.99993896484375,91.0,-106.0,-1.0,0.0,-12.0,980.0,3261,3147,-128,
161,14.676347732543945,0.09200000762939453,10.869564315997886,10.970031709114652,2.6775247315024384e-38,86.0,-118.0,970.0,-22.1875,0.75,-19.5,-0.1875,4.6875,-124.5625,11.375,-0.25,0.75,-0.006591796875,0.0032958984375,-0.09930419921875,0.99505615234375,91.0,-104.0,-10.0,-5.0,-13.0,980.0,3286,3048,-174,
162,14.766347885131836,0.09000015258789062,11.111092273131861,10.970891466204518,2.6775247315024384e-38,82.0,-121.0,973.0,-22.875,-3.1875,-20.0625,-0.25,4.375,-124.625,22.25,-0.5,0.8125,-0.00653076171875,0.0062255859375,-0.19305419921875,0.98114013671875,91.0,-106.0,-6.0,-9.0,-14.0,980.0,3229,3107,-136,
163,14.8573477268219,0.09099984169006348,10.989030106292951,10.971002563649828,2.676448534281837e-38,73.0,-122.0,983.0,-22.0,-9.5,-21.25,-1.1875,5.0625,-124.625,33.125,-0.75,1.0625,-0.007080078125,0.00909423828125,-0.28509521484375,0.95843505859375,86.0,-103.0,3.0,-13.0,-18.0,980.0,3202,3032,49,
164,14.951347827911377,0.09400010108947754,10.63828643171471,10.96891075558035,2.676448534281837e-38,46.0,-125.0,969.0,-20.875,-10.1875,-22.0,-0.6875,5.875,-124.6875,44.0,-0.9375,1.3125,-0.00750732421875,0.0120849609375,-0.3746337890625,0.92706298828125,62.0,-102.0,-10.0,-16.0,-22.0,980.0,3137,3015,162,
165,15.041347742080688,0.08999991416931152,11.11112170750251,10.969761674905293,2.676448534281837e-38,78.0,-118.0,981.0,-17.875,-17.5,-22.375,-0.25,5.125,-124.6875,54.875,-1.0625,1.5,-0.00732421875,0.01470947265625,-0.4608154296875,0.8873291015625,97.0,-92.0,0.0,-19.0,-26.0,980.0,3104,3060,276,
168,15.235347747802734,0.04999995231628418,20.000019073504518,11.026988210638594,2.676807266688704e-38,45.0,-113.0,977.0,-5.0625,-25.0,-23.5625,-0.875,4.0,-125.0625,79.0625,-1.25,2.0625,-0.00701904296875,0.02020263671875,-0.63653564453125,0.77093505859375,67.0,-77.0,-2.0,-21.0,-35.0,979.0,3016,3102,249,
169,15.326347827911377,0.09100008010864258,10.989001315231004,11.026762663720046,2.676807266688704e-38,71.0,-119.0,978.0,3.0,-25.5,-25.1875,-0.75,3.5625,-125.0625,90.0,-1.1875,2.375,-0.00714111328125,0.02239990234375,-0.7069091796875,0.7069091796875,92.0,-78.0,0.0,-21.0,-40.0,979.0,2949,3172,247,
170,15.418347835540771,0.09200000762939453,10.869564315997886,11.025824674167337,2.676807266688704e-38,90.0,-127.0,983.0,10.5625,-22.875,-27.0625,-0.4375,4.5,-125.3125,100.875,-1.125,2.625,-0.00689697265625,0.0242919921875,-0.77093505859375,0.6363525390625,95.0,-88.0,1.0,-19.0,-45.0,979.0,2888,3157,137,
171,15.515347719192505,0.0969998836517334,10.309290716166029,11.021344999472541,2.676807266688704e-38,56.0,-127.0,962.0,16.0625,-20.0625,-29.5,0.125,5.625,-125.5625,113.0625,-1.0,2.875,-0.0062255859375,0.026123046875,-0.833984375,0.5511474609375,101.0,-78.0,-5.0,-18.0,-49.0,979.0,2854,3136,164,
172,15.608347654342651,0.09299993515014648,10.752695670007947,11.01974429382633,2.6767355202073307e-38,61.0,-135.0,981.0,19.375,-15.6875,-30.6875,0.0,6.1875,-125.6875,122.8125,-0.9375,3.0625,-0.0054931640625,0.02740478515625,-0.87774658203125,0.47833251953125,81.0,-84.0,-8.0,-15.0,-52.0,979.0,2818,3086,209,
173,15.700347661972046,0.09200000762939453,10.869564315997886,11.018864277701624,2.6767355202073307e-38,63.0,-135.0,992.0,21.6875,-12.1875,-30.875,-0.5,4.0,-125.6875,135.0,-0.75,3.25,-0.00469970703125,0.02874755859375,-0.92352294921875,0.38250732421875,76.0,-80.0,13.0,-13.0,-55.0,979.0,2723,3066,231,
174,15.793347835540771,0.09300017356872559,10.752668104011834,11.017296763922134,2.6767355202073307e-38,71.0,-134.0,972.0,23.25,-6.6875,-32.0625,-0.4375,4.6875,-126.0625,147.1875,-0.5,3.375,-0.00396728515625,0.02978515625,-0.9588623046875,0.2822265625,74.0,-76.0,5.0,-9.0,-58.0,978.0,2693,3127,304,
175,15.885347843170166,0.09200000762939453,10.869564315997886,11.016441171304944,2.6767355202073307e-38,66.0,-148.0,955.0,23.0,-3.0,-33.5625,-0.6875,4.8125,-126.1875,158.1875,-0.25,3.5,-0.00341796875,0.03045654296875,-0.98150634765625,0.1890869140625,92.0,-81.0,-17.0,-4.0,-59.0,978.0,2681,3210,381,
176,15.974347829818726,0.08899998664855957,11.235956741755135,11.01766418729579,2.677309492058318e-38,83.0,-137.0,992.0,21.875,3.0625,-33.1875,-0.9375,3.875,-126.3125,169.1875,0.0,3.5625,-0.00323486328125,0.03131103515625,-0.99505615234375,0.0941162109375,56.0,-82.0,-2.0,0.0,-61.0,978.0,2725,3093,259,
177,16.063347816467285,0.08899998664855957,11.235956741755135,11.018873650892939,2.677309492058318e-38,67.0,-150.0,985.0,19.6875,6.375,-31.25,-0.625,4.5,-126.3125,178.9375,0.25,3.625,-0.0028076171875,0.0316162109375,-0.99945068359375,0.0089111328125,63.0,-88.0,7.0,4.0,-62.0,978.0,2655,3157,268,
178,16.15534782409668,0.09200000762939453,10.869564315997886,11.018023377652211,2.677309492058318e-38,75.0,-139.0,976.0,18.25,8.0,-31.25,-0.375,4.5,-126.125,189.9375,0.5625,3.5,-0.00225830078125,0.03125,-0.9957275390625,-0.08697509765625,65.0,-79.0,-2.0,9.0,-60.0,978.0,2601,3267,305,
179,16.24434757232666,0.08899974822998047,11.235986841400297,11.019217558785712,2.677309492058318e-38,82.0,-148.0,978.0,14.5625,10.25,-30.75,-0.4375,4.3125,-126.25,202.1875,0.8125,3.375,-0.00152587890625,0.03045654296875,-0.9808349609375,-0.19256591796875,69.0,-95.0,6.0,14.0,-58.0,978.0,2607,3367,293,
180,16.3333477973938,0.08900022506713867,11.23592664227124,11.020398404099456,2.6783856892789196e-38,66.0,-152.0,961.0,10.375,12.6875,-29.25,-0.6875,4.625,-126.0625,213.1875,1.0625,3.1875,-0.00091552734375,0.029541015625,-0.95782470703125,-0.2857666015625,66.0,-90.0,3.0,18.0,-54.0,978.0,2707,3326,16,
181,16.42234778404236,0.08899998664855957,11.235956741755135,11.021566610340466,2.6783856892789196e-38,78.0,-146.0,982.0,8.0625,11.375,-26.5625,-0.625,5.625,-126.0625,208.1875,1.1875,3.0625,-0.0003662109375,0.02874755859375,-0.933837890625,-0.3564453125,65.0,-111.0,-1.0,20.0,-52.0,979.0,2690,3380,68,
182,16.513347864151,0.09100008010864258,10.989001315231004,11.021387152819914,2.6783856892789196e-38,80.0,-149.0,987.0,7.5625,13.375,-27.0,-0.4375,5.5,-125.9375,233.9375,1.3125,2.75,0.00048828125,0.027099609375,-0.89068603515625,-0.45379638671875,57.0,-101.0,8.0,23.0,-47.0,979.0,2642,3476,117,
183,16.60834765434265,0.09499979019165039,10.526339036987586,11.018555476357111,2.6783856892789196e-38,88.0,-148.0,981.0,7.1875,12.5625,-25.375,-0.6875,5.125,-125.9375,244.9375,1.4375,2.5,0.00115966796875,0.025634765625,-0.8431396484375,-0.53704833984375,63.0,-105.0,2.0,25.0,-43.0,979.0,2620,3447,-11,
184,16.707347631454468,0.0989999771118164,10.101012436301284,11.01311854274153,2.677596477983812e-38,93.0,-149.0,980.0,6.25,14.0,-25.375,-0.75,3.9375,-125.75,257.1875,1.5,2.25,0.0020751953125,0.02410888671875,-0.78131103515625,-0.6236572265625,67.0,-109.0,1.0,26.0,-39.0,979.0,2671,3509,5,
185,16.801347732543945,0.09400010108947754,10.63828643171471,11.011021433813784,2.677596477983812e-38,110.0,-143.0,986.0,6.1875,18.375,-26.1875,-0.375,4.1875,-125.5625,269.375,1.5,2.0,0.00274658203125,0.02203369140625,-0.71075439453125,-0.70306396484375,84.0,-108.0,6.0,26.0,-34.0,979.0,2775,3598,-87,
186,16.89334774017334,0.09200000762939453,10.869564315997886,11.010251068098329,2.677596477983812e-38,89.0,-139.0,975.0,1.0,21.5,-28.1875,-0.625,4.25,-125.4375,281.5,1.4375,1.6875,0.0032958984375,0.01953125,-0.63232421875,-0.7744140625,60.0,-108.0,7.0,25.0,-29.0,979.0,2838,3637,-102,
187,16.986347675323486,0.09299993515014648,10.752695670007947,11.008840957121102,2.677596477983812e-38,89.0,-138.0,969.0,-7.5,22.1875,-27.75,-0.75,3.9375,-125.1875,292.4375,1.375,1.4375,0.00396728515625,0.01727294921875,-0.55572509765625,-0.8311767578125,67.0,-111.0,-8.0,23.0,-25.0,980.0,2832,3695,-93,
188,17.0833477973938,0.0970001220703125,10.309265376750039,11.004868731214435,2.676807266688704e-38,90.0,-144.0,968.0,-13.5625,18.875,-25.0,-0.5625,5.875,-125.0,304.5625,1.1875,1.1875,0.00457763671875,0.01507568359375,-0.4835205078125,-0.87518310546875,74.0,-112.0,5.0,21.0,-22.0,980.0,2982,3592,-96,
189,17.176347732543945,0.09299993515014648,10.752695670007947,11.00350336072334,2.676807266688704e-38,95.0,-130.0,971.0,-16.75,15.0,-22.25,-0.0625,6.0625,-124.8125,314.25,1.0,1.0,0.00506591796875,0.0115966796875,-0.38848876953125,-0.92138671875,78.0,-112.0,-8.0,17.0,-17.0,980.0,3066,3434,-83,
190,17.263347625732422,0.08699989318847656,11.494266985289281,11.005976599624836,2.676807266688704e-38,99.0,-124.0,971.0,-19.375,10.875,-19.1875,0.0,6.125,-124.875,325.125,0.6875,0.875,0.0054931640625,0.00830078125,-0.29931640625,-0.9541015625,86.0,-109.0,-8.0,12.0,-15.0,980.0,3147,3369,-74,
191,17.35234761238098,0.08899998664855957,11.235956741755135,11.007156165066714,2.676807266688704e-38,89.0,-126.0,983.0,-20.1875,9.875,-20.0,-0.6875,4.4375,-124.875,336.0,0.4375,0.75,0.00592041015625,0.0052490234375,-0.20751953125,-0.97821044921875,82.0,-113.0,3.0,7.0,-13.0,980.0,3190,3307,-63,
192,17.436347723007202,0.0840001106262207,11.904746226463292,11.01148033120816,2.676807266688704e-38,93.0,-117.0,970.0,-20.5,6.875,-18.75,-0.8125,3.3125,-124.875,345.6875,0.1875,0.75,0.0067138671875,0.0025634765625,-0.11383056640625,-0.99346923828125,79.0,-117.0,-14.0,3.0,-13.0,980.0,3229,3178,-53,
193,17.52334761619568,0.08699989318847656,11.494266985289281,11.013877269753113,2.676807266688704e-38,108.0,-122.0,988.0,-20.75,3.875,-19.1875,-1.0,3.75,-124.8125,356.5625,0.0,0.8125,0.0074462890625,0.00030517578125,-0.02972412109375,-0.99951171875,108.0,-107.0,8.0,0.0,-14.0,980.0,3268,3125,-138,
194,17.62034773826599,0.0970001220703125,10.309265376750039,11.009998376972522,2.676807266688704e-38,95.0,-109.0,981.0,-21.875,0.0625,-18.6875,-0.0625,5.25,-124.5,8.625,-0.25,0.875,0.00762939453125,-0.00299072265625,0.07550048828125,-0.99713134765625,100.0,-94.0,0.0,-4.0,-15.0,980.0,3288,3034,-182,
